Date,Time,Site Name,Agency Name,Material,Ticket No,Vehicle No,Transfer Party Name,First Weight,First Timestamp,Second Weight,Second Timestamp,Net Weight,Material Type,First Front Image,First Back Image,Second Front Image,Second Back Image,Site Incharge,User Name
19-03-2026,09:28:09,Kurnool,Saurashtra Enviro Projects Pvt. Ltd.,Legacy/MSW,T0001,AP27TZ1494,Phase3,27390.00,19-03-2026 09:16:53,10250.00,19-03-2026 09:28:02,17140.00,Legacy/MSW,Kurnool_AP27TZ1494_20260319_091656_1st_front.jpg,Kurnool_AP27TZ1494_20260319_091658_1st_back.jpg,Kurnool_AP27TZ1494_20260319_092806_2nd_front.jpg,Kurnool_AP27TZ1494_20260319_092808_2nd_back.jpg,Mahesh,admin
19-03-2026,09:30:32,Kurnool,Saurashtra Enviro Projects Pvt. Ltd.,Legacy/MSW,T0002,AP26TF2425,Phase3,27020.00,19-03-2026 09:19:26,10010.00,19-03-2026 09:30:23,17010.00,Legacy/MSW,Kurnool_AP26TF2425_20260319_091930_1st_front.jpg,Kurnool_AP26TF2425_20260319_091932_1st_back.jpg,Kurnool_AP26TF2425_20260319_093029_2nd_front.jpg,Kurnool_AP26TF2425_20260319_093030_2nd_back.jpg,Mahesh,admin
19-03-2026,09:33:27,Kurnool,Saurashtra Enviro Projects Pvt. Ltd.,Legacy/MSW,T0003,AP39UX6276,Phase3,27430.00,19-03-2026 09:24:13,10320.00,19-03-2026 09:33:21,17110.00,Legacy/MSW,Kurnool_AP39UX6276_20260319_092416_1st_front.jpg,Kurnool_AP39UX6276_20260319_092418_1st_back.jpg,Kurnool_AP39UX6276_20260319_093325_2nd_front.jpg,Kurnool_AP39UX6276_20260319_093326_2nd_back.jpg,Mahesh,admin
19-03-2026,09:37:23,Kurnool,Saurashtra Enviro Projects Pvt. Ltd.,Legacy/MSW,T0004,AP21TE4795,Phase3,26720.00,19-03-2026 09:29:33,10100.00,19-03-2026 09:37:18,16620.00,Legacy/MSW,Kurnool_AP21TE4795_20260319_092941_1st_front.jpg,Kurnool_AP21TE4795_20260319_092943_1st_back.jpg,Kurnool_AP21TE4795_20260319_093721_2nd_front.jpg,Kurnool_AP21TE4795_20260319_093722_2nd_back.jpg,Mahesh,admin
19-03-2026,09:48:57,Kurnool,Saurashtra Enviro Projects Pvt. Ltd.,Legacy/MSW,T0005,AP39VA7251,Phase3,22560.00,19-03-2026 09:39:52,9970.00,19-03-2026 09:48:49,12590.00,Legacy/MSW,Kurnool_AP39VA7251_20260319_094000_1st_front.jpg,Kurnool_AP39VA7251_20260319_094001_1st_back.jpg,Kurnool_AP39VA7251_20260319_094854_2nd_front.jpg,Kurnool_AP39VA7251_20260319_094856_2nd_back.jpg,Mahesh,admin
19-03-2026,09:52:30,Kurnool,Saurashtra Enviro Projects Pvt. Ltd.,Legacy/MSW,T0006,AP26TF2425,Phase3,30200.00,19-03-2026 09:44:46,10050.00,19-03-2026 09:52:23,20150.00,Legacy/MSW,Kurnool_AP26TF2425_20260319_094451_1st_front.jpg,Kurnool_AP26TF2425_20260319_094453_1st_back.jpg,Kurnool_AP26TF2425_20260319_095227_2nd_front.jpg,Kurnool_AP26TF2425_20260319_095229_2nd_back.jpg,Mahesh,admin
19-03-2026,10:00:47,Kurnool,Saurashtra Enviro Projects Pvt. Ltd.,Legacy/MSW,T0007,AP27TZ1494,Phase3,25320.00,19-03-2026 09:53:21,10320.00,19-03-2026 10:00:37,15000.00,Legacy/MSW,Kurnool_AP27TZ1494_20260319_095327_1st_front.jpg,Kurnool_AP27TZ1494_20260319_095330_1st_back.jpg,Kurnool_AP27TZ1494_20260319_100044_2nd_front.jpg,Kurnool_AP27TZ1494_20260319_100045_2nd_back.jpg,Mahesh,admin
19-03-2026,10:06:15,Kurnool,Saurashtra Enviro Projects Pvt. Ltd.,Legacy/MSW,T0008,AP21TE4795,Phase3,25600.00,19-03-2026 09:56:35,10260.00,19-03-2026 10:06:08,15340.00,Legacy/MSW,Kurnool_AP21TE4795_20260319_095639_1st_front.jpg,Kurnool_AP21TE4795_20260319_095641_1st_back.jpg,Kurnool_AP21TE4795_20260319_100612_2nd_front.jpg,Kurnool_AP21TE4795_20260319_100614_2nd_back.jpg,Mahesh,admin
19-03-2026,10:11:33,Kurnool,Saurashtra Enviro Projects Pvt. Ltd.,Legacy/MSW,T0009,AP39VA7251,Phase3,26550.00,19-03-2026 10:01:28,10090.00,19-03-2026 10:11:25,16460.00,Legacy/MSW,Kurnool_AP39VA7251_20260319_100132_1st_front.jpg,Kurnool_AP39VA7251_20260319_100133_1st_back.jpg,Kurnool_AP39VA7251_20260319_101128_2nd_front.jpg,Kurnool_AP39VA7251_20260319_101130_2nd_back.jpg,Mahesh,admin
19-03-2026,10:15:24,Kurnool,Saurashtra Enviro Projects Pvt. Ltd.,Legacy/MSW,T0010,AP26TF2425,Phase3,33790.00,19-03-2026 10:07:57,10220.00,19-03-2026 10:15:17,23570.00,Legacy/MSW,Kurnool_AP26TF2425_20260319_100800_1st_front.jpg,Kurnool_AP26TF2425_20260319_100802_1st_back.jpg,Kurnool_AP26TF2425_20260319_101521_2nd_front.jpg,Kurnool_AP26TF2425_20260319_101523_2nd_back.jpg,Mahesh,admin
19-03-2026,10:21:25,Kurnool,Saurashtra Enviro Projects Pvt. Ltd.,Legacy/MSW,T0011,AP27TZ1494,Phase3,27150.00,19-03-2026 10:13:33,10280.00,19-03-2026 10:21:19,16870.00,Legacy/MSW,Kurnool_AP27TZ1494_20260319_101337_1st_front.jpg,Kurnool_AP27TZ1494_20260319_101339_1st_back.jpg,Kurnool_AP27TZ1494_20260319_102122_2nd_front.jpg,Kurnool_AP27TZ1494_20260319_102124_2nd_back.jpg,Mahesh,admin
19-03-2026,10:26:00,Kurnool,Saurashtra Enviro Projects Pvt. Ltd.,Legacy/MSW,T0012,AP21TE4795,Phase3,27500.00,19-03-2026 10:19:01,10090.00,19-03-2026 10:25:52,17410.00,Legacy/MSW,Kurnool_AP21TE4795_20260319_101905_1st_front.jpg,Kurnool_AP21TE4795_20260319_101906_1st_back.jpg,Kurnool_AP21TE4795_20260319_102556_2nd_front.jpg,Kurnool_AP21TE4795_20260319_102558_2nd_back.jpg,Mahesh,admin
19-03-2026,10:32:44,Kurnool,Saurashtra Enviro Projects Pvt. Ltd.,Legacy/MSW,T0013,AP39VA7251,Phase3,24390.00,19-03-2026 10:23:20,10030.00,19-03-2026 10:32:33,14360.00,Legacy/MSW,Kurnool_AP39VA7251_20260319_102324_1st_front.jpg,Kurnool_AP39VA7251_20260319_102327_1st_back.jpg,Kurnool_AP39VA7251_20260319_103238_2nd_front.jpg,Kurnool_AP39VA7251_20260319_103241_2nd_back.jpg,Mahesh,admin
19-03-2026,10:35:51,Kurnool,Saurashtra Enviro Projects Pvt. Ltd.,Legacy/MSW,T0014,AP39UX6276,Phase3,27960.00,19-03-2026 10:27:37,10340.00,19-03-2026 10:35:39,17620.00,Legacy/MSW,Kurnool_AP39UX6276_20260319_102741_1st_front.jpg,Kurnool_AP39UX6276_20260319_102744_1st_back.jpg,Kurnool_AP39UX6276_20260319_103546_2nd_front.jpg,Kurnool_AP39UX6276_20260319_103548_2nd_back.jpg,Mahesh,admin
19-03-2026,10:40:36,Kurnool,Saurashtra Enviro Projects Pvt. Ltd.,Legacy/MSW,T0015,AP26TF2425,Phase3,31250.00,19-03-2026 10:31:39,10030.00,19-03-2026 10:40:25,21220.00,Legacy/MSW,Kurnool_AP26TF2425_20260319_103144_1st_front.jpg,Kurnool_AP26TF2425_20260319_103148_1st_back.jpg,Kurnool_AP26TF2425_20260319_104029_2nd_front.jpg,Kurnool_AP26TF2425_20260319_104032_2nd_back.jpg,Mahesh,admin
19-03-2026,10:44:38,Kurnool,Saurashtra Enviro Projects Pvt. Ltd.,Legacy/MSW,T0016,AP27TZ1494,Phase3,27980.00,19-03-2026 10:36:41,10220.00,19-03-2026 10:44:28,17760.00,Legacy/MSW,Kurnool_AP27TZ1494_20260319_103645_1st_front.jpg,Kurnool_AP27TZ1494_20260319_103646_1st_back.jpg,Kurnool_AP27TZ1494_20260319_104433_2nd_front.jpg,Kurnool_AP27TZ1494_20260319_104436_2nd_back.jpg,Mahesh,admin
19-03-2026,10:48:40,Kurnool,Saurashtra Enviro Projects Pvt. Ltd.,Legacy/MSW,T0017,AP21TE4795,Phase3,29560.00,19-03-2026 10:41:11,10010.00,19-03-2026 10:48:29,19550.00,Legacy/MSW,Kurnool_AP21TE4795_20260319_104116_1st_front.jpg,Kurnool_AP21TE4795_20260319_104118_1st_back.jpg,Kurnool_AP21TE4795_20260319_104835_2nd_front.jpg,Kurnool_AP21TE4795_20260319_104838_2nd_back.jpg,Mahesh,admin
19-03-2026,10:56:16,Kurnool,Saurashtra Enviro Projects Pvt. Ltd.,Legacy/MSW,T0018,AP39VA7251,Phase3,27750.00,19-03-2026 10:45:54,10090.00,19-03-2026 10:56:05,17660.00,Legacy/MSW,Kurnool_AP39VA7251_20260319_104559_1st_front.jpg,Kurnool_AP39VA7251_20260319_104602_1st_back.jpg,Kurnool_AP39VA7251_20260319_105611_2nd_front.jpg,Kurnool_AP39VA7251_20260319_105614_2nd_back.jpg,Mahesh,admin
19-03-2026,11:02:32,Kurnool,Saurashtra Enviro Projects Pvt. Ltd.,Legacy/MSW,T0019,AP39UX6276,Phase3,29290.00,19-03-2026 10:53:40,10330.00,19-03-2026 11:02:15,18960.00,Legacy/MSW,Kurnool_AP39UX6276_20260319_105344_1st_front.jpg,Kurnool_AP39UX6276_20260319_105346_1st_back.jpg,Kurnool_AP39UX6276_20260319_110226_2nd_front.jpg,Kurnool_AP39UX6276_20260319_110229_2nd_back.jpg,Mahesh,admin
19-03-2026,11:06:16,Kurnool,Saurashtra Enviro Projects Pvt. Ltd.,Legacy/MSW,T0020,AP27TZ1494,Phase3,30470.00,19-03-2026 10:58:45,10310.00,19-03-2026 11:06:08,20160.00,Legacy/MSW,Kurnool_AP27TZ1494_20260319_105850_1st_front.jpg,Kurnool_AP27TZ1494_20260319_105852_1st_back.jpg,Kurnool_AP27TZ1494_20260319_110613_2nd_front.jpg,Kurnool_AP27TZ1494_20260319_110615_2nd_back.jpg,Mahesh,admin
19-03-2026,11:11:41,Kurnool,Saurashtra Enviro Projects Pvt. Ltd.,Legacy/MSW,T0021,AP26TF2425,Phase3,32610.00,19-03-2026 11:05:05,10170.00,19-03-2026 11:11:34,22440.00,Legacy/MSW,Kurnool_AP26TF2425_20260319_110508_1st_front.jpg,Kurnool_AP26TF2425_20260319_110510_1st_back.jpg,Kurnool_AP26TF2425_20260319_111138_2nd_front.jpg,Kurnool_AP26TF2425_20260319_111140_2nd_back.jpg,Mahesh,admin
19-03-2026,11:21:02,Kurnool,Saurashtra Enviro Projects Pvt. Ltd.,Legacy/MSW,T0022,AP39VA7251,Phase3,27840.00,19-03-2026 11:09:56,10070.00,19-03-2026 11:20:56,17770.00,Legacy/MSW,Kurnool_AP39VA7251_20260319_111000_1st_front.jpg,Kurnool_AP39VA7251_20260319_111001_1st_back.jpg,Kurnool_AP39VA7251_20260319_112100_2nd_front.jpg,Kurnool_AP39VA7251_20260319_112101_2nd_back.jpg,Mahesh,admin
19-03-2026,11:23:12,Kurnool,Saurashtra Enviro Projects Pvt. Ltd.,Legacy/MSW,T0023,AP21TE4795,Phase3,27770.00,19-03-2026 11:15:37,10120.00,19-03-2026 11:23:06,17650.00,Legacy/MSW,Kurnool_AP21TE4795_20260319_111545_1st_front.jpg,Kurnool_AP21TE4795_20260319_111548_1st_back.jpg,Kurnool_AP21TE4795_20260319_112310_2nd_front.jpg,Kurnool_AP21TE4795_20260319_112311_2nd_back.jpg,Mahesh,admin
19-03-2026,11:31:03,Kurnool,Saurashtra Enviro Projects Pvt. Ltd.,Legacy/MSW,T0024,AP39UX6276,Phase3,30830.00,19-03-2026 11:21:48,10430.00,19-03-2026 11:30:57,20400.00,Legacy/MSW,Kurnool_AP39UX6276_20260319_112152_1st_front.jpg,Kurnool_AP39UX6276_20260319_112153_1st_back.jpg,Kurnool_AP39UX6276_20260319_113100_2nd_front.jpg,Kurnool_AP39UX6276_20260319_113102_2nd_back.jpg,Mahesh,admin
19-03-2026,11:35:04,Kurnool,Saurashtra Enviro Projects Pvt. Ltd.,Legacy/MSW,T0025,AP26TF2425,Phase3,33140.00,19-03-2026 11:24:20,10170.00,19-03-2026 11:34:58,22970.00,Legacy/MSW,Kurnool_AP26TF2425_20260319_112424_1st_front.jpg,Kurnool_AP26TF2425_20260319_112427_1st_back.jpg,Kurnool_AP26TF2425_20260319_113501_2nd_front.jpg,Kurnool_AP26TF2425_20260319_113502_2nd_back.jpg,Mahesh,admin
19-03-2026,11:37:32,Kurnool,Saurashtra Enviro Projects Pvt. Ltd.,Legacy/MSW,T0026,AP27TZ1494,Phase3,30430.00,19-03-2026 11:30:21,10330.00,19-03-2026 11:37:23,20100.00,Legacy/MSW,Kurnool_AP27TZ1494_20260319_113024_1st_front.jpg,Kurnool_AP27TZ1494_20260319_113026_1st_back.jpg,Kurnool_AP27TZ1494_20260319_113726_2nd_front.jpg,Kurnool_AP27TZ1494_20260319_113730_2nd_back.jpg,Mahesh,admin
19-03-2026,11:42:07,Kurnool,Saurashtra Enviro Projects Pvt. Ltd.,Legacy/MSW,T0027,AP39VA7251,Phase3,28520.00,19-03-2026 11:34:19,10080.00,19-03-2026 11:42:02,18440.00,Legacy/MSW,Kurnool_AP39VA7251_20260319_113422_1st_front.jpg,Kurnool_AP39VA7251_20260319_113423_1st_back.jpg,Kurnool_AP39VA7251_20260319_114205_2nd_front.jpg,Kurnool_AP39VA7251_20260319_114206_2nd_back.jpg,Mahesh,admin
19-03-2026,11:46:19,Kurnool,Saurashtra Enviro Projects Pvt. Ltd.,Legacy/MSW,T0028,AP21TE4795,Phase3,30560.00,19-03-2026 11:38:30,10190.00,19-03-2026 11:46:14,20370.00,Legacy/MSW,Kurnool_AP21TE4795_20260319_113834_1st_front.jpg,Kurnool_AP21TE4795_20260319_113835_1st_back.jpg,Kurnool_AP21TE4795_20260319_114617_2nd_front.jpg,Kurnool_AP21TE4795_20260319_114618_2nd_back.jpg,Mahesh,admin
19-03-2026,11:51:32,Kurnool,Saurashtra Enviro Projects Pvt. Ltd.,Legacy/MSW,T0029,AP39UX6276,Phase3,31280.00,19-03-2026 11:43:27,10350.00,19-03-2026 11:51:25,20930.00,Legacy/MSW,Kurnool_AP39UX6276_20260319_114331_1st_front.jpg,Kurnool_AP39UX6276_20260319_114332_1st_back.jpg,Kurnool_AP39UX6276_20260319_115128_2nd_front.jpg,Kurnool_AP39UX6276_20260319_115130_2nd_back.jpg,Mahesh,admin
19-03-2026,11:54:26,Kurnool,Saurashtra Enviro Projects Pvt. Ltd.,Legacy/MSW,T0030,AP26TF2425,Phase3,31390.00,19-03-2026 11:47:46,10150.00,19-03-2026 11:54:10,21240.00,Legacy/MSW,Kurnool_AP26TF2425_20260319_114749_1st_front.jpg,Kurnool_AP26TF2425_20260319_114750_1st_back.jpg,Kurnool_AP26TF2425_20260319_115415_2nd_front.jpg,Kurnool_AP26TF2425_20260319_115416_2nd_back.jpg,Mahesh,admin
19-03-2026,12:02:40,Kurnool,Saurashtra Enviro Projects Pvt. Ltd.,Legacy/MSW,T0031,AP27TZ1494,Phase3,31700.00,19-03-2026 11:55:50,10280.00,19-03-2026 12:02:35,21420.00,Legacy/MSW,Kurnool_AP27TZ1494_20260319_115554_1st_front.jpg,Kurnool_AP27TZ1494_20260319_115555_1st_back.jpg,Kurnool_AP27TZ1494_20260319_120238_2nd_front.jpg,Kurnool_AP27TZ1494_20260319_120239_2nd_back.jpg,Mahesh,admin
19-03-2026,12:06:11,Kurnool,Saurashtra Enviro Projects Pvt. Ltd.,Legacy/MSW,T0032,AP21TE4795,Phase3,28570.00,19-03-2026 11:58:15,10110.00,19-03-2026 12:06:05,18460.00,Legacy/MSW,Kurnool_AP21TE4795_20260319_115820_1st_front.jpg,Kurnool_AP21TE4795_20260319_115821_1st_back.jpg,Kurnool_AP21TE4795_20260319_120608_2nd_front.jpg,Kurnool_AP21TE4795_20260319_120610_2nd_back.jpg,Mahesh,admin
19-03-2026,12:10:58,Kurnool,Saurashtra Enviro Projects Pvt. Ltd.,Legacy/MSW,T0033,AP39UX6276,Phase3,30910.00,19-03-2026 12:03:28,10370.00,19-03-2026 12:10:52,20540.00,Legacy/MSW,Kurnool_AP39UX6276_20260319_120331_1st_front.jpg,Kurnool_AP39UX6276_20260319_120333_1st_back.jpg,Kurnool_AP39UX6276_20260319_121056_2nd_front.jpg,Kurnool_AP39UX6276_20260319_121057_2nd_back.jpg,Mahesh,admin
19-03-2026,12:16:09,Kurnool,Saurashtra Enviro Projects Pvt. Ltd.,Legacy/MSW,T0034,AP39VA7251,Phase3,28030.00,19-03-2026 12:08:12,9990.00,19-03-2026 12:15:55,18040.00,Legacy/MSW,Kurnool_AP39VA7251_20260319_120816_1st_front.jpg,Kurnool_AP39VA7251_20260319_120817_1st_back.jpg,Kurnool_AP39VA7251_20260319_121559_2nd_front.jpg,Kurnool_AP39VA7251_20260319_121601_2nd_back.jpg,Mahesh,admin
19-03-2026,12:21:20,Kurnool,Saurashtra Enviro Projects Pvt. Ltd.,Legacy/MSW,T0035,AP26TF2425,Phase3,28300.00,19-03-2026 12:13:58,10030.00,19-03-2026 12:20:45,18270.00,Legacy/MSW,Kurnool_AP26TF2425_20260319_121402_1st_front.jpg,Kurnool_AP26TF2425_20260319_121403_1st_back.jpg,Kurnool_AP26TF2425_20260319_122102_2nd_front.jpg,Kurnool_AP26TF2425_20260319_122103_2nd_back.jpg,Mahesh,admin
19-03-2026,12:31:13,Kurnool,Saurashtra Enviro Projects Pvt. Ltd.,Legacy/MSW,T0036,AP27TZ1494,Phase3,23390.00,19-03-2026 12:18:48,10230.00,19-03-2026 12:31:05,13160.00,Legacy/MSW,Kurnool_AP27TZ1494_20260319_121851_1st_front.jpg,Kurnool_AP27TZ1494_20260319_121853_1st_back.jpg,Kurnool_AP27TZ1494_20260319_123108_2nd_front.jpg,Kurnool_AP27TZ1494_20260319_123110_2nd_back.jpg,Mahesh,admin
19-03-2026,12:37:12,Kurnool,Saurashtra Enviro Projects Pvt. Ltd.,Legacy/MSW,T0037,AP21TE4795,Phase3,31910.00,19-03-2026 12:24:02,10150.00,19-03-2026 12:37:05,21760.00,Legacy/MSW,Kurnool_AP21TE4795_20260319_122413_1st_front.jpg,Kurnool_AP21TE4795_20260319_122415_1st_back.jpg,Kurnool_AP21TE4795_20260319_123708_2nd_front.jpg,Kurnool_AP21TE4795_20260319_123710_2nd_back.jpg,Mahesh,admin
19-03-2026,12:48:06,Kurnool,Saurashtra Enviro Projects Pvt. Ltd.,Legacy/MSW,T0038,AP39UX6276,Phase3,31720.00,19-03-2026 12:29:35,10320.00,19-03-2026 12:47:59,21400.00,Legacy/MSW,Kurnool_AP39UX6276_20260319_122938_1st_front.jpg,Kurnool_AP39UX6276_20260319_122939_1st_back.jpg,Kurnool_AP39UX6276_20260319_124803_2nd_front.jpg,Kurnool_AP39UX6276_20260319_124804_2nd_back.jpg,Mahesh,admin
19-03-2026,12:51:41,Kurnool,Saurashtra Enviro Projects Pvt. Ltd.,Legacy/MSW,T0039,AP39VA7251,Phase3,28350.00,19-03-2026 12:34:51,10030.00,19-03-2026 12:51:35,18320.00,Legacy/MSW,Kurnool_AP39VA7251_20260319_123456_1st_front.jpg,Kurnool_AP39VA7251_20260319_123457_1st_back.jpg,Kurnool_AP39VA7251_20260319_125138_2nd_front.jpg,Kurnool_AP39VA7251_20260319_125140_2nd_back.jpg,Mahesh,admin
19-03-2026,12:54:22,Kurnool,Saurashtra Enviro Projects Pvt. Ltd.,Legacy/MSW,T0040,AP26TF2425,Phase3,31440.00,19-03-2026 12:40:31,10140.00,19-03-2026 12:54:09,21300.00,Legacy/MSW,Kurnool_AP26TF2425_20260319_124034_1st_front.jpg,Kurnool_AP26TF2425_20260319_124036_1st_back.jpg,Kurnool_AP26TF2425_20260319_125415_2nd_front.jpg,Kurnool_AP26TF2425_20260319_125420_2nd_back.jpg,Mahesh,admin
19-03-2026,12:59:02,Kurnool,Saurashtra Enviro Projects Pvt. Ltd.,Legacy/MSW,T0041,AP27TZ1494,Phase3,26820.00,19-03-2026 12:46:29,10350.00,19-03-2026 12:58:35,16470.00,Legacy/MSW,Kurnool_AP27TZ1494_20260319_124633_1st_front.jpg,Kurnool_AP27TZ1494_20260319_124634_1st_back.jpg,Kurnool_AP27TZ1494_20260319_125859_2nd_front.jpg,Kurnool_AP27TZ1494_20260319_125900_2nd_back.jpg,Mahesh,admin
19-03-2026,14:06:14,Kurnool,Saurashtra Enviro Projects Pvt. Ltd.,Legacy/MSW,T0042,AP21TE4795,Phase3,27490.00,19-03-2026 12:50:42,10190.00,19-03-2026 14:06:02,17300.00,Legacy/MSW,Kurnool_AP21TE4795_20260319_125046_1st_front.jpg,Kurnool_AP21TE4795_20260319_125047_1st_back.jpg,Kurnool_AP21TE4795_20260319_140610_2nd_front.jpg,Kurnool_AP21TE4795_20260319_140612_2nd_back.jpg,Mahesh,admin
19-03-2026,14:13:57,Kurnool,Saurashtra Enviro Projects Pvt. Ltd.,Legacy/MSW,T0043,AP39UX6276,Phase3,29790.00,19-03-2026 14:04:19,10370.00,19-03-2026 14:13:44,19420.00,Legacy/MSW,Kurnool_AP39UX6276_20260319_140426_1st_front.jpg,Kurnool_AP39UX6276_20260319_140428_1st_back.jpg,Kurnool_AP39UX6276_20260319_141351_2nd_front.jpg,Kurnool_AP39UX6276_20260319_141355_2nd_back.jpg,Mahesh,admin
19-03-2026,14:22:08,Kurnool,Saurashtra Enviro Projects Pvt. Ltd.,Legacy/MSW,T0044,AP39VA7251,Phase3,26380.00,19-03-2026 14:07:03,10030.00,19-03-2026 14:21:57,16350.00,Legacy/MSW,Kurnool_AP39VA7251_20260319_140707_1st_front.jpg,Kurnool_AP39VA7251_20260319_140709_1st_back.jpg,Kurnool_AP39VA7251_20260319_142201_2nd_front.jpg,Kurnool_AP39VA7251_20260319_142206_2nd_back.jpg,Mahesh,admin
19-03-2026,14:24:21,Kurnool,Saurashtra Enviro Projects Pvt. Ltd.,Legacy/MSW,T0045,AP26TF2425,Phase3,29990.00,19-03-2026 14:15:59,10120.00,19-03-2026 14:23:50,19870.00,Legacy/MSW,Kurnool_AP26TF2425_20260319_141604_1st_front.jpg,Kurnool_AP26TF2425_20260319_141605_1st_back.jpg,Kurnool_AP26TF2425_20260319_142419_2nd_front.jpg,Kurnool_AP26TF2425_20260319_142420_2nd_back.jpg,Mahesh,admin
19-03-2026,14:28:28,Kurnool,Saurashtra Enviro Projects Pvt. Ltd.,Legacy/MSW,T0046,AP21TE4795,Phase3,28560.00,19-03-2026 14:20:45,10520.00,19-03-2026 14:28:16,18040.00,Legacy/MSW,Kurnool_AP21TE4795_20260319_142049_1st_front.jpg,Kurnool_AP21TE4795_20260319_142051_1st_back.jpg,Kurnool_AP21TE4795_20260319_142822_2nd_front.jpg,Kurnool_AP21TE4795_20260319_142824_2nd_back.jpg,Mahesh,admin
19-03-2026,14:35:24,Kurnool,Saurashtra Enviro Projects Pvt. Ltd.,Legacy/MSW,T0047,AP39UX6276,Phase3,30420.00,19-03-2026 14:25:29,10320.00,19-03-2026 14:35:17,20100.00,Legacy/MSW,Kurnool_AP39UX6276_20260319_142534_1st_front.jpg,Kurnool_AP39UX6276_20260319_142535_1st_back.jpg,Kurnool_AP39UX6276_20260319_143521_2nd_front.jpg,Kurnool_AP39UX6276_20260319_143522_2nd_back.jpg,Mahesh,admin
19-03-2026,14:41:51,Kurnool,Saurashtra Enviro Projects Pvt. Ltd.,Legacy/MSW,T0048,AP39VA7251,Phase3,23030.00,19-03-2026 14:32:37,10000.00,19-03-2026 14:41:44,13030.00,Legacy/MSW,Kurnool_AP39VA7251_20260319_143247_1st_front.jpg,Kurnool_AP39VA7251_20260319_143249_1st_back.jpg,Kurnool_AP39VA7251_20260319_144149_2nd_front.jpg,Kurnool_AP39VA7251_20260319_144150_2nd_back.jpg,Mahesh,admin
19-03-2026,14:45:24,Kurnool,Saurashtra Enviro Projects Pvt. Ltd.,Legacy/MSW,T0049,AP26TF2425,Phase3,31450.00,19-03-2026 14:36:42,10290.00,19-03-2026 14:45:05,21160.00,Legacy/MSW,Kurnool_AP26TF2425_20260319_143649_1st_front.jpg,Kurnool_AP26TF2425_20260319_143650_1st_back.jpg,Kurnool_AP26TF2425_20260319_144522_2nd_front.jpg,Kurnool_AP26TF2425_20260319_144523_2nd_back.jpg,Mahesh,admin
19-03-2026,14:49:17,Kurnool,Saurashtra Enviro Projects Pvt. Ltd.,Legacy/MSW,T0050,AP21TE4795,Phase3,28100.00,19-03-2026 14:40:45,10110.00,19-03-2026 14:49:03,17990.00,Legacy/MSW,Kurnool_AP21TE4795_20260319_144050_1st_front.jpg,Kurnool_AP21TE4795_20260319_144052_1st_back.jpg,Kurnool_AP21TE4795_20260319_144910_2nd_front.jpg,Kurnool_AP21TE4795_20260319_144912_2nd_back.jpg,Mahesh,admin
19-03-2026,14:53:16,Kurnool,Saurashtra Enviro Projects Pvt. Ltd.,Legacy/MSW,T0051,AP27TZ1494,Phase3,31150.00,19-03-2026 14:46:15,10570.00,19-03-2026 14:53:07,20580.00,Legacy/MSW,Kurnool_AP27TZ1494_20260319_144620_1st_front.jpg,Kurnool_AP27TZ1494_20260319_144621_1st_back.jpg,Kurnool_AP27TZ1494_20260319_145310_2nd_front.jpg,Kurnool_AP27TZ1494_20260319_145311_2nd_back.jpg,Mahesh,admin
19-03-2026,14:59:01,Kurnool,Saurashtra Enviro Projects Pvt. Ltd.,Legacy/MSW,T0052,AP39UX6276,Phase3,30680.00,19-03-2026 14:50:30,10500.00,19-03-2026 14:58:47,20180.00,Legacy/MSW,Kurnool_AP39UX6276_20260319_145034_1st_front.jpg,Kurnool_AP39UX6276_20260319_145035_1st_back.jpg,Kurnool_AP39UX6276_20260319_145854_2nd_front.jpg,Kurnool_AP39UX6276_20260319_145856_2nd_back.jpg,Mahesh,admin
19-03-2026,15:03:54,Kurnool,Saurashtra Enviro Projects Pvt. Ltd.,Legacy/MSW,T0053,AP39VA7251,Phase3,28170.00,19-03-2026 14:56:00,10230.00,19-03-2026 15:03:38,17940.00,Legacy/MSW,Kurnool_AP39VA7251_20260319_145607_1st_front.jpg,Kurnool_AP39VA7251_20260319_145608_1st_back.jpg,Kurnool_AP39VA7251_20260319_150349_2nd_front.jpg,Kurnool_AP39VA7251_20260319_150350_2nd_back.jpg,Mahesh,admin
19-03-2026,15:07:42,Kurnool,Saurashtra Enviro Projects Pvt. Ltd.,Legacy/MSW,T0054,AP26TF2425,Phase3,26250.00,19-03-2026 15:00:05,10070.00,19-03-2026 15:07:36,16180.00,Legacy/MSW,Kurnool_AP26TF2425_20260319_150010_1st_front.jpg,Kurnool_AP26TF2425_20260319_150011_1st_back.jpg,Kurnool_AP26TF2425_20260319_150739_2nd_front.jpg,Kurnool_AP26TF2425_20260319_150741_2nd_back.jpg,Mahesh,admin
19-03-2026,15:13:38,Kurnool,Saurashtra Enviro Projects Pvt. Ltd.,Legacy/MSW,T0055,AP21TE4795,Phase3,29210.00,19-03-2026 15:05:26,10140.00,19-03-2026 15:13:31,19070.00,Legacy/MSW,Kurnool_AP21TE4795_20260319_150534_1st_front.jpg,Kurnool_AP21TE4795_20260319_150536_1st_back.jpg,Kurnool_AP21TE4795_20260319_151335_2nd_front.jpg,Kurnool_AP21TE4795_20260319_151337_2nd_back.jpg,Mahesh,admin
19-03-2026,15:18:29,Kurnool,Saurashtra Enviro Projects Pvt. Ltd.,Legacy/MSW,T0056,AP27TZ1494,Phase3,30990.00,19-03-2026 15:10:09,10530.00,19-03-2026 15:18:20,20460.00,Legacy/MSW,Kurnool_AP27TZ1494_20260319_151013_1st_front.jpg,Kurnool_AP27TZ1494_20260319_151014_1st_back.jpg,Kurnool_AP27TZ1494_20260319_151825_2nd_front.jpg,Kurnool_AP27TZ1494_20260319_151827_2nd_back.jpg,Mahesh,admin
19-03-2026,15:22:15,Kurnool,Saurashtra Enviro Projects Pvt. Ltd.,Legacy/MSW,T0057,AP39UX6276,Phase3,30760.00,19-03-2026 15:15:35,10480.00,19-03-2026 15:22:08,20280.00,Legacy/MSW,Kurnool_AP39UX6276_20260319_151538_1st_front.jpg,Kurnool_AP39UX6276_20260319_151539_1st_back.jpg,Kurnool_AP39UX6276_20260319_152213_2nd_front.jpg,Kurnool_AP39UX6276_20260319_152214_2nd_back.jpg,Mahesh,admin
19-03-2026,15:27:49,Kurnool,Saurashtra Enviro Projects Pvt. Ltd.,Legacy/MSW,T0058,AP39VA7251,Phase3,27830.00,19-03-2026 15:19:31,10050.00,19-03-2026 15:27:42,17780.00,Legacy/MSW,Kurnool_AP39VA7251_20260319_151936_1st_front.jpg,Kurnool_AP39VA7251_20260319_151938_1st_back.jpg,Kurnool_AP39VA7251_20260319_152746_2nd_front.jpg,Kurnool_AP39VA7251_20260319_152748_2nd_back.jpg,Mahesh,admin
19-03-2026,15:33:52,Kurnool,Saurashtra Enviro Projects Pvt. Ltd.,Legacy/MSW,T0059,AP26TF2425,Phase3,21750.00,19-03-2026 15:23:16,10020.00,19-03-2026 15:33:43,11730.00,Legacy/MSW,Kurnool_AP26TF2425_20260319_152319_1st_front.jpg,Kurnool_AP26TF2425_20260319_152320_1st_back.jpg,Kurnool_AP26TF2425_20260319_153346_2nd_front.jpg,Kurnool_AP26TF2425_20260319_153348_2nd_back.jpg,Mahesh,admin
19-03-2026,15:44:17,Kurnool,Saurashtra Enviro Projects Pvt. Ltd.,Legacy/MSW,T0060,AP21TE4795,Phase3,27840.00,19-03-2026 15:28:27,10340.00,19-03-2026 15:44:10,17500.00,Legacy/MSW,Kurnool_AP21TE4795_20260319_152832_1st_front.jpg,Kurnool_AP21TE4795_20260319_152833_1st_back.jpg,Kurnool_AP21TE4795_20260319_154414_2nd_front.jpg,Kurnool_AP21TE4795_20260319_154416_2nd_back.jpg,Mahesh,admin
19-03-2026,15:48:50,Kurnool,Saurashtra Enviro Projects Pvt. Ltd.,Legacy/MSW,T0061,AP27TZ1494,Phase3,28840.00,19-03-2026 15:32:49,10100.00,19-03-2026 15:48:43,18740.00,Legacy/MSW,Kurnool_AP27TZ1494_20260319_153253_1st_front.jpg,Kurnool_AP27TZ1494_20260319_153255_1st_back.jpg,Kurnool_AP27TZ1494_20260319_154847_2nd_front.jpg,Kurnool_AP27TZ1494_20260319_154849_2nd_back.jpg,Mahesh,admin
19-03-2026,15:49:43,Kurnool,Saurashtra Enviro Projects Pvt. Ltd.,Legacy/MSW,T0062,AP39UX6276,Phase3,28500.00,19-03-2026 15:38:00,10500.00,19-03-2026 15:49:35,18000.00,Legacy/MSW,Kurnool_AP39UX6276_20260319_153806_1st_front.jpg,Kurnool_AP39UX6276_20260319_153807_1st_back.jpg,Kurnool_AP39UX6276_20260319_154940_2nd_front.jpg,Kurnool_AP39UX6276_20260319_154941_2nd_back.jpg,Mahesh,admin
19-03-2026,15:51:01,Kurnool,Saurashtra Enviro Projects Pvt. Ltd.,Legacy/MSW,T0063,AP39VA7251,Phase3,23780.00,19-03-2026 15:41:26,10180.00,19-03-2026 15:50:50,13600.00,Legacy/MSW,Kurnool_AP39VA7251_20260319_154131_1st_front.jpg,Kurnool_AP39VA7251_20260319_154133_1st_back.jpg,Kurnool_AP39VA7251_20260319_155055_2nd_front.jpg,Kurnool_AP39VA7251_20260319_155059_2nd_back.jpg,Mahesh,admin
19-03-2026,15:55:08,Kurnool,Saurashtra Enviro Projects Pvt. Ltd.,Legacy/MSW,T0064,AP26TF2425,Phase3,26950.00,19-03-2026 15:46:25,10070.00,19-03-2026 15:55:00,16880.00,Legacy/MSW,Kurnool_AP26TF2425_20260319_154629_1st_front.jpg,Kurnool_AP26TF2425_20260319_154631_1st_back.jpg,Kurnool_AP26TF2425_20260319_155504_2nd_front.jpg,Kurnool_AP26TF2425_20260319_155506_2nd_back.jpg,Mahesh,admin
19-03-2026,16:05:14,Kurnool,Saurashtra Enviro Projects Pvt. Ltd.,Legacy/MSW,T0065,AP27TZ1494,Phase3,24840.00,19-03-2026 15:54:02,10230.00,19-03-2026 16:05:05,14610.00,Legacy/MSW,Kurnool_AP27TZ1494_20260319_155406_1st_front.jpg,Kurnool_AP27TZ1494_20260319_155409_1st_back.jpg,Kurnool_AP27TZ1494_20260319_160512_2nd_front.jpg,Kurnool_AP27TZ1494_20260319_160513_2nd_back.jpg,Mahesh,admin
19-03-2026,16:08:49,Kurnool,Saurashtra Enviro Projects Pvt. Ltd.,Legacy/MSW,T0066,AP21TE4795,Phase3,21610.00,19-03-2026 15:58:23,10360.00,19-03-2026 16:08:40,11250.00,Legacy/MSW,,,Kurnool_AP21TE4795_20260319_160846_2nd_front.jpg,Kurnool_AP21TE4795_20260319_160848_2nd_back.jpg,Mahesh,admin
19-03-2026,16:13:22,Kurnool,Saurashtra Enviro Projects Pvt. Ltd.,Legacy/MSW,T0067,AP39UX6276,Phase3,22860.00,19-03-2026 16:03:52,10460.00,19-03-2026 16:13:11,12400.00,Legacy/MSW,Kurnool_AP39UX6276_20260319_160358_1st_front.jpg,Kurnool_AP39UX6276_20260319_160400_1st_back.jpg,Kurnool_AP39UX6276_20260319_161318_2nd_front.jpg,Kurnool_AP39UX6276_20260319_161319_2nd_back.jpg,Mahesh,admin
19-03-2026,16:19:23,Kurnool,Saurashtra Enviro Projects Pvt. Ltd.,Legacy/MSW,T0068,AP39VA7251,Phase3,21480.00,19-03-2026 16:07:12,10250.00,19-03-2026 16:19:14,11230.00,Legacy/MSW,Kurnool_AP39VA7251_20260319_160716_1st_front.jpg,Kurnool_AP39VA7251_20260319_160718_1st_back.jpg,Kurnool_AP39VA7251_20260319_161919_2nd_front.jpg,Kurnool_AP39VA7251_20260319_161921_2nd_back.jpg,Mahesh,admin
19-03-2026,16:20:49,Kurnool,Saurashtra Enviro Projects Pvt. Ltd.,Legacy/MSW,T0069,AP26TF2425,Phase3,26850.00,19-03-2026 16:11:54,10180.00,19-03-2026 16:20:41,16670.00,Legacy/MSW,Kurnool_AP26TF2425_20260319_161158_1st_front.jpg,Kurnool_AP26TF2425_20260319_161201_1st_back.jpg,Kurnool_AP26TF2425_20260319_162045_2nd_front.jpg,Kurnool_AP26TF2425_20260319_162047_2nd_back.jpg,Mahesh,admin
19-03-2026,16:26:23,Kurnool,Saurashtra Enviro Projects Pvt. Ltd.,Legacy/MSW,T0070,AP27TZ1494,Phase3,24590.00,19-03-2026 16:17:45,10210.00,19-03-2026 16:26:11,14380.00,Legacy/MSW,Kurnool_AP27TZ1494_20260319_161751_1st_front.jpg,Kurnool_AP27TZ1494_20260319_161753_1st_back.jpg,Kurnool_AP27TZ1494_20260319_162620_2nd_front.jpg,Kurnool_AP27TZ1494_20260319_162621_2nd_back.jpg,Mahesh,admin
19-03-2026,16:30:40,Kurnool,Saurashtra Enviro Projects Pvt. Ltd.,Legacy/MSW,T0071,AP21TE4795,Phase3,21920.00,19-03-2026 16:23:09,10120.00,19-03-2026 16:30:33,11800.00,Legacy/MSW,Kurnool_AP21TE4795_20260319_162313_1st_front.jpg,Kurnool_AP21TE4795_20260319_162315_1st_back.jpg,Kurnool_AP21TE4795_20260319_163037_2nd_front.jpg,Kurnool_AP21TE4795_20260319_163038_2nd_back.jpg,Mahesh,admin
19-03-2026,16:36:30,Kurnool,Saurashtra Enviro Projects Pvt. Ltd.,Legacy/MSW,T0072,AP39UX6276,Phase3,23720.00,19-03-2026 16:28:02,10440.00,19-03-2026 16:36:20,13280.00,Legacy/MSW,Kurnool_AP39UX6276_20260319_162808_1st_front.jpg,Kurnool_AP39UX6276_20260319_162810_1st_back.jpg,Kurnool_AP39UX6276_20260319_163626_2nd_front.jpg,Kurnool_AP39UX6276_20260319_163628_2nd_back.jpg,Mahesh,admin
19-03-2026,16:44:05,Kurnool,Saurashtra Enviro Projects Pvt. Ltd.,Legacy/MSW,T0073,AP39VA7251,Phase3,21830.00,19-03-2026 16:33:36,10080.00,19-03-2026 16:43:57,11750.00,Legacy/MSW,Kurnool_AP39VA7251_20260319_163340_1st_front.jpg,Kurnool_AP39VA7251_20260319_163341_1st_back.jpg,Kurnool_AP39VA7251_20260319_164401_2nd_front.jpg,Kurnool_AP39VA7251_20260319_164403_2nd_back.jpg,Mahesh,admin
19-03-2026,16:49:13,Kurnool,Saurashtra Enviro Projects Pvt. Ltd.,Legacy/MSW,T0074,AP26TF2425,Phase3,24050.00,19-03-2026 16:38:51,10190.00,19-03-2026 16:49:06,13860.00,Legacy/MSW,Kurnool_AP26TF2425_20260319_163855_1st_front.jpg,Kurnool_AP26TF2425_20260319_163857_1st_back.jpg,Kurnool_AP26TF2425_20260319_164910_2nd_front.jpg,Kurnool_AP26TF2425_20260319_164911_2nd_back.jpg,Mahesh,admin
19-03-2026,17:07:23,Kurnool,Saurashtra Enviro Projects Pvt. Ltd.,Legacy/MSW,T0075,AP27TZ1494,Phase3,23860.00,19-03-2026 16:45:56,10310.00,19-03-2026 17:07:13,13550.00,Legacy/MSW,Kurnool_AP27TZ1494_20260319_164601_1st_front.jpg,Kurnool_AP27TZ1494_20260319_164603_1st_back.jpg,Kurnool_AP27TZ1494_20260319_170719_2nd_front.jpg,Kurnool_AP27TZ1494_20260319_170722_2nd_back.jpg,Mahesh,admin
19-03-2026,17:15:14,Kurnool,Saurashtra Enviro Projects Pvt. Ltd.,Legacy/MSW,T0076,AP21TE4795,Phase3,21720.00,19-03-2026 16:50:41,10080.00,19-03-2026 17:15:07,11640.00,Legacy/MSW,Kurnool_AP21TE4795_20260319_165045_1st_front.jpg,Kurnool_AP21TE4795_20260319_165046_1st_back.jpg,Kurnool_AP21TE4795_20260319_171512_2nd_front.jpg,Kurnool_AP21TE4795_20260319_171513_2nd_back.jpg,Mahesh,admin
19-03-2026,17:19:41,Kurnool,Saurashtra Enviro Projects Pvt. Ltd.,Legacy/MSW,T0077,AP39UX6276,Phase3,23500.00,19-03-2026 16:55:46,10490.00,19-03-2026 17:19:31,13010.00,Legacy/MSW,Kurnool_AP39UX6276_20260319_165554_1st_front.jpg,Kurnool_AP39UX6276_20260319_165556_1st_back.jpg,Kurnool_AP39UX6276_20260319_171938_2nd_front.jpg,Kurnool_AP39UX6276_20260319_171940_2nd_back.jpg,Mahesh,admin
19-03-2026,17:25:40,Kurnool,Saurashtra Enviro Projects Pvt. Ltd.,Legacy/MSW,T0078,AP39VA7251,Phase3,20390.00,19-03-2026 17:00:45,10170.00,19-03-2026 17:25:29,10220.00,Legacy/MSW,Kurnool_AP39VA7251_20260319_170049_1st_front.jpg,Kurnool_AP39VA7251_20260319_170053_1st_back.jpg,Kurnool_AP39VA7251_20260319_172535_2nd_front.jpg,Kurnool_AP39VA7251_20260319_172537_2nd_back.jpg,Mahesh,admin
19-03-2026,17:29:09,Kurnool,Saurashtra Enviro Projects Pvt. Ltd.,Legacy/MSW,T0079,AP26TF2425,Phase3,23910.00,19-03-2026 17:08:05,10190.00,19-03-2026 17:29:00,13720.00,Legacy/MSW,Kurnool_AP26TF2425_20260319_170809_1st_front.jpg,Kurnool_AP26TF2425_20260319_170811_1st_back.jpg,Kurnool_AP26TF2425_20260319_172905_2nd_front.jpg,Kurnool_AP26TF2425_20260319_172907_2nd_back.jpg,Mahesh,admin
19-03-2026,17:33:32,Kurnool,Saurashtra Enviro Projects Pvt. Ltd.,Legacy/MSW,T0080,AP27TZ1494,Phase3,22920.00,19-03-2026 17:16:24,10320.00,19-03-2026 17:33:23,12600.00,Legacy/MSW,Kurnool_AP27TZ1494_20260319_171628_1st_front.jpg,Kurnool_AP27TZ1494_20260319_171632_1st_back.jpg,Kurnool_AP27TZ1494_20260319_173327_2nd_front.jpg,Kurnool_AP27TZ1494_20260319_173329_2nd_back.jpg,Mahesh,admin
19-03-2026,17:41:43,Kurnool,Saurashtra Enviro Projects Pvt. Ltd.,Legacy/MSW,T0081,AP21TE4795,Phase3,23590.00,19-03-2026 17:24:47,10300.00,19-03-2026 17:41:34,13290.00,Legacy/MSW,Kurnool_AP21TE4795_20260319_172452_1st_front.jpg,Kurnool_AP21TE4795_20260319_172455_1st_back.jpg,Kurnool_AP21TE4795_20260319_174140_2nd_front.jpg,Kurnool_AP21TE4795_20260319_174142_2nd_back.jpg,Mahesh,admin
19-03-2026,17:51:48,Kurnool,Saurashtra Enviro Projects Pvt. Ltd.,Legacy/MSW,T0082,AP39UX6276,Phase3,21960.00,19-03-2026 17:30:06,10460.00,19-03-2026 17:51:33,11500.00,Legacy/MSW,Kurnool_AP39UX6276_20260319_173016_1st_front.jpg,Kurnool_AP39UX6276_20260319_173017_1st_back.jpg,Kurnool_AP39UX6276_20260319_175140_2nd_front.jpg,Kurnool_AP39UX6276_20260319_175141_2nd_back.jpg,Mahesh,admin
19-03-2026,17:59:09,Kurnool,Saurashtra Enviro Projects Pvt. Ltd.,Legacy/MSW,T0083,AP39VA7251,Phase3,19920.00,19-03-2026 17:35:36,10120.00,19-03-2026 17:58:56,9800.00,Legacy/MSW,Kurnool_AP39VA7251_20260319_173539_1st_front.jpg,Kurnool_AP39VA7251_20260319_173540_1st_back.jpg,Kurnool_AP39VA7251_20260319_175904_2nd_front.jpg,Kurnool_AP39VA7251_20260319_175906_2nd_back.jpg,Mahesh,admin
19-03-2026,18:02:52,Kurnool,Saurashtra Enviro Projects Pvt. Ltd.,Legacy/MSW,T0084,AP26TF2425,Phase3,23310.00,19-03-2026 17:40:04,10060.00,19-03-2026 18:02:45,13250.00,Legacy/MSW,Kurnool_AP26TF2425_20260319_174007_1st_front.jpg,Kurnool_AP26TF2425_20260319_174009_1st_back.jpg,Kurnool_AP26TF2425_20260319_180250_2nd_front.jpg,Kurnool_AP26TF2425_20260319_180251_2nd_back.jpg,Mahesh,admin
19-03-2026,18:04:46,Kurnool,Saurashtra Enviro Projects Pvt. Ltd.,Legacy/MSW,T0085,AP27TZ1494,Phase3,22950.00,19-03-2026 17:45:56,10330.00,19-03-2026 18:04:41,12620.00,Legacy/MSW,Kurnool_AP27TZ1494_20260319_174559_1st_front.jpg,Kurnool_AP27TZ1494_20260319_174600_1st_back.jpg,Kurnool_AP27TZ1494_20260319_180444_2nd_front.jpg,Kurnool_AP27TZ1494_20260319_180445_2nd_back.jpg,Mahesh,admin
19-03-2026,18:07:01,Kurnool,Saurashtra Enviro Projects Pvt. Ltd.,Legacy/MSW,T0086,AP21TE4795,Phase3,22130.00,19-03-2026 17:49:29,10080.00,19-03-2026 18:06:52,12050.00,Legacy/MSW,Kurnool_AP21TE4795_20260319_174937_1st_front.jpg,Kurnool_AP21TE4795_20260319_174939_1st_back.jpg,Kurnool_AP21TE4795_20260319_180658_2nd_front.jpg,Kurnool_AP21TE4795_20260319_180659_2nd_back.jpg,Mahesh,admin
19-03-2026,18:09:38,Kurnool,Saurashtra Enviro Projects Pvt. Ltd.,Legacy/MSW,T0087,AP39UX6276,Phase3,25790.00,19-03-2026 18:01:46,10390.00,19-03-2026 18:09:30,15400.00,Legacy/MSW,Kurnool_AP39UX6276_20260319_180149_1st_front.jpg,Kurnool_AP39UX6276_20260319_180150_1st_back.jpg,Kurnool_AP39UX6276_20260319_180935_2nd_front.jpg,Kurnool_AP39UX6276_20260319_180936_2nd_back.jpg,Mahesh,admin
19-03-2026,20:42:06,Kurnool,Saurashtra Enviro Projects Pvt. Ltd.,Legacy/MSW,T0088,AP27TZ1494,Phase3,29570.00,19-03-2026 20:32:53,11380.00,19-03-2026 20:41:04,18190.00,Legacy/MSW,Kurnool_AP27TZ1494_20260319_203257_1st_front.jpg,Kurnool_AP27TZ1494_20260319_203301_1st_back.jpg,Kurnool_AP27TZ1494_20260319_204202_2nd_front.jpg,Kurnool_AP27TZ1494_20260319_204204_2nd_back.jpg,Mahesh,admin
19-03-2026,20:46:15,Kurnool,Saurashtra Enviro Projects Pvt. Ltd.,Legacy/MSW,T0089,AP21TE4795,Phase3,28600.00,19-03-2026 20:39:39,10150.00,19-03-2026 20:45:40,18450.00,Legacy/MSW,Kurnool_AP21TE4795_20260319_203944_1st_front.jpg,Kurnool_AP21TE4795_20260319_203947_1st_back.jpg,Kurnool_AP21TE4795_20260319_204610_2nd_front.jpg,Kurnool_AP21TE4795_20260319_204613_2nd_back.jpg,Mahesh,admin
19-03-2026,20:57:49,Kurnool,Saurashtra Enviro Projects Pvt. Ltd.,Legacy/MSW,T0090,AP39VA7251,Phase3,29420.00,19-03-2026 20:49:25,10150.00,19-03-2026 20:56:42,19270.00,Legacy/MSW,Kurnool_AP39VA7251_20260319_204931_1st_front.jpg,Kurnool_AP39VA7251_20260319_204933_1st_back.jpg,Kurnool_AP39VA7251_20260319_205743_2nd_front.jpg,Kurnool_AP39VA7251_20260319_205746_2nd_back.jpg,Mahesh,admin
19-03-2026,21:11:04,Kurnool,Saurashtra Enviro Projects Pvt. Ltd.,Legacy/MSW,T0091,AP39UX6276,Phase3,33140.00,19-03-2026 21:00:56,10400.00,19-03-2026 21:10:28,22740.00,Legacy/MSW,Kurnool_AP39UX6276_20260319_210100_1st_front.jpg,Kurnool_AP39UX6276_20260319_210102_1st_back.jpg,Kurnool_AP39UX6276_20260319_211100_2nd_front.jpg,Kurnool_AP39UX6276_20260319_211102_2nd_back.jpg,Mahesh,admin
19-03-2026,21:16:08,Kurnool,Saurashtra Enviro Projects Pvt. Ltd.,Legacy/MSW,T0092,AP26TF2425,Phase3,35640.00,19-03-2026 21:06:49,10090.00,19-03-2026 21:15:31,25550.00,Legacy/MSW,Kurnool_AP26TF2425_20260319_210656_1st_front.jpg,Kurnool_AP26TF2425_20260319_210659_1st_back.jpg,Kurnool_AP26TF2425_20260319_211605_2nd_front.jpg,Kurnool_AP26TF2425_20260319_211607_2nd_back.jpg,Mahesh,admin
19-03-2026,21:26:59,Kurnool,Saurashtra Enviro Projects Pvt. Ltd.,Legacy/MSW,T0093,AP27TZ1494,Phase3,31550.00,19-03-2026 21:16:59,10340.00,19-03-2026 21:26:23,21210.00,Legacy/MSW,Kurnool_AP27TZ1494_20260319_211704_1st_front.jpg,Kurnool_AP27TZ1494_20260319_211705_1st_back.jpg,Kurnool_AP27TZ1494_20260319_212655_2nd_front.jpg,Kurnool_AP27TZ1494_20260319_212657_2nd_back.jpg,Mahesh,admin
19-03-2026,21:35:58,Kurnool,Saurashtra Enviro Projects Pvt. Ltd.,Legacy/MSW,T0094,AP21TE4795,Phase3,31290.00,19-03-2026 21:22:30,10180.00,19-03-2026 21:35:19,21110.00,Legacy/MSW,Kurnool_AP21TE4795_20260319_212233_1st_front.jpg,Kurnool_AP21TE4795_20260319_212235_1st_back.jpg,Kurnool_AP21TE4795_20260319_213554_2nd_front.jpg,Kurnool_AP21TE4795_20260319_213556_2nd_back.jpg,Mahesh,admin
19-03-2026,21:44:45,Kurnool,Saurashtra Enviro Projects Pvt. Ltd.,Legacy/MSW,T0095,AP39VA7251,Phase3,30870.00,19-03-2026 21:32:50,10090.00,19-03-2026 21:44:05,20780.00,Legacy/MSW,Kurnool_AP39VA7251_20260319_213254_1st_front.jpg,Kurnool_AP39VA7251_20260319_213256_1st_back.jpg,Kurnool_AP39VA7251_20260319_214441_2nd_front.jpg,Kurnool_AP39VA7251_20260319_214443_2nd_back.jpg,Mahesh,admin
19-03-2026,21:55:54,Kurnool,Saurashtra Enviro Projects Pvt. Ltd.,Legacy/MSW,T0096,AP39UX6276,Phase3,32830.00,19-03-2026 21:43:16,10450.00,19-03-2026 21:55:07,22380.00,Legacy/MSW,Kurnool_AP39UX6276_20260319_214320_1st_front.jpg,Kurnool_AP39UX6276_20260319_214323_1st_back.jpg,Kurnool_AP39UX6276_20260319_215550_2nd_front.jpg,Kurnool_AP39UX6276_20260319_215552_2nd_back.jpg,Mahesh,admin
19-03-2026,21:58:48,Kurnool,Saurashtra Enviro Projects Pvt. Ltd.,Legacy/MSW,T0097,AP39VA7251,Phase3,29130.00,19-03-2026 21:52:10,10180.00,19-03-2026 21:58:08,18950.00,Legacy/MSW,Kurnool_AP39VA7251_20260319_215216_1st_front.jpg,Kurnool_AP39VA7251_20260319_215218_1st_back.jpg,Kurnool_AP39VA7251_20260319_215844_2nd_front.jpg,Kurnool_AP39VA7251_20260319_215846_2nd_back.jpg,Mahesh,admin
19-03-2026,22:09:08,Kurnool,Saurashtra Enviro Projects Pvt. Ltd.,Legacy/MSW,T0098,AP27TZ1494,Phase3,29450.00,19-03-2026 22:00:12,12390.00,19-03-2026 22:08:30,17060.00,Legacy/MSW,Kurnool_AP27TZ1494_20260319_220016_1st_front.jpg,Kurnool_AP27TZ1494_20260319_220018_1st_back.jpg,Kurnool_AP27TZ1494_20260319_220905_2nd_front.jpg,Kurnool_AP27TZ1494_20260319_220906_2nd_back.jpg,Mahesh,admin
19-03-2026,22:13:34,Kurnool,Saurashtra Enviro Projects Pvt. Ltd.,Legacy/MSW,T0099,AP21TE4795,Phase3,31870.00,19-03-2026 22:06:53,10180.00,19-03-2026 22:13:01,21690.00,Legacy/MSW,Kurnool_AP21TE4795_20260319_220658_1st_front.jpg,Kurnool_AP21TE4795_20260319_220700_1st_back.jpg,Kurnool_AP21TE4795_20260319_221331_2nd_front.jpg,Kurnool_AP21TE4795_20260319_221333_2nd_back.jpg,Mahesh,admin
19-03-2026,22:23:26,Kurnool,Saurashtra Enviro Projects Pvt. Ltd.,Legacy/MSW,T0100,AP39VA7251,Phase3,29390.00,19-03-2026 22:14:34,10160.00,19-03-2026 22:22:56,19230.00,Legacy/MSW,Kurnool_AP39VA7251_20260319_221441_1st_front.jpg,Kurnool_AP39VA7251_20260319_221443_1st_back.jpg,Kurnool_AP39VA7251_20260319_222323_2nd_front.jpg,Kurnool_AP39VA7251_20260319_222324_2nd_back.jpg,Mahesh,admin
19-03-2026,22:29:05,Kurnool,Saurashtra Enviro Projects Pvt. Ltd.,Legacy/MSW,T0101,AP39UX6276,Phase3,32470.00,19-03-2026 22:22:06,10410.00,19-03-2026 22:28:57,22060.00,Legacy/MSW,Kurnool_AP39UX6276_20260319_222212_1st_front.jpg,Kurnool_AP39UX6276_20260319_222214_1st_back.jpg,Kurnool_AP39UX6276_20260319_222902_2nd_front.jpg,Kurnool_AP39UX6276_20260319_222903_2nd_back.jpg,Mahesh,admin
19-03-2026,22:35:15,Kurnool,Saurashtra Enviro Projects Pvt. Ltd.,Legacy/MSW,T0102,AP26TF2425,Phase3,33200.00,19-03-2026 22:30:02,10080.00,19-03-2026 22:34:33,23120.00,Legacy/MSW,Kurnool_AP26TF2425_20260319_223009_1st_front.jpg,Kurnool_AP26TF2425_20260319_223010_1st_back.jpg,Kurnool_AP26TF2425_20260319_223510_2nd_front.jpg,Kurnool_AP26TF2425_20260319_223512_2nd_back.jpg,Mahesh,admin
19-03-2026,22:49:00,Kurnool,Saurashtra Enviro Projects Pvt. Ltd.,Legacy/MSW,T0103,AP27TZ1494,Phase3,31940.00,19-03-2026 22:39:48,10490.00,19-03-2026 22:48:26,21450.00,Legacy/MSW,Kurnool_AP27TZ1494_20260319_223956_1st_front.jpg,Kurnool_AP27TZ1494_20260319_223957_1st_back.jpg,Kurnool_AP27TZ1494_20260319_224857_2nd_front.jpg,Kurnool_AP27TZ1494_20260319_224859_2nd_back.jpg,Mahesh,admin
19-03-2026,22:54:23,Kurnool,Saurashtra Enviro Projects Pvt. Ltd.,Legacy/MSW,T0104,AP21TE4795,Phase3,31330.00,19-03-2026 22:45:55,10250.00,19-03-2026 22:53:44,21080.00,Legacy/MSW,Kurnool_AP21TE4795_20260319_224559_1st_front.jpg,Kurnool_AP21TE4795_20260319_224601_1st_back.jpg,Kurnool_AP21TE4795_20260319_225419_2nd_front.jpg,Kurnool_AP21TE4795_20260319_225421_2nd_back.jpg,Mahesh,admin
19-03-2026,23:03:09,Kurnool,Saurashtra Enviro Projects Pvt. Ltd.,Legacy/MSW,T0105,AP39VA7251,Phase3,29480.00,19-03-2026 22:53:00,10170.00,19-03-2026 23:02:38,19310.00,Legacy/MSW,Kurnool_AP39VA7251_20260319_225304_1st_front.jpg,Kurnool_AP39VA7251_20260319_225306_1st_back.jpg,Kurnool_AP39VA7251_20260319_230305_2nd_front.jpg,Kurnool_AP39VA7251_20260319_230307_2nd_back.jpg,Mahesh,admin
19-03-2026,23:09:59,Kurnool,Saurashtra Enviro Projects Pvt. Ltd.,Legacy/MSW,T0106,AP39UX6276,Phase3,22820.00,19-03-2026 23:00:40,10440.00,19-03-2026 23:09:23,12380.00,Legacy/MSW,Kurnool_AP39UX6276_20260319_230044_1st_front.jpg,Kurnool_AP39UX6276_20260319_230046_1st_back.jpg,Kurnool_AP39UX6276_20260319_230956_2nd_front.jpg,Kurnool_AP39UX6276_20260319_230958_2nd_back.jpg,Mahesh,admin
19-03-2026,23:57:59,Kurnool,Saurashtra Enviro Projects Pvt. Ltd.,Legacy/MSW,T0107,AP26TF2425,Phase3,27950.00,19-03-2026 23:06:12,12050.00,19-03-2026 23:57:28,15900.00,Legacy/MSW,Kurnool_AP26TF2425_20260319_230616_1st_front.jpg,Kurnool_AP26TF2425_20260319_230618_1st_back.jpg,Kurnool_AP26TF2425_20260319_235756_2nd_front.jpg,Kurnool_AP26TF2425_20260319_235758_2nd_back.jpg,Mahesh,admin
19-03-2026,23:37:49,Kurnool,Saurashtra Enviro Projects Pvt. Ltd.,Legacy/MSW,T0108,AP27TZ1494,Phase3,26260.00,19-03-2026 23:15:18,10370.00,19-03-2026 23:37:09,15890.00,Legacy/MSW,Kurnool_AP27TZ1494_20260319_231522_1st_front.jpg,Kurnool_AP27TZ1494_20260319_231524_1st_back.jpg,Kurnool_AP27TZ1494_20260319_233745_2nd_front.jpg,Kurnool_AP27TZ1494_20260319_233747_2nd_back.jpg,Mahesh,admin
19-03-2026,23:40:26,Kurnool,Saurashtra Enviro Projects Pvt. Ltd.,Legacy/MSW,T0109,AP21TE4795,Phase3,29540.00,19-03-2026 23:20:31,10150.00,19-03-2026 23:39:52,19390.00,Legacy/MSW,Kurnool_AP21TE4795_20260319_232035_1st_front.jpg,Kurnool_AP21TE4795_20260319_232037_1st_back.jpg,Kurnool_AP21TE4795_20260319_234022_2nd_front.jpg,Kurnool_AP21TE4795_20260319_234024_2nd_back.jpg,Mahesh,admin
19-03-2026,23:41:41,Kurnool,Saurashtra Enviro Projects Pvt. Ltd.,Legacy/MSW,T0110,AP39VA7251,Phase3,28770.00,19-03-2026 23:27:00,10220.00,19-03-2026 23:41:13,18550.00,Legacy/MSW,Kurnool_AP39VA7251_20260319_232705_1st_front.jpg,Kurnool_AP39VA7251_20260319_232719_1st_back.jpg,Kurnool_AP39VA7251_20260319_234138_2nd_front.jpg,Kurnool_AP39VA7251_20260319_234139_2nd_back.jpg,Mahesh,admin
19-03-2026,23:44:20,Kurnool,Saurashtra Enviro Projects Pvt. Ltd.,Legacy/MSW,T0111,AP39UX6276,Phase3,31400.00,19-03-2026 23:35:07,10410.00,19-03-2026 23:43:52,20990.00,Legacy/MSW,Kurnool_AP39UX6276_20260319_233530_1st_front.jpg,Kurnool_AP39UX6276_20260319_233532_1st_back.jpg,Kurnool_AP39UX6276_20260319_234417_2nd_front.jpg,Kurnool_AP39UX6276_20260319_234418_2nd_back.jpg,Mahesh,admin
20-03-2026,00:05:58,Kurnool,Saurashtra Enviro Projects Pvt. Ltd.,Legacy/MSW,T0112,AP27TZ1494,Phase3,28530.00,19-03-2026 23:55:35,10540.00,20-03-2026 00:05:09,17990.00,Legacy/MSW,Kurnool_AP27TZ1494_20260319_235540_1st_front.jpg,Kurnool_AP27TZ1494_20260319_235542_1st_back.jpg,Kurnool_AP27TZ1494_20260320_000554_2nd_front.jpg,Kurnool_AP27TZ1494_20260320_000556_2nd_back.jpg,Mahesh,admin
20-03-2026,00:10:50,Kurnool,Saurashtra Enviro Projects Pvt. Ltd.,Legacy/MSW,T0113,AP21TE4795,Phase3,31420.00,20-03-2026 00:04:10,10140.00,20-03-2026 00:10:17,21280.00,Legacy/MSW,Kurnool_AP21TE4795_20260320_000416_1st_front.jpg,Kurnool_AP21TE4795_20260320_000418_1st_back.jpg,Kurnool_AP21TE4795_20260320_001046_2nd_front.jpg,Kurnool_AP21TE4795_20260320_001048_2nd_back.jpg,Mahesh,admin
20-03-2026,00:29:17,Kurnool,Saurashtra Enviro Projects Pvt. Ltd.,Legacy/MSW,T0114,AP39VA7251,Phase3,26070.00,20-03-2026 00:11:44,10200.00,20-03-2026 00:28:44,15870.00,Legacy/MSW,Kurnool_AP39VA7251_20260320_001149_1st_front.jpg,Kurnool_AP39VA7251_20260320_001151_1st_back.jpg,Kurnool_AP39VA7251_20260320_002913_2nd_front.jpg,Kurnool_AP39VA7251_20260320_002915_2nd_back.jpg,Mahesh,admin
20-03-2026,00:23:36,Kurnool,Saurashtra Enviro Projects Pvt. Ltd.,Legacy/MSW,T0115,AP26TF2425,Phase3,27670.00,20-03-2026 00:17:16,10140.00,20-03-2026 00:22:55,17530.00,Legacy/MSW,Kurnool_AP26TF2425_20260320_001721_1st_front.jpg,Kurnool_AP26TF2425_20260320_001724_1st_back.jpg,Kurnool_AP26TF2425_20260320_002333_2nd_front.jpg,Kurnool_AP26TF2425_20260320_002335_2nd_back.jpg,Mahesh,admin
20-03-2026,00:35:35,Kurnool,Saurashtra Enviro Projects Pvt. Ltd.,Legacy/MSW,T0116,AP39UX6276,Phase3,29570.00,20-03-2026 00:27:29,10410.00,20-03-2026 00:34:51,19160.00,Legacy/MSW,Kurnool_AP39UX6276_20260320_002734_1st_front.jpg,Kurnool_AP39UX6276_20260320_002736_1st_back.jpg,Kurnool_AP39UX6276_20260320_003531_2nd_front.jpg,Kurnool_AP39UX6276_20260320_003533_2nd_back.jpg,Mahesh,admin
20-03-2026,00:45:18,Kurnool,Saurashtra Enviro Projects Pvt. Ltd.,Legacy/MSW,T0117,AP27TZ1494,Phase3,27490.00,20-03-2026 00:33:36,10470.00,20-03-2026 00:44:48,17020.00,Legacy/MSW,Kurnool_AP27TZ1494_20260320_003341_1st_front.jpg,Kurnool_AP27TZ1494_20260320_003343_1st_back.jpg,Kurnool_AP27TZ1494_20260320_004514_2nd_front.jpg,Kurnool_AP27TZ1494_20260320_004516_2nd_back.jpg,Mahesh,admin
20-03-2026,00:49:27,Kurnool,Saurashtra Enviro Projects Pvt. Ltd.,Legacy/MSW,T0118,AP21TE4795,Phase3,30950.00,20-03-2026 00:42:36,10250.00,20-03-2026 00:48:54,20700.00,Legacy/MSW,Kurnool_AP21TE4795_20260320_004241_1st_front.jpg,Kurnool_AP21TE4795_20260320_004243_1st_back.jpg,Kurnool_AP21TE4795_20260320_004923_2nd_front.jpg,Kurnool_AP21TE4795_20260320_004926_2nd_back.jpg,Mahesh,admin
20-03-2026,00:58:11,Kurnool,Saurashtra Enviro Projects Pvt. Ltd.,Legacy/MSW,T0119,AP26TF2425,Phase3,27160.00,20-03-2026 00:50:50,10160.00,20-03-2026 00:57:39,17000.00,Legacy/MSW,Kurnool_AP26TF2425_20260320_005055_1st_front.jpg,Kurnool_AP26TF2425_20260320_005057_1st_back.jpg,Kurnool_AP26TF2425_20260320_005807_2nd_front.jpg,Kurnool_AP26TF2425_20260320_005809_2nd_back.jpg,Mahesh,admin
20-03-2026,01:04:55,Kurnool,Saurashtra Enviro Projects Pvt. Ltd.,Legacy/MSW,T0120,AP39VA7251,Phase3,27800.00,20-03-2026 00:56:47,10190.00,20-03-2026 01:04:19,17610.00,Legacy/MSW,Kurnool_AP39VA7251_20260320_005652_1st_front.jpg,Kurnool_AP39VA7251_20260320_005656_1st_back.jpg,Kurnool_AP39VA7251_20260320_010451_2nd_front.jpg,Kurnool_AP39VA7251_20260320_010453_2nd_back.jpg,Mahesh,admin
20-03-2026,01:13:50,Kurnool,Saurashtra Enviro Projects Pvt. Ltd.,Legacy/MSW,T0121,AP39UX6276,Phase3,29780.00,20-03-2026 01:06:52,10400.00,20-03-2026 01:13:15,19380.00,Legacy/MSW,Kurnool_AP39UX6276_20260320_010656_1st_front.jpg,Kurnool_AP39UX6276_20260320_010658_1st_back.jpg,Kurnool_AP39UX6276_20260320_011346_2nd_front.jpg,Kurnool_AP39UX6276_20260320_011348_2nd_back.jpg,Mahesh,admin
20-03-2026,01:28:22,Kurnool,Saurashtra Enviro Projects Pvt. Ltd.,Legacy/MSW,T0122,AP27TZ1494,Phase3,28450.00,20-03-2026 01:16:53,10470.00,20-03-2026 01:27:46,17980.00,Legacy/MSW,Kurnool_AP27TZ1494_20260320_011659_1st_front.jpg,Kurnool_AP27TZ1494_20260320_011700_1st_back.jpg,Kurnool_AP27TZ1494_20260320_012818_2nd_front.jpg,Kurnool_AP27TZ1494_20260320_012820_2nd_back.jpg,Mahesh,admin
20-03-2026,01:33:23,Kurnool,Saurashtra Enviro Projects Pvt. Ltd.,Legacy/MSW,T0123,AP21TE4795,Phase3,30890.00,20-03-2026 01:25:59,10150.00,20-03-2026 01:32:28,20740.00,Legacy/MSW,Kurnool_AP21TE4795_20260320_012603_1st_front.jpg,Kurnool_AP21TE4795_20260320_012605_1st_back.jpg,Kurnool_AP21TE4795_20260320_013319_2nd_front.jpg,Kurnool_AP21TE4795_20260320_013321_2nd_back.jpg,Mahesh,admin
20-03-2026,01:40:50,Kurnool,Saurashtra Enviro Projects Pvt. Ltd.,Legacy/MSW,T0124,AP26TF2425,Phase3,29970.00,20-03-2026 01:35:35,10180.00,20-03-2026 01:40:16,19790.00,Legacy/MSW,Kurnool_AP26TF2425_20260320_013540_1st_front.jpg,Kurnool_AP26TF2425_20260320_013542_1st_back.jpg,Kurnool_AP26TF2425_20260320_014046_2nd_front.jpg,Kurnool_AP26TF2425_20260320_014048_2nd_back.jpg,Mahesh,admin
20-03-2026,01:51:47,Kurnool,Saurashtra Enviro Projects Pvt. Ltd.,Legacy/MSW,T0125,AP39VA7251,Phase3,28610.00,20-03-2026 01:43:56,10180.00,20-03-2026 01:51:04,18430.00,Legacy/MSW,Kurnool_AP39VA7251_20260320_014400_1st_front.jpg,Kurnool_AP39VA7251_20260320_014403_1st_back.jpg,Kurnool_AP39VA7251_20260320_015143_2nd_front.jpg,Kurnool_AP39VA7251_20260320_015145_2nd_back.jpg,Mahesh,admin
20-03-2026,01:59:34,Kurnool,Saurashtra Enviro Projects Pvt. Ltd.,Legacy/MSW,T0126,AP39UX6276,Phase3,28240.00,20-03-2026 01:52:30,10380.00,20-03-2026 01:59:01,17860.00,Legacy/MSW,Kurnool_AP39UX6276_20260320_015234_1st_front.jpg,Kurnool_AP39UX6276_20260320_015237_1st_back.jpg,Kurnool_AP39UX6276_20260320_015930_2nd_front.jpg,Kurnool_AP39UX6276_20260320_015932_2nd_back.jpg,Mahesh,admin
20-03-2026,02:15:05,Kurnool,Saurashtra Enviro Projects Pvt. Ltd.,Legacy/MSW,T0127,AP27TZ1494,Phase3,29710.00,20-03-2026 02:03:36,10480.00,20-03-2026 02:14:29,19230.00,Legacy/MSW,Kurnool_AP27TZ1494_20260320_020341_1st_front.jpg,Kurnool_AP27TZ1494_20260320_020343_1st_back.jpg,Kurnool_AP27TZ1494_20260320_021501_2nd_front.jpg,Kurnool_AP27TZ1494_20260320_021503_2nd_back.jpg,Mahesh,admin
20-03-2026,02:18:10,Kurnool,Saurashtra Enviro Projects Pvt. Ltd.,Legacy/MSW,T0128,AP21TE4795,Phase3,30280.00,20-03-2026 02:11:08,10250.00,20-03-2026 02:17:34,20030.00,Legacy/MSW,Kurnool_AP21TE4795_20260320_021112_1st_front.jpg,Kurnool_AP21TE4795_20260320_021114_1st_back.jpg,Kurnool_AP21TE4795_20260320_021807_2nd_front.jpg,Kurnool_AP21TE4795_20260320_021808_2nd_back.jpg,Mahesh,admin
20-03-2026,02:28:54,Kurnool,Saurashtra Enviro Projects Pvt. Ltd.,Legacy/MSW,T0129,AP26TF2425,Phase3,31480.00,20-03-2026 02:23:34,10160.00,20-03-2026 02:28:18,21320.00,Legacy/MSW,Kurnool_AP26TF2425_20260320_022338_1st_front.jpg,Kurnool_AP26TF2425_20260320_022340_1st_back.jpg,Kurnool_AP26TF2425_20260320_022848_2nd_front.jpg,Kurnool_AP26TF2425_20260320_022850_2nd_back.jpg,Mahesh,admin
20-03-2026,02:42:21,Kurnool,Saurashtra Enviro Projects Pvt. Ltd.,Legacy/MSW,T0130,AP39VA7251,Phase3,28140.00,20-03-2026 02:33:06,10190.00,20-03-2026 02:41:48,17950.00,Legacy/MSW,Kurnool_AP39VA7251_20260320_023311_1st_front.jpg,Kurnool_AP39VA7251_20260320_023314_1st_back.jpg,Kurnool_AP39VA7251_20260320_024217_2nd_front.jpg,Kurnool_AP39VA7251_20260320_024219_2nd_back.jpg,Mahesh,admin
20-03-2026,02:47:42,Kurnool,Saurashtra Enviro Projects Pvt. Ltd.,Legacy/MSW,T0131,AP39UX6276,Phase3,26640.00,20-03-2026 02:40:35,10410.00,20-03-2026 02:47:07,16230.00,Legacy/MSW,Kurnool_AP39UX6276_20260320_024040_1st_front.jpg,Kurnool_AP39UX6276_20260320_024043_1st_back.jpg,Kurnool_AP39UX6276_20260320_024739_2nd_front.jpg,Kurnool_AP39UX6276_20260320_024741_2nd_back.jpg,Mahesh,admin
20-03-2026,03:01:30,Kurnool,Saurashtra Enviro Projects Pvt. Ltd.,Legacy/MSW,T0132,AP27TZ1494,Phase3,29440.00,20-03-2026 02:50:37,10490.00,20-03-2026 03:00:36,18950.00,Legacy/MSW,Kurnool_AP27TZ1494_20260320_025041_1st_front.jpg,Kurnool_AP27TZ1494_20260320_025043_1st_back.jpg,Kurnool_AP27TZ1494_20260320_030127_2nd_front.jpg,Kurnool_AP27TZ1494_20260320_030129_2nd_back.jpg,Mahesh,admin
20-03-2026,03:06:47,Kurnool,Saurashtra Enviro Projects Pvt. Ltd.,Legacy/MSW,T0133,AP21TE4795,Phase3,31600.00,20-03-2026 02:58:58,10240.00,20-03-2026 03:06:13,21360.00,Legacy/MSW,Kurnool_AP21TE4795_20260320_025903_1st_front.jpg,Kurnool_AP21TE4795_20260320_025905_1st_back.jpg,Kurnool_AP21TE4795_20260320_030644_2nd_front.jpg,Kurnool_AP21TE4795_20260320_030645_2nd_back.jpg,Mahesh,admin
20-03-2026,03:17:01,Kurnool,Saurashtra Enviro Projects Pvt. Ltd.,Legacy/MSW,T0134,AP26TF2425,Phase3,30700.00,20-03-2026 03:11:16,10190.00,20-03-2026 03:16:26,20510.00,Legacy/MSW,Kurnool_AP26TF2425_20260320_031120_1st_front.jpg,Kurnool_AP26TF2425_20260320_031122_1st_back.jpg,Kurnool_AP26TF2425_20260320_031657_2nd_front.jpg,Kurnool_AP26TF2425_20260320_031659_2nd_back.jpg,Mahesh,admin
20-03-2026,03:34:26,Kurnool,Saurashtra Enviro Projects Pvt. Ltd.,Legacy/MSW,T0135,AP39UX6276,Phase3,32130.00,20-03-2026 03:26:40,10400.00,20-03-2026 03:33:51,21730.00,Legacy/MSW,Kurnool_AP39UX6276_20260320_032647_1st_front.jpg,Kurnool_AP39UX6276_20260320_032649_1st_back.jpg,Kurnool_AP39UX6276_20260320_033422_2nd_front.jpg,Kurnool_AP39UX6276_20260320_033424_2nd_back.jpg,Mahesh,admin
20-03-2026,03:48:04,Kurnool,Saurashtra Enviro Projects Pvt. Ltd.,Legacy/MSW,T0136,AP27TZ1494,Phase3,30410.00,20-03-2026 03:36:03,10480.00,20-03-2026 03:47:23,19930.00,Legacy/MSW,Kurnool_AP27TZ1494_20260320_033607_1st_front.jpg,Kurnool_AP27TZ1494_20260320_033609_1st_back.jpg,Kurnool_AP27TZ1494_20260320_034801_2nd_front.jpg,Kurnool_AP27TZ1494_20260320_034803_2nd_back.jpg,Mahesh,admin
20-03-2026,03:53:14,Kurnool,Saurashtra Enviro Projects Pvt. Ltd.,Legacy/MSW,T0137,AP21TE4795,Phase3,31970.00,20-03-2026 03:42:24,10260.00,20-03-2026 03:52:41,21710.00,Legacy/MSW,Kurnool_AP21TE4795_20260320_034229_1st_front.jpg,Kurnool_AP21TE4795_20260320_034232_1st_back.jpg,Kurnool_AP21TE4795_20260320_035310_2nd_front.jpg,Kurnool_AP21TE4795_20260320_035312_2nd_back.jpg,Mahesh,admin
20-03-2026,03:57:19,Kurnool,Saurashtra Enviro Projects Pvt. Ltd.,Legacy/MSW,T0138,AP26TF2425,Phase3,31220.00,20-03-2026 03:51:26,10140.00,20-03-2026 03:56:47,21080.00,Legacy/MSW,Kurnool_AP26TF2425_20260320_035130_1st_front.jpg,Kurnool_AP26TF2425_20260320_035132_1st_back.jpg,Kurnool_AP26TF2425_20260320_035715_2nd_front.jpg,Kurnool_AP26TF2425_20260320_035717_2nd_back.jpg,Mahesh,admin
20-03-2026,04:07:06,Kurnool,Saurashtra Enviro Projects Pvt. Ltd.,Legacy/MSW,T0139,AP39VA7251,Phase3,23630.00,20-03-2026 03:59:21,10180.00,20-03-2026 04:06:32,13450.00,Legacy/MSW,Kurnool_AP39VA7251_20260320_035925_1st_front.jpg,Kurnool_AP39VA7251_20260320_035927_1st_back.jpg,Kurnool_AP39VA7251_20260320_040702_2nd_front.jpg,Kurnool_AP39VA7251_20260320_040704_2nd_back.jpg,Mahesh,admin
20-03-2026,04:31:24,Kurnool,Saurashtra Enviro Projects Pvt. Ltd.,Legacy/MSW,T0140,AP39UX6276,Phase3,32450.00,20-03-2026 04:19:09,10400.00,20-03-2026 04:30:51,22050.00,Legacy/MSW,Kurnool_AP39UX6276_20260320_041914_1st_front.jpg,Kurnool_AP39UX6276_20260320_041916_1st_back.jpg,Kurnool_AP39UX6276_20260320_043121_2nd_front.jpg,Kurnool_AP39UX6276_20260320_043122_2nd_back.jpg,Mahesh,admin
20-03-2026,04:41:49,Kurnool,Saurashtra Enviro Projects Pvt. Ltd.,Legacy/MSW,T0141,AP21TE4795,Phase3,32340.00,20-03-2026 04:25:59,10250.00,20-03-2026 04:41:15,22090.00,Legacy/MSW,Kurnool_AP21TE4795_20260320_042603_1st_front.jpg,Kurnool_AP21TE4795_20260320_042605_1st_back.jpg,Kurnool_AP21TE4795_20260320_044145_2nd_front.jpg,Kurnool_AP21TE4795_20260320_044147_2nd_back.jpg,Mahesh,admin
20-03-2026,04:49:00,Kurnool,Saurashtra Enviro Projects Pvt. Ltd.,Legacy/MSW,T0142,AP27TZ1494,Phase3,27820.00,20-03-2026 04:37:59,10440.00,20-03-2026 04:48:17,17380.00,Legacy/MSW,Kurnool_AP27TZ1494_20260320_043804_1st_front.jpg,Kurnool_AP27TZ1494_20260320_043806_1st_back.jpg,Kurnool_AP27TZ1494_20260320_044855_2nd_front.jpg,Kurnool_AP27TZ1494_20260320_044858_2nd_back.jpg,Mahesh,admin
20-03-2026,04:57:05,Kurnool,Saurashtra Enviro Projects Pvt. Ltd.,Legacy/MSW,T0143,AP26TF2425,Phase3,31550.00,20-03-2026 04:51:06,10160.00,20-03-2026 04:56:25,21390.00,Legacy/MSW,Kurnool_AP26TF2425_20260320_045110_1st_front.jpg,Kurnool_AP26TF2425_20260320_045113_1st_back.jpg,Kurnool_AP26TF2425_20260320_045700_2nd_front.jpg,Kurnool_AP26TF2425_20260320_045703_2nd_back.jpg,Mahesh,admin
20-03-2026,08:37:05,Kurnool,Saurashtra Enviro Projects Pvt. Ltd.,Legacy/MSW,T0144,AP39VA7251,Phase3,24290.00,20-03-2026 04:57:43,10120.00,20-03-2026 08:35:30,14170.00,Legacy/MSW,Kurnool_AP39VA7251_20260320_045747_1st_front.jpg,Kurnool_AP39VA7251_20260320_045749_1st_back.jpg,Kurnool_AP39VA7251_20260320_083643_2nd_front.jpg,Kurnool_AP39VA7251_20260320_083702_2nd_back.jpg,Mahesh,admin
20-03-2026,08:31:15,Kurnool,Saurashtra Enviro Projects Pvt. Ltd.,Legacy/MSW,T0145,AP39UX6276,Phase3,22150.00,20-03-2026 08:23:51,10220.00,20-03-2026 08:30:45,11930.00,Legacy/MSW,Kurnool_AP39UX6276_20260320_082356_1st_front.jpg,Kurnool_AP39UX6276_20260320_082357_1st_back.jpg,Kurnool_AP39UX6276_20260320_083112_2nd_front.jpg,Kurnool_AP39UX6276_20260320_083113_2nd_back.jpg,Mahesh,admin
20-03-2026,08:40:55,Kurnool,Saurashtra Enviro Projects Pvt. Ltd.,Legacy/MSW,T0146,AP26TF2425,Phase3,22230.00,20-03-2026 08:27:17,10140.00,20-03-2026 08:40:20,12090.00,Legacy/MSW,Kurnool_AP26TF2425_20260320_082722_1st_front.jpg,Kurnool_AP26TF2425_20260320_082725_1st_back.jpg,Kurnool_AP26TF2425_20260320_084052_2nd_front.jpg,Kurnool_AP26TF2425_20260320_084054_2nd_back.jpg,Mahesh,admin
20-03-2026,08:42:27,Kurnool,Saurashtra Enviro Projects Pvt. Ltd.,Legacy/MSW,T0147,AP27TZ1494,Phase3,20300.00,20-03-2026 08:32:43,10390.00,20-03-2026 08:41:54,9910.00,Legacy/MSW,Kurnool_AP27TZ1494_20260320_083327_1st_front.jpg,Kurnool_AP27TZ1494_20260320_083328_1st_back.jpg,Kurnool_AP27TZ1494_20260320_084223_2nd_front.jpg,Kurnool_AP27TZ1494_20260320_084225_2nd_back.jpg,Mahesh,admin
20-03-2026,08:47:56,Kurnool,Saurashtra Enviro Projects Pvt. Ltd.,Legacy/MSW,T0148,AP21TE4795,Phase3,21500.00,20-03-2026 08:38:33,10200.00,20-03-2026 08:47:19,11300.00,Legacy/MSW,Kurnool_AP21TE4795_20260320_083837_1st_front.jpg,Kurnool_AP21TE4795_20260320_083839_1st_back.jpg,Kurnool_AP21TE4795_20260320_084751_2nd_front.jpg,Kurnool_AP21TE4795_20260320_084753_2nd_back.jpg,Mahesh,admin
20-03-2026,08:55:15,Kurnool,Saurashtra Enviro Projects Pvt. Ltd.,Legacy/MSW,T0149,AP39UX6276,Phase3,21480.00,20-03-2026 08:45:27,10390.00,20-03-2026 08:54:55,11090.00,Legacy/MSW,Kurnool_AP39UX6276_20260320_084627_1st_front.jpg,Kurnool_AP39UX6276_20260320_084629_1st_back.jpg,Kurnool_AP39UX6276_20260320_085512_2nd_front.jpg,Kurnool_AP39UX6276_20260320_085513_2nd_back.jpg,Mahesh,admin
20-03-2026,09:02:36,Kurnool,Saurashtra Enviro Projects Pvt. Ltd.,Legacy/MSW,T0150,AP39VA7251,Phase3,19790.00,20-03-2026 08:53:26,10100.00,20-03-2026 09:02:12,9690.00,Legacy/MSW,Kurnool_AP39VA7251_20260320_085345_1st_front.jpg,Kurnool_AP39VA7251_20260320_085349_1st_back.jpg,Kurnool_AP39VA7251_20260320_090232_2nd_front.jpg,Kurnool_AP39VA7251_20260320_090234_2nd_back.jpg,Mahesh,admin
20-03-2026,09:08:47,Kurnool,Saurashtra Enviro Projects Pvt. Ltd.,Legacy/MSW,T0151,AP26TF2425,Phase3,21660.00,20-03-2026 08:58:45,10090.00,20-03-2026 09:08:21,11570.00,Legacy/MSW,Kurnool_AP26TF2425_20260320_085848_1st_front.jpg,Kurnool_AP26TF2425_20260320_085850_1st_back.jpg,Kurnool_AP26TF2425_20260320_090844_2nd_front.jpg,Kurnool_AP26TF2425_20260320_090846_2nd_back.jpg,Mahesh,admin
20-03-2026,09:15:24,Kurnool,Saurashtra Enviro Projects Pvt. Ltd.,Legacy/MSW,T0152,AP27TZ1494,Phase3,21440.00,20-03-2026 09:05:12,10490.00,20-03-2026 09:15:01,10950.00,Legacy/MSW,Kurnool_AP27TZ1494_20260320_090545_1st_front.jpg,Kurnool_AP27TZ1494_20260320_090546_1st_back.jpg,Kurnool_AP27TZ1494_20260320_091521_2nd_front.jpg,Kurnool_AP27TZ1494_20260320_091523_2nd_back.jpg,Mahesh,admin
20-03-2026,09:20:41,Kurnool,Saurashtra Enviro Projects Pvt. Ltd.,Legacy/MSW,T0153,AP21TE4795,Phase3,21540.00,20-03-2026 09:10:18,10270.00,20-03-2026 09:20:13,11270.00,Legacy/MSW,Kurnool_AP21TE4795_20260320_091053_1st_front.jpg,Kurnool_AP21TE4795_20260320_091056_1st_back.jpg,Kurnool_AP21TE4795_20260320_092037_2nd_front.jpg,Kurnool_AP21TE4795_20260320_092039_2nd_back.jpg,Mahesh,admin
20-03-2026,09:25:48,Kurnool,Saurashtra Enviro Projects Pvt. Ltd.,Legacy/MSW,T0154,AP39UX6276,Phase3,23780.00,20-03-2026 09:17:02,10520.00,20-03-2026 09:25:25,13260.00,Legacy/MSW,Kurnool_AP39UX6276_20260320_091720_1st_front.jpg,Kurnool_AP39UX6276_20260320_091722_1st_back.jpg,Kurnool_AP39UX6276_20260320_092545_2nd_front.jpg,Kurnool_AP39UX6276_20260320_092547_2nd_back.jpg,Mahesh,admin
20-03-2026,09:29:07,Kurnool,Saurashtra Enviro Projects Pvt. Ltd.,Legacy/MSW,T0155,AP39VA7251,Phase3,21730.00,20-03-2026 09:22:02,10040.00,20-03-2026 09:28:46,11690.00,Legacy/MSW,Kurnool_AP39VA7251_20260320_092224_1st_front.jpg,Kurnool_AP39VA7251_20260320_092226_1st_back.jpg,Kurnool_AP39VA7251_20260320_092903_2nd_front.jpg,Kurnool_AP39VA7251_20260320_092905_2nd_back.jpg,Mahesh,admin
20-03-2026,09:35:58,Kurnool,Saurashtra Enviro Projects Pvt. Ltd.,Legacy/MSW,T0156,AP26TF2425,Phase3,23390.00,20-03-2026 09:27:56,10080.00,20-03-2026 09:35:34,13310.00,Legacy/MSW,Kurnool_AP26TF2425_20260320_092813_1st_front.jpg,Kurnool_AP26TF2425_20260320_092814_1st_back.jpg,Kurnool_AP26TF2425_20260320_093554_2nd_front.jpg,Kurnool_AP26TF2425_20260320_093556_2nd_back.jpg,Mahesh,admin
20-03-2026,09:53:06,Kurnool,Saurashtra Enviro Projects Pvt. Ltd.,Legacy/MSW,T0157,AP27TZ1494,Phase3,24320.00,20-03-2026 09:43:45,10530.00,20-03-2026 09:52:39,13790.00,Legacy/MSW,Kurnool_AP27TZ1494_20260320_094351_1st_front.jpg,Kurnool_AP27TZ1494_20260320_094352_1st_back.jpg,Kurnool_AP27TZ1494_20260320_095300_2nd_front.jpg,Kurnool_AP27TZ1494_20260320_095303_2nd_back.jpg,Mahesh,admin
20-03-2026,10:00:55,Kurnool,Saurashtra Enviro Projects Pvt. Ltd.,Legacy/MSW,T0158,AP21TE4795,Phase3,22740.00,20-03-2026 09:49:14,10470.00,20-03-2026 10:00:30,12270.00,Legacy/MSW,Kurnool_AP21TE4795_20260320_094927_1st_front.jpg,Kurnool_AP21TE4795_20260320_094929_1st_back.jpg,Kurnool_AP21TE4795_20260320_100052_2nd_front.jpg,Kurnool_AP21TE4795_20260320_100053_2nd_back.jpg,Mahesh,admin
20-03-2026,10:05:47,Kurnool,Saurashtra Enviro Projects Pvt. Ltd.,Legacy/MSW,T0159,AP39UX6276,Phase3,20820.00,20-03-2026 09:54:03,10570.00,20-03-2026 10:05:18,10250.00,Legacy/MSW,Kurnool_AP39UX6276_20260320_095409_1st_front.jpg,Kurnool_AP39UX6276_20260320_095411_1st_back.jpg,Kurnool_AP39UX6276_20260320_100541_2nd_front.jpg,Kurnool_AP39UX6276_20260320_100545_2nd_back.jpg,Mahesh,admin
20-03-2026,10:07:40,Kurnool,Saurashtra Enviro Projects Pvt. Ltd.,Legacy/MSW,T0160,AP39VA7251,Phase3,21460.00,20-03-2026 09:58:42,10300.00,20-03-2026 10:07:26,11160.00,Legacy/MSW,Kurnool_AP39VA7251_20260320_095919_1st_front.jpg,Kurnool_AP39VA7251_20260320_095921_1st_back.jpg,Kurnool_AP39VA7251_20260320_100735_2nd_front.jpg,Kurnool_AP39VA7251_20260320_100737_2nd_back.jpg,Mahesh,admin
20-03-2026,10:12:14,Kurnool,Saurashtra Enviro Projects Pvt. Ltd.,Legacy/MSW,T0161,AP26TF2425,Phase3,25680.00,20-03-2026 10:03:37,10050.00,20-03-2026 10:11:49,15630.00,Legacy/MSW,Kurnool_AP26TF2425_20260320_100411_1st_front.jpg,Kurnool_AP26TF2425_20260320_100413_1st_back.jpg,Kurnool_AP26TF2425_20260320_101209_2nd_front.jpg,Kurnool_AP26TF2425_20260320_101211_2nd_back.jpg,Mahesh,admin
20-03-2026,10:19:01,Kurnool,Saurashtra Enviro Projects Pvt. Ltd.,Legacy/MSW,T0162,AP27TZ1494,Phase3,20920.00,20-03-2026 10:09:34,10640.00,20-03-2026 10:18:16,10280.00,Legacy/MSW,Kurnool_AP27TZ1494_20260320_100953_1st_front.jpg,Kurnool_AP27TZ1494_20260320_100954_1st_back.jpg,Kurnool_AP27TZ1494_20260320_101856_2nd_front.jpg,Kurnool_AP27TZ1494_20260320_101859_2nd_back.jpg,Mahesh,admin
20-03-2026,10:23:38,Kurnool,Saurashtra Enviro Projects Pvt. Ltd.,Legacy/MSW,T0163,AP21TE4795,Phase3,22630.00,20-03-2026 10:14:07,10400.00,20-03-2026 10:23:29,12230.00,Legacy/MSW,Kurnool_AP21TE4795_20260320_101444_1st_front.jpg,Kurnool_AP21TE4795_20260320_101446_1st_back.jpg,Kurnool_AP21TE4795_20260320_102334_2nd_front.jpg,Kurnool_AP21TE4795_20260320_102336_2nd_back.jpg,Mahesh,admin
20-03-2026,10:32:04,Kurnool,Saurashtra Enviro Projects Pvt. Ltd.,Legacy/MSW,T0164,AP39UX6276,Phase3,25590.00,20-03-2026 10:21:40,10660.00,20-03-2026 10:31:38,14930.00,Legacy/MSW,Kurnool_AP39UX6276_20260320_102232_1st_front.jpg,Kurnool_AP39UX6276_20260320_102234_1st_back.jpg,Kurnool_AP39UX6276_20260320_103159_2nd_front.jpg,Kurnool_AP39UX6276_20260320_103201_2nd_back.jpg,Mahesh,admin
20-03-2026,10:34:43,Kurnool,Saurashtra Enviro Projects Pvt. Ltd.,Legacy/MSW,T0165,AP39VA7251,Phase3,26630.00,20-03-2026 10:26:40,10380.00,20-03-2026 10:34:13,16250.00,Legacy/MSW,Kurnool_AP39VA7251_20260320_102706_1st_front.jpg,Kurnool_AP39VA7251_20260320_102707_1st_back.jpg,Kurnool_AP39VA7251_20260320_103440_2nd_front.jpg,Kurnool_AP39VA7251_20260320_103442_2nd_back.jpg,Mahesh,admin
20-03-2026,10:51:43,Kurnool,Saurashtra Enviro Projects Pvt. Ltd.,Legacy/MSW,T0166,AP26TF2425,Phase3,33060.00,20-03-2026 10:43:45,10120.00,20-03-2026 10:51:19,22940.00,Legacy/MSW,Kurnool_AP26TF2425_20260320_104351_1st_front.jpg,Kurnool_AP26TF2425_20260320_104352_1st_back.jpg,Kurnool_AP26TF2425_20260320_105138_2nd_front.jpg,Kurnool_AP26TF2425_20260320_105140_2nd_back.jpg,Mahesh,admin
20-03-2026,11:10:16,Kurnool,Saurashtra Enviro Projects Pvt. Ltd.,Legacy/MSW,T0167,AP27TZ1494,Phase3,32250.00,20-03-2026 11:00:13,10580.00,20-03-2026 11:09:44,21670.00,Legacy/MSW,Kurnool_AP27TZ1494_20260320_110049_1st_front.jpg,Kurnool_AP27TZ1494_20260320_110051_1st_back.jpg,Kurnool_AP27TZ1494_20260320_111012_2nd_front.jpg,Kurnool_AP27TZ1494_20260320_111014_2nd_back.jpg,Mahesh,admin
20-03-2026,11:12:51,Kurnool,Saurashtra Enviro Projects Pvt. Ltd.,Legacy/MSW,T0168,AP39VA7251,Phase3,24620.00,20-03-2026 11:04:32,10310.00,20-03-2026 11:12:26,14310.00,Legacy/MSW,Kurnool_AP39VA7251_20260320_110504_1st_front.jpg,Kurnool_AP39VA7251_20260320_110506_1st_back.jpg,Kurnool_AP39VA7251_20260320_111247_2nd_front.jpg,Kurnool_AP39VA7251_20260320_111250_2nd_back.jpg,Mahesh,admin
20-03-2026,11:17:58,Kurnool,Saurashtra Enviro Projects Pvt. Ltd.,Legacy/MSW,T0169,AP39UX6276,Phase3,28690.00,20-03-2026 11:11:15,10620.00,20-03-2026 11:17:30,18070.00,Legacy/MSW,Kurnool_AP39UX6276_20260320_111140_1st_front.jpg,Kurnool_AP39UX6276_20260320_111143_1st_back.jpg,Kurnool_AP39UX6276_20260320_111754_2nd_front.jpg,Kurnool_AP39UX6276_20260320_111756_2nd_back.jpg,Mahesh,admin
20-03-2026,11:24:28,Kurnool,Saurashtra Enviro Projects Pvt. Ltd.,Legacy/MSW,T0170,AP21TE4795,Phase3,26990.00,20-03-2026 11:16:07,10330.00,20-03-2026 11:23:59,16660.00,Legacy/MSW,Kurnool_AP21TE4795_20260320_111622_1st_front.jpg,Kurnool_AP21TE4795_20260320_111627_1st_back.jpg,Kurnool_AP21TE4795_20260320_112424_2nd_front.jpg,Kurnool_AP21TE4795_20260320_112425_2nd_back.jpg,Mahesh,admin
20-03-2026,11:30:24,Kurnool,Saurashtra Enviro Projects Pvt. Ltd.,Legacy/MSW,T0171,AP26TF2425,Phase3,30680.00,20-03-2026 11:22:29,10190.00,20-03-2026 11:30:01,20490.00,Legacy/MSW,Kurnool_AP26TF2425_20260320_112259_1st_front.jpg,Kurnool_AP26TF2425_20260320_112301_1st_back.jpg,Kurnool_AP26TF2425_20260320_113022_2nd_front.jpg,Kurnool_AP26TF2425_20260320_113023_2nd_back.jpg,Mahesh,admin
20-03-2026,11:36:53,Kurnool,Saurashtra Enviro Projects Pvt. Ltd.,Legacy/MSW,T0172,AP27TZ1494,Phase3,29460.00,20-03-2026 11:28:38,10740.00,20-03-2026 11:36:29,18720.00,Legacy/MSW,Kurnool_AP27TZ1494_20260320_112915_1st_front.jpg,Kurnool_AP27TZ1494_20260320_112917_1st_back.jpg,Kurnool_AP27TZ1494_20260320_113651_2nd_front.jpg,Kurnool_AP27TZ1494_20260320_113652_2nd_back.jpg,Mahesh,admin
20-03-2026,11:40:14,Kurnool,Saurashtra Enviro Projects Pvt. Ltd.,Legacy/MSW,T0173,AP39VA7251,Phase3,25500.00,20-03-2026 11:33:20,10160.00,20-03-2026 11:39:49,15340.00,Legacy/MSW,Kurnool_AP39VA7251_20260320_113335_1st_front.jpg,Kurnool_AP39VA7251_20260320_113336_1st_back.jpg,Kurnool_AP39VA7251_20260320_114012_2nd_front.jpg,Kurnool_AP39VA7251_20260320_114013_2nd_back.jpg,Mahesh,admin
20-03-2026,11:45:31,Kurnool,Saurashtra Enviro Projects Pvt. Ltd.,Legacy/MSW,T0174,AP39UX6276,Phase3,29520.00,20-03-2026 11:38:19,10520.00,20-03-2026 11:45:00,19000.00,Legacy/MSW,Kurnool_AP39UX6276_20260320_113836_1st_front.jpg,Kurnool_AP39UX6276_20260320_113837_1st_back.jpg,Kurnool_AP39UX6276_20260320_114529_2nd_front.jpg,Kurnool_AP39UX6276_20260320_114530_2nd_back.jpg,Mahesh,admin
20-03-2026,11:52:26,Kurnool,Saurashtra Enviro Projects Pvt. Ltd.,Legacy/MSW,T0175,AP21TE4795,Phase3,31870.00,20-03-2026 11:44:00,10010.00,20-03-2026 11:52:00,21860.00,Legacy/MSW,Kurnool_AP21TE4795_20260320_114420_1st_front.jpg,Kurnool_AP21TE4795_20260320_114422_1st_back.jpg,Kurnool_AP21TE4795_20260320_115224_2nd_front.jpg,Kurnool_AP21TE4795_20260320_115225_2nd_back.jpg,Mahesh,admin
20-03-2026,11:57:58,Kurnool,Saurashtra Enviro Projects Pvt. Ltd.,Legacy/MSW,T0176,AP26TF2425,Phase3,29600.00,20-03-2026 11:49:36,9980.00,20-03-2026 11:57:20,19620.00,Legacy/MSW,Kurnool_AP26TF2425_20260320_115002_1st_front.jpg,Kurnool_AP26TF2425_20260320_115003_1st_back.jpg,Kurnool_AP26TF2425_20260320_115753_2nd_front.jpg,Kurnool_AP26TF2425_20260320_115756_2nd_back.jpg,Mahesh,admin
20-03-2026,12:05:32,Kurnool,Saurashtra Enviro Projects Pvt. Ltd.,Legacy/MSW,T0177,AP27TZ1494,Phase3,31900.00,20-03-2026 11:56:00,10130.00,20-03-2026 12:05:05,21770.00,Legacy/MSW,Kurnool_AP27TZ1494_20260320_115639_1st_front.jpg,Kurnool_AP27TZ1494_20260320_115640_1st_back.jpg,Kurnool_AP27TZ1494_20260320_120529_2nd_front.jpg,Kurnool_AP27TZ1494_20260320_120531_2nd_back.jpg,Mahesh,admin
20-03-2026,12:10:06,Kurnool,Saurashtra Enviro Projects Pvt. Ltd.,Legacy/MSW,T0178,AP39VA7251,Phase3,23540.00,20-03-2026 12:01:17,9830.00,20-03-2026 12:09:39,13710.00,Legacy/MSW,Kurnool_AP39VA7251_20260320_120123_1st_front.jpg,Kurnool_AP39VA7251_20260320_120125_1st_back.jpg,Kurnool_AP39VA7251_20260320_121004_2nd_front.jpg,Kurnool_AP39VA7251_20260320_121004_2nd_back.jpg,Mahesh,admin
20-03-2026,12:13:17,Kurnool,Saurashtra Enviro Projects Pvt. Ltd.,Legacy/MSW,T0179,AP39UX6276,Phase3,29860.00,20-03-2026 12:03:54,10540.00,20-03-2026 12:12:50,19320.00,Legacy/MSW,Kurnool_AP39UX6276_20260320_120408_1st_front.jpg,Kurnool_AP39UX6276_20260320_120409_1st_back.jpg,Kurnool_AP39UX6276_20260320_121314_2nd_front.jpg,Kurnool_AP39UX6276_20260320_121315_2nd_back.jpg,Mahesh,admin
20-03-2026,12:17:18,Kurnool,Saurashtra Enviro Projects Pvt. Ltd.,Legacy/MSW,T0180,AP21TE4795,Phase3,29290.00,20-03-2026 12:08:20,10090.00,20-03-2026 12:16:48,19200.00,Legacy/MSW,Kurnool_AP21TE4795_20260320_120848_1st_front.jpg,Kurnool_AP21TE4795_20260320_120849_1st_back.jpg,Kurnool_AP21TE4795_20260320_121713_2nd_front.jpg,Kurnool_AP21TE4795_20260320_121715_2nd_back.jpg,Mahesh,admin
20-03-2026,12:23:10,Kurnool,Saurashtra Enviro Projects Pvt. Ltd.,Legacy/MSW,T0181,AP26TF2425,Phase3,32140.00,20-03-2026 12:15:10,10140.00,20-03-2026 12:22:40,22000.00,Legacy/MSW,Kurnool_AP26TF2425_20260320_121525_1st_front.jpg,Kurnool_AP26TF2425_20260320_121527_1st_back.jpg,Kurnool_AP26TF2425_20260320_122305_2nd_front.jpg,Kurnool_AP26TF2425_20260320_122308_2nd_back.jpg,Mahesh,admin
20-03-2026,12:30:51,Kurnool,Saurashtra Enviro Projects Pvt. Ltd.,Legacy/MSW,T0182,AP27TZ1494,Phase3,29790.00,20-03-2026 12:21:29,10140.00,20-03-2026 12:30:32,19650.00,Legacy/MSW,Kurnool_AP27TZ1494_20260320_122144_1st_front.jpg,Kurnool_AP27TZ1494_20260320_122145_1st_back.jpg,Kurnool_AP27TZ1494_20260320_123049_2nd_front.jpg,Kurnool_AP27TZ1494_20260320_123050_2nd_back.jpg,Mahesh,admin
20-03-2026,12:37:22,Kurnool,Saurashtra Enviro Projects Pvt. Ltd.,Legacy/MSW,T0183,AP39VA7251,Phase3,26760.00,20-03-2026 12:26:47,10040.00,20-03-2026 12:36:50,16720.00,Legacy/MSW,Kurnool_AP39VA7251_20260320_122715_1st_front.jpg,Kurnool_AP39VA7251_20260320_122717_1st_back.jpg,Kurnool_AP39VA7251_20260320_123719_2nd_front.jpg,Kurnool_AP39VA7251_20260320_123721_2nd_back.jpg,Mahesh,admin
20-03-2026,12:41:28,Kurnool,Saurashtra Enviro Projects Pvt. Ltd.,Legacy/MSW,T0184,AP39UX6276,Phase3,29860.00,20-03-2026 12:32:22,10340.00,20-03-2026 12:40:50,19520.00,Legacy/MSW,Kurnool_AP39UX6276_20260320_123239_1st_front.jpg,Kurnool_AP39UX6276_20260320_123242_1st_back.jpg,Kurnool_AP39UX6276_20260320_124122_2nd_front.jpg,Kurnool_AP39UX6276_20260320_124124_2nd_back.jpg,Mahesh,admin
20-03-2026,12:47:42,Kurnool,Saurashtra Enviro Projects Pvt. Ltd.,Legacy/MSW,T0185,AP21TE4795,Phase3,29500.00,20-03-2026 12:39:52,10060.00,20-03-2026 12:47:12,19440.00,Legacy/MSW,Kurnool_AP21TE4795_20260320_123957_1st_front.jpg,Kurnool_AP21TE4795_20260320_123959_1st_back.jpg,Kurnool_AP21TE4795_20260320_124736_2nd_front.jpg,Kurnool_AP21TE4795_20260320_124738_2nd_back.jpg,Mahesh,admin
20-03-2026,12:56:43,Kurnool,Saurashtra Enviro Projects Pvt. Ltd.,Legacy/MSW,T0186,AP26TF2425,Phase3,32780.00,20-03-2026 12:45:28,9940.00,20-03-2026 12:56:11,22840.00,Legacy/MSW,Kurnool_AP26TF2425_20260320_124551_1st_front.jpg,Kurnool_AP26TF2425_20260320_124553_1st_back.jpg,Kurnool_AP26TF2425_20260320_125640_2nd_front.jpg,Kurnool_AP26TF2425_20260320_125642_2nd_back.jpg,Mahesh,admin
20-03-2026,13:01:02,Kurnool,Saurashtra Enviro Projects Pvt. Ltd.,Legacy/MSW,T0187,AP27TZ1494,Phase3,32590.00,20-03-2026 12:51:16,10290.00,20-03-2026 13:00:34,22300.00,Legacy/MSW,Kurnool_AP27TZ1494_20260320_125142_1st_front.jpg,Kurnool_AP27TZ1494_20260320_125144_1st_back.jpg,Kurnool_AP27TZ1494_20260320_130059_2nd_front.jpg,Kurnool_AP27TZ1494_20260320_130101_2nd_back.jpg,Mahesh,admin
20-03-2026,14:11:13,Kurnool,Saurashtra Enviro Projects Pvt. Ltd.,Legacy/MSW,T0188,AP39VA7251,Phase3,26470.00,20-03-2026 12:57:20,10840.00,20-03-2026 14:10:33,15630.00,Legacy/MSW,Kurnool_AP39VA7251_20260320_125738_1st_front.jpg,Kurnool_AP39VA7251_20260320_125740_1st_back.jpg,Kurnool_AP39VA7251_20260320_141106_2nd_front.jpg,Kurnool_AP39VA7251_20260320_141110_2nd_back.jpg,Mahesh,admin
20-03-2026,14:24:38,Kurnool,Saurashtra Enviro Projects Pvt. Ltd.,Legacy/MSW,T0189,AP39UX6276,Phase3,23010.00,20-03-2026 14:15:32,10220.00,20-03-2026 14:24:09,12790.00,Legacy/MSW,Kurnool_AP39UX6276_20260320_141558_1st_front.jpg,Kurnool_AP39UX6276_20260320_141600_1st_back.jpg,Kurnool_AP39UX6276_20260320_142435_2nd_front.jpg,Kurnool_AP39UX6276_20260320_142437_2nd_back.jpg,Mahesh,admin
20-03-2026,14:31:49,Kurnool,Saurashtra Enviro Projects Pvt. Ltd.,Legacy/MSW,T0190,AP21TE4795,Phase3,28620.00,20-03-2026 14:20:26,10210.00,20-03-2026 14:31:22,18410.00,Legacy/MSW,Kurnool_AP21TE4795_20260320_142050_1st_front.jpg,Kurnool_AP21TE4795_20260320_142051_1st_back.jpg,Kurnool_AP21TE4795_20260320_143146_2nd_front.jpg,Kurnool_AP21TE4795_20260320_143148_2nd_back.jpg,Mahesh,admin
20-03-2026,14:38:01,Kurnool,Saurashtra Enviro Projects Pvt. Ltd.,Legacy/MSW,T0191,AP26TF2425,Phase3,30410.00,20-03-2026 14:27:04,10070.00,20-03-2026 14:37:33,20340.00,Legacy/MSW,Kurnool_AP26TF2425_20260320_142708_1st_front.jpg,Kurnool_AP26TF2425_20260320_142710_1st_back.jpg,Kurnool_AP26TF2425_20260320_143758_2nd_front.jpg,Kurnool_AP26TF2425_20260320_143759_2nd_back.jpg,Mahesh,admin
20-03-2026,14:45:34,Kurnool,Saurashtra Enviro Projects Pvt. Ltd.,Legacy/MSW,T0192,AP27TZ1494,Phase3,28160.00,20-03-2026 14:33:54,10370.00,20-03-2026 14:45:02,17790.00,Legacy/MSW,Kurnool_AP27TZ1494_20260320_143416_1st_front.jpg,Kurnool_AP27TZ1494_20260320_143417_1st_back.jpg,Kurnool_AP27TZ1494_20260320_144530_2nd_front.jpg,Kurnool_AP27TZ1494_20260320_144532_2nd_back.jpg,Mahesh,admin
20-03-2026,14:47:32,Kurnool,Saurashtra Enviro Projects Pvt. Ltd.,Legacy/MSW,T0193,AP39VA7251,Phase3,28120.00,20-03-2026 14:38:36,10110.00,20-03-2026 14:47:06,18010.00,Legacy/MSW,Kurnool_AP39VA7251_20260320_143858_1st_front.jpg,Kurnool_AP39VA7251_20260320_143859_1st_back.jpg,Kurnool_AP39VA7251_20260320_144727_2nd_front.jpg,Kurnool_AP39VA7251_20260320_144728_2nd_back.jpg,Mahesh,admin
20-03-2026,14:54:29,Kurnool,Saurashtra Enviro Projects Pvt. Ltd.,Legacy/MSW,T0194,AP39UX6276,Phase3,32770.00,20-03-2026 14:46:12,10380.00,20-03-2026 14:54:04,22390.00,Legacy/MSW,Kurnool_AP39UX6276_20260320_144628_1st_front.jpg,Kurnool_AP39UX6276_20260320_144629_1st_back.jpg,Kurnool_AP39UX6276_20260320_145426_2nd_front.jpg,Kurnool_AP39UX6276_20260320_145428_2nd_back.jpg,Mahesh,admin
20-03-2026,14:59:47,Kurnool,Saurashtra Enviro Projects Pvt. Ltd.,Legacy/MSW,T0195,AP21TE4795,Phase3,32080.00,20-03-2026 14:51:37,10050.00,20-03-2026 14:59:22,22030.00,Legacy/MSW,Kurnool_AP21TE4795_20260320_145156_1st_front.jpg,Kurnool_AP21TE4795_20260320_145158_1st_back.jpg,Kurnool_AP21TE4795_20260320_145944_2nd_front.jpg,Kurnool_AP21TE4795_20260320_145946_2nd_back.jpg,Mahesh,admin
20-03-2026,15:07:00,Kurnool,Saurashtra Enviro Projects Pvt. Ltd.,Legacy/MSW,T0196,AP26TF2425,Phase3,33090.00,20-03-2026 14:58:30,10120.00,20-03-2026 15:06:37,22970.00,Legacy/MSW,Kurnool_AP26TF2425_20260320_145852_1st_front.jpg,Kurnool_AP26TF2425_20260320_145853_1st_back.jpg,Kurnool_AP26TF2425_20260320_150657_2nd_front.jpg,Kurnool_AP26TF2425_20260320_150658_2nd_back.jpg,Mahesh,admin
20-03-2026,15:14:42,Kurnool,Saurashtra Enviro Projects Pvt. Ltd.,Legacy/MSW,T0197,AP27TZ1494,Phase3,33320.00,20-03-2026 15:04:58,10320.00,20-03-2026 15:14:11,23000.00,Legacy/MSW,Kurnool_AP27TZ1494_20260320_150502_1st_front.jpg,Kurnool_AP27TZ1494_20260320_150503_1st_back.jpg,Kurnool_AP27TZ1494_20260320_151438_2nd_front.jpg,Kurnool_AP27TZ1494_20260320_151440_2nd_back.jpg,Mahesh,admin
20-03-2026,15:17:56,Kurnool,Saurashtra Enviro Projects Pvt. Ltd.,Legacy/MSW,T0198,AP39VA7251,Phase3,29110.00,20-03-2026 15:10:14,10040.00,20-03-2026 15:17:32,19070.00,Legacy/MSW,Kurnool_AP39VA7251_20260320_151019_1st_front.jpg,Kurnool_AP39VA7251_20260320_151021_1st_back.jpg,Kurnool_AP39VA7251_20260320_151752_2nd_front.jpg,Kurnool_AP39VA7251_20260320_151754_2nd_back.jpg,Mahesh,admin
20-03-2026,15:23:43,Kurnool,Saurashtra Enviro Projects Pvt. Ltd.,Legacy/MSW,T0199,AP39UX6276,Phase3,31480.00,20-03-2026 15:15:23,10430.00,20-03-2026 15:23:16,21050.00,Legacy/MSW,Kurnool_AP39UX6276_20260320_151540_1st_front.jpg,Kurnool_AP39UX6276_20260320_151541_1st_back.jpg,Kurnool_AP39UX6276_20260320_152340_2nd_front.jpg,Kurnool_AP39UX6276_20260320_152341_2nd_back.jpg,Mahesh,admin
20-03-2026,15:32:40,Kurnool,Saurashtra Enviro Projects Pvt. Ltd.,Legacy/MSW,T0200,AP21TE4795,Phase3,30460.00,20-03-2026 15:24:08,10020.00,20-03-2026 15:32:15,20440.00,Legacy/MSW,Kurnool_AP21TE4795_20260320_152430_1st_front.jpg,Kurnool_AP21TE4795_20260320_152431_1st_back.jpg,Kurnool_AP21TE4795_20260320_153237_2nd_front.jpg,Kurnool_AP21TE4795_20260320_153238_2nd_back.jpg,Mahesh,admin
20-03-2026,15:40:35,Kurnool,Saurashtra Enviro Projects Pvt. Ltd.,Legacy/MSW,T0201,AP26TF2425,Phase3,33030.00,20-03-2026 15:30:25,10420.00,20-03-2026 15:40:05,22610.00,Legacy/MSW,Kurnool_AP26TF2425_20260320_153028_1st_front.jpg,Kurnool_AP26TF2425_20260320_153030_1st_back.jpg,Kurnool_AP26TF2425_20260320_154030_2nd_front.jpg,Kurnool_AP26TF2425_20260320_154033_2nd_back.jpg,Mahesh,admin
20-03-2026,15:46:49,Kurnool,Saurashtra Enviro Projects Pvt. Ltd.,Legacy/MSW,T0202,AP27TZ1494,Phase3,32820.00,20-03-2026 15:37:29,10300.00,20-03-2026 15:46:36,22520.00,Legacy/MSW,Kurnool_AP27TZ1494_20260320_153733_1st_front.jpg,Kurnool_AP27TZ1494_20260320_153734_1st_back.jpg,Kurnool_AP27TZ1494_20260320_154646_2nd_front.jpg,Kurnool_AP27TZ1494_20260320_154647_2nd_back.jpg,Mahesh,admin
20-03-2026,15:49:55,Kurnool,Saurashtra Enviro Projects Pvt. Ltd.,Legacy/MSW,T0203,AP39VA7251,Phase3,28560.00,20-03-2026 15:42:17,10050.00,20-03-2026 15:49:27,18510.00,Legacy/MSW,Kurnool_AP39VA7251_20260320_154233_1st_front.jpg,Kurnool_AP39VA7251_20260320_154235_1st_back.jpg,Kurnool_AP39VA7251_20260320_154949_2nd_front.jpg,Kurnool_AP39VA7251_20260320_154951_2nd_back.jpg,Mahesh,admin
20-03-2026,15:56:04,Kurnool,Saurashtra Enviro Projects Pvt. Ltd.,Legacy/MSW,T0204,AP39UX6276,Phase3,32640.00,20-03-2026 15:48:39,10380.00,20-03-2026 15:55:54,22260.00,Legacy/MSW,Kurnool_AP39UX6276_20260320_154854_1st_front.jpg,Kurnool_AP39UX6276_20260320_154856_1st_back.jpg,Kurnool_AP39UX6276_20260320_155558_2nd_front.jpg,Kurnool_AP39UX6276_20260320_155600_2nd_back.jpg,Mahesh,admin
20-03-2026,16:04:58,Kurnool,Saurashtra Enviro Projects Pvt. Ltd.,Legacy/MSW,T0205,AP21TE4795,Phase3,27760.00,20-03-2026 15:56:40,10110.00,20-03-2026 16:04:27,17650.00,Legacy/MSW,Kurnool_AP21TE4795_20260320_155644_1st_front.jpg,Kurnool_AP21TE4795_20260320_155646_1st_back.jpg,Kurnool_AP21TE4795_20260320_160452_2nd_front.jpg,Kurnool_AP21TE4795_20260320_160454_2nd_back.jpg,Mahesh,admin
20-03-2026,16:10:13,Kurnool,Saurashtra Enviro Projects Pvt. Ltd.,Legacy/MSW,T0206,AP26TF2425,Phase3,31550.00,20-03-2026 16:02:02,10140.00,20-03-2026 16:09:42,21410.00,Legacy/MSW,Kurnool_AP26TF2425_20260320_160207_1st_front.jpg,Kurnool_AP26TF2425_20260320_160209_1st_back.jpg,Kurnool_AP26TF2425_20260320_161010_2nd_front.jpg,Kurnool_AP26TF2425_20260320_161011_2nd_back.jpg,Mahesh,admin
20-03-2026,16:30:42,Kurnool,Saurashtra Enviro Projects Pvt. Ltd.,Legacy/MSW,T0207,AP27TZ1494,Phase3,32460.00,20-03-2026 16:10:52,10280.00,20-03-2026 16:30:06,22180.00,Legacy/MSW,Kurnool_AP27TZ1494_20260320_161122_1st_front.jpg,Kurnool_AP27TZ1494_20260320_161125_1st_back.jpg,Kurnool_AP27TZ1494_20260320_163037_2nd_front.jpg,Kurnool_AP27TZ1494_20260320_163038_2nd_back.jpg,Mahesh,admin
20-03-2026,16:24:07,Kurnool,Saurashtra Enviro Projects Pvt. Ltd.,Legacy/MSW,T0208,AP39VA7251,Phase3,30530.00,20-03-2026 16:14:48,10060.00,20-03-2026 16:23:41,20470.00,Legacy/MSW,Kurnool_AP39VA7251_20260320_161503_1st_front.jpg,Kurnool_AP39VA7251_20260320_161504_1st_back.jpg,Kurnool_AP39VA7251_20260320_162404_2nd_front.jpg,Kurnool_AP39VA7251_20260320_162406_2nd_back.jpg,Mahesh,admin
20-03-2026,16:32:22,Kurnool,Saurashtra Enviro Projects Pvt. Ltd.,Legacy/MSW,T0209,AP39UX6276,Phase3,27420.00,20-03-2026 16:21:07,10340.00,20-03-2026 16:31:55,17080.00,Legacy/MSW,Kurnool_AP39UX6276_20260320_162141_1st_front.jpg,Kurnool_AP39UX6276_20260320_162143_1st_back.jpg,Kurnool_AP39UX6276_20260320_163218_2nd_front.jpg,Kurnool_AP39UX6276_20260320_163221_2nd_back.jpg,Mahesh,admin
20-03-2026,16:39:13,Kurnool,Saurashtra Enviro Projects Pvt. Ltd.,Legacy/MSW,T0210,AP21TE4795,Phase3,26850.00,20-03-2026 16:28:04,10030.00,20-03-2026 16:38:41,16820.00,Legacy/MSW,Kurnool_AP21TE4795_20260320_162810_1st_front.jpg,Kurnool_AP21TE4795_20260320_162811_1st_back.jpg,Kurnool_AP21TE4795_20260320_163910_2nd_front.jpg,Kurnool_AP21TE4795_20260320_163911_2nd_back.jpg,Mahesh,admin
20-03-2026,16:57:13,Kurnool,Saurashtra Enviro Projects Pvt. Ltd.,Legacy/MSW,T0211,AP26TF2425,Phase3,30400.00,20-03-2026 16:34:43,10060.00,20-03-2026 16:56:45,20340.00,Legacy/MSW,Kurnool_AP26TF2425_20260320_163526_1st_front.jpg,Kurnool_AP26TF2425_20260320_163528_1st_back.jpg,Kurnool_AP26TF2425_20260320_165709_2nd_front.jpg,Kurnool_AP26TF2425_20260320_165710_2nd_back.jpg,Mahesh,admin
20-03-2026,17:02:10,Kurnool,Saurashtra Enviro Projects Pvt. Ltd.,Legacy/MSW,T0212,AP39VA7251,Phase3,27990.00,20-03-2026 16:42:24,10060.00,20-03-2026 17:01:35,17930.00,Legacy/MSW,Kurnool_AP39VA7251_20260320_164256_1st_front.jpg,Kurnool_AP39VA7251_20260320_164258_1st_back.jpg,Kurnool_AP39VA7251_20260320_170205_2nd_front.jpg,Kurnool_AP39VA7251_20260320_170207_2nd_back.jpg,Mahesh,admin
20-03-2026,17:08:24,Kurnool,Saurashtra Enviro Projects Pvt. Ltd.,Legacy/MSW,T0213,AP39UX6276,Phase3,31960.00,20-03-2026 16:54:46,10320.00,20-03-2026 17:07:49,21640.00,Legacy/MSW,Kurnool_AP39UX6276_20260320_165511_1st_front.jpg,Kurnool_AP39UX6276_20260320_165513_1st_back.jpg,Kurnool_AP39UX6276_20260320_170819_2nd_front.jpg,Kurnool_AP39UX6276_20260320_170822_2nd_back.jpg,Mahesh,admin
20-03-2026,17:14:31,Kurnool,Saurashtra Enviro Projects Pvt. Ltd.,Legacy/MSW,T0214,AP21TE4795,Phase3,30440.00,20-03-2026 17:02:51,10040.00,20-03-2026 17:13:52,20400.00,Legacy/MSW,Kurnool_AP21TE4795_20260320_170306_1st_front.jpg,Kurnool_AP21TE4795_20260320_170308_1st_back.jpg,Kurnool_AP21TE4795_20260320_171427_2nd_front.jpg,Kurnool_AP21TE4795_20260320_171429_2nd_back.jpg,Mahesh,admin
20-03-2026,17:50:52,Kurnool,Saurashtra Enviro Projects Pvt. Ltd.,Legacy/MSW,T0215,AP27TZ1494,Phase3,33690.00,20-03-2026 17:29:17,10610.00,20-03-2026 17:50:13,23080.00,Legacy/MSW,Kurnool_AP27TZ1494_20260320_172950_1st_front.jpg,Kurnool_AP27TZ1494_20260320_172952_1st_back.jpg,Kurnool_AP27TZ1494_20260320_175049_2nd_front.jpg,Kurnool_AP27TZ1494_20260320_175050_2nd_back.jpg,Mahesh,admin
20-03-2026,17:59:25,Kurnool,Saurashtra Enviro Projects Pvt. Ltd.,Legacy/MSW,T0216,AP26TF2425,Phase3,23600.00,20-03-2026 17:53:57,10100.00,20-03-2026 17:59:07,13500.00,Legacy/MSW,Kurnool_AP26TF2425_20260320_175402_1st_front.jpg,Kurnool_AP26TF2425_20260320_175403_1st_back.jpg,Kurnool_AP26TF2425_20260320_175919_2nd_front.jpg,Kurnool_AP26TF2425_20260320_175923_2nd_back.jpg,Mahesh,admin
20-03-2026,18:06:41,Kurnool,Saurashtra Enviro Projects Pvt. Ltd.,Legacy/MSW,T0217,AP39VA7251,Phase3,25320.00,20-03-2026 17:59:59,10120.00,20-03-2026 18:05:57,15200.00,Legacy/MSW,Kurnool_AP39VA7251_20260320_180003_1st_front.jpg,Kurnool_AP39VA7251_20260320_180005_1st_back.jpg,Kurnool_AP39VA7251_20260320_180637_2nd_front.jpg,Kurnool_AP39VA7251_20260320_180639_2nd_back.jpg,Mahesh,admin
20-03-2026,18:11:54,Kurnool,Saurashtra Enviro Projects Pvt. Ltd.,Legacy/MSW,T0218,AP39UX6276,Phase3,24710.00,20-03-2026 18:04:19,10460.00,20-03-2026 18:11:23,14250.00,Legacy/MSW,Kurnool_AP39UX6276_20260320_180445_1st_front.jpg,Kurnool_AP39UX6276_20260320_180447_1st_back.jpg,Kurnool_AP39UX6276_20260320_181149_2nd_front.jpg,Kurnool_AP39UX6276_20260320_181151_2nd_back.jpg,Mahesh,admin
20-03-2026,18:16:00,Kurnool,Saurashtra Enviro Projects Pvt. Ltd.,Legacy/MSW,T0219,AP21TE4795,Phase3,22910.00,20-03-2026 18:08:59,10300.00,20-03-2026 18:15:26,12610.00,Legacy/MSW,Kurnool_AP21TE4795_20260320_180913_1st_front.jpg,Kurnool_AP21TE4795_20260320_180914_1st_back.jpg,Kurnool_AP21TE4795_20260320_181556_2nd_front.jpg,Kurnool_AP21TE4795_20260320_181558_2nd_back.jpg,Mahesh,admin
20-03-2026,20:45:42,Kurnool,Saurashtra Enviro Projects Pvt. Ltd.,Legacy/MSW,T0220,AP39UX6276,Phase3,20200.00,20-03-2026 20:31:28,10430.00,20-03-2026 20:45:08,9770.00,Legacy/MSW,Kurnool_AP39UX6276_20260320_203133_1st_front.jpg,Kurnool_AP39UX6276_20260320_203135_1st_back.jpg,Kurnool_AP39UX6276_20260320_204537_2nd_front.jpg,Kurnool_AP39UX6276_20260320_204539_2nd_back.jpg,Mahesh,admin
20-03-2026,21:00:39,Kurnool,Saurashtra Enviro Projects Pvt. Ltd.,Legacy/MSW,T0221,AP26TF2425,Phase3,22110.00,20-03-2026 20:32:29,10150.00,20-03-2026 21:00:06,11960.00,Legacy/MSW,Kurnool_AP26TF2425_20260320_203233_1st_front.jpg,Kurnool_AP26TF2425_20260320_203235_1st_back.jpg,Kurnool_AP26TF2425_20260320_210035_2nd_front.jpg,Kurnool_AP26TF2425_20260320_210037_2nd_back.jpg,Mahesh,admin
20-03-2026,23:07:06,Kurnool,Saurashtra Enviro Projects Pvt. Ltd.,Legacy/MSW,T0222,AP27TZ1494,Phase3,23550.00,20-03-2026 20:38:42,10340.00,20-03-2026 23:06:05,13210.00,Legacy/MSW,Kurnool_AP27TZ1494_20260320_203847_1st_front.jpg,Kurnool_AP27TZ1494_20260320_203849_1st_back.jpg,Kurnool_AP27TZ1494_20260320_230702_2nd_front.jpg,Kurnool_AP27TZ1494_20260320_230704_2nd_back.jpg,Mahesh,admin
20-03-2026,21:02:36,Kurnool,Saurashtra Enviro Projects Pvt. Ltd.,Legacy/MSW,T0223,AP39VA7251,Phase3,19260.00,20-03-2026 20:41:00,10140.00,20-03-2026 21:01:56,9120.00,Legacy/MSW,Kurnool_AP39VA7251_20260320_204105_1st_front.jpg,Kurnool_AP39VA7251_20260320_204108_1st_back.jpg,Kurnool_AP39VA7251_20260320_210233_2nd_front.jpg,Kurnool_AP39VA7251_20260320_210234_2nd_back.jpg,Mahesh,admin
20-03-2026,21:08:29,Kurnool,Saurashtra Enviro Projects Pvt. Ltd.,Legacy/MSW,T0224,AP21TE4795,Phase3,25480.00,20-03-2026 20:44:06,10290.00,20-03-2026 21:07:58,15190.00,Legacy/MSW,Kurnool_AP21TE4795_20260320_204411_1st_front.jpg,Kurnool_AP21TE4795_20260320_204413_1st_back.jpg,Kurnool_AP21TE4795_20260320_210824_2nd_front.jpg,Kurnool_AP21TE4795_20260320_210825_2nd_back.jpg,Mahesh,admin
20-03-2026,21:15:57,Kurnool,Saurashtra Enviro Projects Pvt. Ltd.,Legacy/MSW,T0225,AP39UX6276,Phase3,19110.00,20-03-2026 20:53:43,10440.00,20-03-2026 21:15:26,8670.00,Legacy/MSW,Kurnool_AP39UX6276_20260320_205348_1st_front.jpg,Kurnool_AP39UX6276_20260320_205350_1st_back.jpg,Kurnool_AP39UX6276_20260320_211553_2nd_front.jpg,Kurnool_AP39UX6276_20260320_211555_2nd_back.jpg,Mahesh,admin
20-03-2026,21:32:59,Kurnool,Saurashtra Enviro Projects Pvt. Ltd.,Legacy/MSW,T0226,AP26TF2425,Phase3,22160.00,20-03-2026 21:09:34,10170.00,20-03-2026 21:32:24,11990.00,Legacy/MSW,Kurnool_AP26TF2425_20260320_210938_1st_front.jpg,Kurnool_AP26TF2425_20260320_210939_1st_back.jpg,Kurnool_AP26TF2425_20260320_213255_2nd_front.jpg,Kurnool_AP26TF2425_20260320_213257_2nd_back.jpg,Mahesh,admin
20-03-2026,21:44:17,Kurnool,Saurashtra Enviro Projects Pvt. Ltd.,Legacy/MSW,T0227,AP39VA7251,Phase3,19720.00,20-03-2026 21:12:18,10180.00,20-03-2026 21:43:39,9540.00,Legacy/MSW,Kurnool_AP39VA7251_20260320_211222_1st_front.jpg,Kurnool_AP39VA7251_20260320_211224_1st_back.jpg,Kurnool_AP39VA7251_20260320_214412_2nd_front.jpg,Kurnool_AP39VA7251_20260320_214415_2nd_back.jpg,Mahesh,admin
20-03-2026,21:39:34,Kurnool,Saurashtra Enviro Projects Pvt. Ltd.,Legacy/MSW,T0228,AP21TE4795,Phase3,20150.00,20-03-2026 21:17:09,10260.00,20-03-2026 21:38:54,9890.00,Legacy/MSW,Kurnool_AP21TE4795_20260320_211713_1st_front.jpg,Kurnool_AP21TE4795_20260320_211714_1st_back.jpg,Kurnool_AP21TE4795_20260320_213930_2nd_front.jpg,Kurnool_AP21TE4795_20260320_213932_2nd_back.jpg,Mahesh,admin
20-03-2026,21:47:28,Kurnool,Saurashtra Enviro Projects Pvt. Ltd.,Legacy/MSW,T0229,AP39UX6276,Phase3,19580.00,20-03-2026 21:23:41,10430.00,20-03-2026 21:46:55,9150.00,Legacy/MSW,Kurnool_AP39UX6276_20260320_212345_1st_front.jpg,Kurnool_AP39UX6276_20260320_212349_1st_back.jpg,Kurnool_AP39UX6276_20260320_214724_2nd_front.jpg,Kurnool_AP39UX6276_20260320_214726_2nd_back.jpg,Mahesh,admin
20-03-2026,22:02:39,Kurnool,Saurashtra Enviro Projects Pvt. Ltd.,Legacy/MSW,T0230,AP26TF2425,Phase3,26720.00,20-03-2026 21:49:17,10220.00,20-03-2026 22:02:04,16500.00,Legacy/MSW,Kurnool_AP26TF2425_20260320_214924_1st_front.jpg,Kurnool_AP26TF2425_20260320_214926_1st_back.jpg,Kurnool_AP26TF2425_20260320_220234_2nd_front.jpg,Kurnool_AP26TF2425_20260320_220236_2nd_back.jpg,Mahesh,admin
20-03-2026,22:09:28,Kurnool,Saurashtra Enviro Projects Pvt. Ltd.,Legacy/MSW,T0231,AP21TE4795,Phase3,23240.00,20-03-2026 21:54:49,10290.00,20-03-2026 22:08:32,12950.00,Legacy/MSW,Kurnool_AP21TE4795_20260320_215454_1st_front.jpg,Kurnool_AP21TE4795_20260320_215456_1st_back.jpg,Kurnool_AP21TE4795_20260320_220923_2nd_front.jpg,Kurnool_AP21TE4795_20260320_220926_2nd_back.jpg,Mahesh,admin
20-03-2026,22:15:01,Kurnool,Saurashtra Enviro Projects Pvt. Ltd.,Legacy/MSW,T0232,AP39VA7251,Phase3,23700.00,20-03-2026 22:00:47,11540.00,20-03-2026 22:14:02,12160.00,Legacy/MSW,Kurnool_AP39VA7251_20260320_220051_1st_front.jpg,Kurnool_AP39VA7251_20260320_220053_1st_back.jpg,Kurnool_AP39VA7251_20260320_221454_2nd_front.jpg,Kurnool_AP39VA7251_20260320_221458_2nd_back.jpg,Mahesh,admin
20-03-2026,22:22:50,Kurnool,Saurashtra Enviro Projects Pvt. Ltd.,Legacy/MSW,T0233,AP39UX6276,Phase3,21840.00,20-03-2026 22:11:37,10420.00,20-03-2026 22:22:19,11420.00,Legacy/MSW,Kurnool_AP39UX6276_20260320_221142_1st_front.jpg,Kurnool_AP39UX6276_20260320_221145_1st_back.jpg,Kurnool_AP39UX6276_20260320_222246_2nd_front.jpg,Kurnool_AP39UX6276_20260320_222248_2nd_back.jpg,Mahesh,admin
20-03-2026,22:31:51,Kurnool,Saurashtra Enviro Projects Pvt. Ltd.,Legacy/MSW,T0234,AP26TF2425,Phase3,25180.00,20-03-2026 22:17:38,10120.00,20-03-2026 22:31:21,15060.00,Legacy/MSW,Kurnool_AP26TF2425_20260320_221743_1st_front.jpg,Kurnool_AP26TF2425_20260320_221745_1st_back.jpg,Kurnool_AP26TF2425_20260320_223148_2nd_front.jpg,Kurnool_AP26TF2425_20260320_223149_2nd_back.jpg,Mahesh,admin
20-03-2026,22:38:00,Kurnool,Saurashtra Enviro Projects Pvt. Ltd.,Legacy/MSW,T0235,AP21TE4795,Phase3,24450.00,20-03-2026 22:21:07,10310.00,20-03-2026 22:37:19,14140.00,Legacy/MSW,Kurnool_AP21TE4795_20260320_222111_1st_front.jpg,Kurnool_AP21TE4795_20260320_222113_1st_back.jpg,Kurnool_AP21TE4795_20260320_223757_2nd_front.jpg,Kurnool_AP21TE4795_20260320_223759_2nd_back.jpg,Mahesh,admin
20-03-2026,22:47:16,Kurnool,Saurashtra Enviro Projects Pvt. Ltd.,Legacy/MSW,T0236,AP39VA7251,Phase3,24680.00,20-03-2026 22:24:49,10210.00,20-03-2026 22:46:42,14470.00,Legacy/MSW,Kurnool_AP39VA7251_20260320_222453_1st_front.jpg,Kurnool_AP39VA7251_20260320_222455_1st_back.jpg,Kurnool_AP39VA7251_20260320_224713_2nd_front.jpg,Kurnool_AP39VA7251_20260320_224715_2nd_back.jpg,Mahesh,admin
20-03-2026,22:55:19,Kurnool,Saurashtra Enviro Projects Pvt. Ltd.,Legacy/MSW,T0237,AP39UX6276,Phase3,24170.00,20-03-2026 22:30:03,10360.00,20-03-2026 22:54:39,13810.00,Legacy/MSW,Kurnool_AP39UX6276_20260320_223007_1st_front.jpg,Kurnool_AP39UX6276_20260320_223009_1st_back.jpg,Kurnool_AP39UX6276_20260320_225515_2nd_front.jpg,Kurnool_AP39UX6276_20260320_225517_2nd_back.jpg,Mahesh,admin
20-03-2026,23:00:30,Kurnool,Saurashtra Enviro Projects Pvt. Ltd.,Legacy/MSW,T0238,AP26TF2425,Phase3,25410.00,20-03-2026 22:39:45,10120.00,20-03-2026 22:59:44,15290.00,Legacy/MSW,Kurnool_AP26TF2425_20260320_223951_1st_front.jpg,Kurnool_AP26TF2425_20260320_223953_1st_back.jpg,Kurnool_AP26TF2425_20260320_230026_2nd_front.jpg,Kurnool_AP26TF2425_20260320_230028_2nd_back.jpg,Mahesh,admin
20-03-2026,23:20:43,Kurnool,Saurashtra Enviro Projects Pvt. Ltd.,Legacy/MSW,T0239,AP21TE4795,Phase3,23550.00,20-03-2026 22:50:42,10340.00,20-03-2026 23:20:02,13210.00,Legacy/MSW,Kurnool_AP21TE4795_20260320_225046_1st_front.jpg,Kurnool_AP21TE4795_20260320_225048_1st_back.jpg,Kurnool_AP21TE4795_20260320_232039_2nd_front.jpg,Kurnool_AP21TE4795_20260320_232041_2nd_back.jpg,Mahesh,admin
20-03-2026,23:23:16,Kurnool,Saurashtra Enviro Projects Pvt. Ltd.,Legacy/MSW,T0240,AP39VA7251,Phase3,23970.00,20-03-2026 22:56:12,10220.00,20-03-2026 23:22:32,13750.00,Legacy/MSW,Kurnool_AP39VA7251_20260320_225618_1st_front.jpg,Kurnool_AP39VA7251_20260320_225621_1st_back.jpg,Kurnool_AP39VA7251_20260320_232312_2nd_front.jpg,Kurnool_AP39VA7251_20260320_232314_2nd_back.jpg,Mahesh,admin
20-03-2026,23:36:33,Kurnool,Saurashtra Enviro Projects Pvt. Ltd.,Legacy/MSW,T0241,AP39UX6276,Phase3,25820.00,20-03-2026 23:03:45,10390.00,20-03-2026 23:35:53,15430.00,Legacy/MSW,Kurnool_AP39UX6276_20260320_230349_1st_front.jpg,Kurnool_AP39UX6276_20260320_230351_1st_back.jpg,Kurnool_AP39UX6276_20260320_233630_2nd_front.jpg,Kurnool_AP39UX6276_20260320_233632_2nd_back.jpg,Mahesh,admin
20-03-2026,23:38:14,Kurnool,Saurashtra Enviro Projects Pvt. Ltd.,Legacy/MSW,T0242,AP26TF2425,Phase3,28550.00,20-03-2026 23:10:05,10240.00,20-03-2026 23:37:34,18310.00,Legacy/MSW,Kurnool_AP26TF2425_20260320_231010_1st_front.jpg,Kurnool_AP26TF2425_20260320_231013_1st_back.jpg,Kurnool_AP26TF2425_20260320_233810_2nd_front.jpg,Kurnool_AP26TF2425_20260320_233812_2nd_back.jpg,Mahesh,admin
20-03-2026,23:39:44,Kurnool,Saurashtra Enviro Projects Pvt. Ltd.,Legacy/MSW,T0243,AP27TZ1494,Phase3,27820.00,20-03-2026 23:15:25,10470.00,20-03-2026 23:39:03,17350.00,Legacy/MSW,Kurnool_AP27TZ1494_20260320_231530_1st_front.jpg,Kurnool_AP27TZ1494_20260320_231531_1st_back.jpg,Kurnool_AP27TZ1494_20260320_233940_2nd_front.jpg,Kurnool_AP27TZ1494_20260320_233942_2nd_back.jpg,Mahesh,admin
20-03-2026,23:52:18,Kurnool,Saurashtra Enviro Projects Pvt. Ltd.,Legacy/MSW,T0244,AP21TE4795,Phase3,25780.00,20-03-2026 23:28:54,10280.00,20-03-2026 23:51:24,15500.00,Legacy/MSW,Kurnool_AP21TE4795_20260320_232900_1st_front.jpg,Kurnool_AP21TE4795_20260320_232902_1st_back.jpg,Kurnool_AP21TE4795_20260320_235215_2nd_front.jpg,Kurnool_AP21TE4795_20260320_235217_2nd_back.jpg,Mahesh,admin
20-03-2026,23:57:37,Kurnool,Saurashtra Enviro Projects Pvt. Ltd.,Legacy/MSW,T0245,AP39VA7251,Phase3,26640.00,20-03-2026 23:41:24,10190.00,20-03-2026 23:56:59,16450.00,Legacy/MSW,Kurnool_AP39VA7251_20260320_234130_1st_front.jpg,Kurnool_AP39VA7251_20260320_234131_1st_back.jpg,Kurnool_AP39VA7251_20260320_235734_2nd_front.jpg,Kurnool_AP39VA7251_20260320_235736_2nd_back.jpg,Mahesh,admin
21-03-2026,00:03:57,Kurnool,Saurashtra Enviro Projects Pvt. Ltd.,Legacy/MSW,T0246,AP39UX6276,Phase3,27490.00,20-03-2026 23:44:58,10410.00,21-03-2026 00:03:18,17080.00,Legacy/MSW,Kurnool_AP39UX6276_20260320_234503_1st_front.jpg,Kurnool_AP39UX6276_20260320_234505_1st_back.jpg,Kurnool_AP39UX6276_20260321_000353_2nd_front.jpg,Kurnool_AP39UX6276_20260321_000355_2nd_back.jpg,Mahesh,admin
21-03-2026,00:11:26,Kurnool,Saurashtra Enviro Projects Pvt. Ltd.,Legacy/MSW,T0247,AP26TF2425,Phase3,27950.00,20-03-2026 23:49:15,10230.00,21-03-2026 00:10:55,17720.00,Legacy/MSW,Kurnool_AP26TF2425_20260320_234920_1st_front.jpg,Kurnool_AP26TF2425_20260320_234922_1st_back.jpg,Kurnool_AP26TF2425_20260321_001122_2nd_front.jpg,Kurnool_AP26TF2425_20260321_001124_2nd_back.jpg,Mahesh,admin
21-03-2026,00:21:52,Kurnool,Saurashtra Enviro Projects Pvt. Ltd.,Legacy/MSW,T0248,AP27TZ1494,Phase3,26900.00,20-03-2026 23:55:07,10410.00,21-03-2026 00:21:07,16490.00,Legacy/MSW,Kurnool_AP27TZ1494_20260320_235512_1st_front.jpg,Kurnool_AP27TZ1494_20260320_235513_1st_back.jpg,Kurnool_AP27TZ1494_20260321_002148_2nd_front.jpg,Kurnool_AP27TZ1494_20260321_002150_2nd_back.jpg,Mahesh,admin
21-03-2026,00:25:38,Kurnool,Saurashtra Enviro Projects Pvt. Ltd.,Legacy/MSW,T0249,AP21TE4795,Phase3,25510.00,20-03-2026 23:59:46,10280.00,21-03-2026 00:25:02,15230.00,Legacy/MSW,Kurnool_AP21TE4795_20260320_235950_1st_front.jpg,Kurnool_AP21TE4795_20260320_235952_1st_back.jpg,Kurnool_AP21TE4795_20260321_002534_2nd_front.jpg,Kurnool_AP21TE4795_20260321_002536_2nd_back.jpg,Mahesh,admin
21-03-2026,00:30:25,Kurnool,Saurashtra Enviro Projects Pvt. Ltd.,Legacy/MSW,T0250,AP39VA7251,Phase3,24380.00,21-03-2026 00:06:58,10500.00,21-03-2026 00:29:48,13880.00,Legacy/MSW,Kurnool_AP39VA7251_20260321_000703_1st_front.jpg,Kurnool_AP39VA7251_20260321_000705_1st_back.jpg,Kurnool_AP39VA7251_20260321_003021_2nd_front.jpg,Kurnool_AP39VA7251_20260321_003024_2nd_back.jpg,Mahesh,admin
21-03-2026,00:43:20,Kurnool,Saurashtra Enviro Projects Pvt. Ltd.,Legacy/MSW,T0251,AP39UX6276,Phase3,23790.00,21-03-2026 00:13:00,10460.00,21-03-2026 00:42:49,13330.00,Legacy/MSW,Kurnool_AP39UX6276_20260321_001304_1st_front.jpg,Kurnool_AP39UX6276_20260321_001306_1st_back.jpg,Kurnool_AP39UX6276_20260321_004316_2nd_front.jpg,Kurnool_AP39UX6276_20260321_004318_2nd_back.jpg,Mahesh,admin
21-03-2026,00:50:33,Kurnool,Saurashtra Enviro Projects Pvt. Ltd.,Legacy/MSW,T0252,AP26TF2425,Phase3,29590.00,21-03-2026 00:19:17,10200.00,21-03-2026 00:50:02,19390.00,Legacy/MSW,Kurnool_AP26TF2425_20260321_001922_1st_front.jpg,Kurnool_AP26TF2425_20260321_001924_1st_back.jpg,Kurnool_AP26TF2425_20260321_005030_2nd_front.jpg,Kurnool_AP26TF2425_20260321_005031_2nd_back.jpg,Mahesh,admin
21-03-2026,00:46:31,Kurnool,Saurashtra Enviro Projects Pvt. Ltd.,Legacy/MSW,T0253,AP27TZ1494,Phase3,34140.00,21-03-2026 00:32:42,10380.00,21-03-2026 00:45:54,23760.00,Legacy/MSW,Kurnool_AP27TZ1494_20260321_003246_1st_front.jpg,Kurnool_AP27TZ1494_20260321_003248_1st_back.jpg,Kurnool_AP27TZ1494_20260321_004628_2nd_front.jpg,Kurnool_AP27TZ1494_20260321_004630_2nd_back.jpg,Mahesh,admin
21-03-2026,00:49:00,Kurnool,Saurashtra Enviro Projects Pvt. Ltd.,Legacy/MSW,T0254,AP21TE4795,Phase3,27270.00,21-03-2026 00:36:40,10180.00,21-03-2026 00:48:24,17090.00,Legacy/MSW,Kurnool_AP21TE4795_20260321_003645_1st_front.jpg,Kurnool_AP21TE4795_20260321_003647_1st_back.jpg,Kurnool_AP21TE4795_20260321_004856_2nd_front.jpg,Kurnool_AP21TE4795_20260321_004858_2nd_back.jpg,Mahesh,admin
21-03-2026,00:56:53,Kurnool,Saurashtra Enviro Projects Pvt. Ltd.,Legacy/MSW,T0255,AP39VA7251,Phase3,26000.00,21-03-2026 00:41:42,10190.00,21-03-2026 00:56:18,15810.00,Legacy/MSW,Kurnool_AP39VA7251_20260321_004146_1st_front.jpg,Kurnool_AP39VA7251_20260321_004148_1st_back.jpg,Kurnool_AP39VA7251_20260321_005650_2nd_front.jpg,Kurnool_AP39VA7251_20260321_005652_2nd_back.jpg,Mahesh,admin
21-03-2026,01:02:56,Kurnool,Saurashtra Enviro Projects Pvt. Ltd.,Legacy/MSW,T0256,AP39UX6276,Phase3,29180.00,21-03-2026 00:53:01,10390.00,21-03-2026 01:02:12,18790.00,Legacy/MSW,Kurnool_AP39UX6276_20260321_005306_1st_front.jpg,Kurnool_AP39UX6276_20260321_005308_1st_back.jpg,Kurnool_AP39UX6276_20260321_010252_2nd_front.jpg,Kurnool_AP39UX6276_20260321_010254_2nd_back.jpg,Mahesh,admin
21-03-2026,01:09:03,Kurnool,Saurashtra Enviro Projects Pvt. Ltd.,Legacy/MSW,T0257,AP27TZ1494,Phase3,28870.00,21-03-2026 00:58:43,10370.00,21-03-2026 01:08:15,18500.00,Legacy/MSW,Kurnool_AP27TZ1494_20260321_005847_1st_front.jpg,Kurnool_AP27TZ1494_20260321_005848_1st_back.jpg,Kurnool_AP27TZ1494_20260321_010900_2nd_front.jpg,Kurnool_AP27TZ1494_20260321_010902_2nd_back.jpg,Mahesh,admin
21-03-2026,01:11:28,Kurnool,Saurashtra Enviro Projects Pvt. Ltd.,Legacy/MSW,T0258,AP21TE4795,Phase3,26950.00,21-03-2026 01:03:33,10280.00,21-03-2026 01:11:00,16670.00,Legacy/MSW,Kurnool_AP21TE4795_20260321_010337_1st_front.jpg,Kurnool_AP21TE4795_20260321_010339_1st_back.jpg,Kurnool_AP21TE4795_20260321_011125_2nd_front.jpg,Kurnool_AP21TE4795_20260321_011127_2nd_back.jpg,Mahesh,admin
21-03-2026,01:17:42,Kurnool,Saurashtra Enviro Projects Pvt. Ltd.,Legacy/MSW,T0259,AP26TF2425,Phase3,30920.00,21-03-2026 01:09:52,10040.00,21-03-2026 01:17:07,20880.00,Legacy/MSW,Kurnool_AP26TF2425_20260321_010955_1st_front.jpg,Kurnool_AP26TF2425_20260321_010957_1st_back.jpg,Kurnool_AP26TF2425_20260321_011738_2nd_front.jpg,Kurnool_AP26TF2425_20260321_011740_2nd_back.jpg,Mahesh,admin
21-03-2026,01:23:56,Kurnool,Saurashtra Enviro Projects Pvt. Ltd.,Legacy/MSW,T0260,AP39UX6276,Phase3,24810.00,21-03-2026 01:14:39,10390.00,21-03-2026 01:23:21,14420.00,Legacy/MSW,Kurnool_AP39UX6276_20260321_011447_1st_front.jpg,Kurnool_AP39UX6276_20260321_011449_1st_back.jpg,Kurnool_AP39UX6276_20260321_012353_2nd_front.jpg,Kurnool_AP39UX6276_20260321_012354_2nd_back.jpg,Mahesh,admin
21-03-2026,01:27:22,Kurnool,Saurashtra Enviro Projects Pvt. Ltd.,Legacy/MSW,T0261,AP39VA7251,Phase3,25490.00,21-03-2026 01:19:38,10200.00,21-03-2026 01:26:51,15290.00,Legacy/MSW,Kurnool_AP39VA7251_20260321_011942_1st_front.jpg,Kurnool_AP39VA7251_20260321_011943_1st_back.jpg,Kurnool_AP39VA7251_20260321_012719_2nd_front.jpg,Kurnool_AP39VA7251_20260321_012721_2nd_back.jpg,Mahesh,admin
21-03-2026,01:35:02,Kurnool,Saurashtra Enviro Projects Pvt. Ltd.,Legacy/MSW,T0262,AP27TZ1494,Phase3,26810.00,21-03-2026 01:24:55,10400.00,21-03-2026 01:34:26,16410.00,Legacy/MSW,Kurnool_AP27TZ1494_20260321_012501_1st_front.jpg,Kurnool_AP27TZ1494_20260321_012502_1st_back.jpg,Kurnool_AP27TZ1494_20260321_013456_2nd_front.jpg,Kurnool_AP27TZ1494_20260321_013458_2nd_back.jpg,Mahesh,admin
21-03-2026,01:39:39,Kurnool,Saurashtra Enviro Projects Pvt. Ltd.,Legacy/MSW,T0263,AP21TE4795,Phase3,29730.00,21-03-2026 01:29:30,10260.00,21-03-2026 01:39:09,19470.00,Legacy/MSW,Kurnool_AP21TE4795_20260321_012936_1st_front.jpg,Kurnool_+_20260321_012938_1st_back.jpg,Kurnool_AP21TE4795_20260321_013936_2nd_front.jpg,Kurnool_AP21TE4795_20260321_013938_2nd_back.jpg,Mahesh,admin
21-03-2026,01:46:37,Kurnool,Saurashtra Enviro Projects Pvt. Ltd.,Legacy/MSW,T0264,AP26TF2425,Phase3,30790.00,21-03-2026 01:37:51,10140.00,21-03-2026 01:46:03,20650.00,Legacy/MSW,Kurnool_AP26TF2425_20260321_013755_1st_front.jpg,Kurnool_AP26TF2425_20260321_013757_1st_back.jpg,Kurnool_AP26TF2425_20260321_014634_2nd_front.jpg,Kurnool_AP26TF2425_20260321_014636_2nd_back.jpg,Mahesh,admin
21-03-2026,01:50:00,Kurnool,Saurashtra Enviro Projects Pvt. Ltd.,Legacy/MSW,T0265,AP39UX6276,Phase3,29220.00,21-03-2026 01:42:27,10390.00,21-03-2026 01:49:28,18830.00,Legacy/MSW,Kurnool_AP39UX6276_20260321_014231_1st_front.jpg,Kurnool_AP39UX6276_20260321_014233_1st_back.jpg,Kurnool_AP39UX6276_20260321_014956_2nd_front.jpg,Kurnool_AP39UX6276_20260321_014958_2nd_back.jpg,Mahesh,admin
21-03-2026,01:55:27,Kurnool,Saurashtra Enviro Projects Pvt. Ltd.,Legacy/MSW,T0266,AP39VA7251,Phase3,28210.00,21-03-2026 01:47:15,10170.00,21-03-2026 01:54:58,18040.00,Legacy/MSW,Kurnool_AP39VA7251_20260321_014721_1st_front.jpg,Kurnool_AP39VA7251_20260321_014722_1st_back.jpg,Kurnool_AP39VA7251_20260321_015524_2nd_front.jpg,Kurnool_AP39VA7251_20260321_015525_2nd_back.jpg,Mahesh,admin
21-03-2026,02:00:03,Kurnool,Saurashtra Enviro Projects Pvt. Ltd.,Legacy/MSW,T0267,AP27TZ1494,Phase3,26850.00,21-03-2026 01:51:42,10350.00,21-03-2026 01:59:30,16500.00,Legacy/MSW,Kurnool_AP27TZ1494_20260321_015146_1st_front.jpg,Kurnool_AP27TZ1494_20260321_015148_1st_back.jpg,Kurnool_AP27TZ1494_20260321_020000_2nd_front.jpg,Kurnool_AP27TZ1494_20260321_020001_2nd_back.jpg,Mahesh,admin
21-03-2026,02:06:23,Kurnool,Saurashtra Enviro Projects Pvt. Ltd.,Legacy/MSW,T0268,AP21TE4795,Phase3,27880.00,21-03-2026 01:58:26,10130.00,21-03-2026 02:05:52,17750.00,Legacy/MSW,Kurnool_AP21TE4795_20260321_015829_1st_front.jpg,Kurnool_AP21TE4795_20260321_015831_1st_back.jpg,Kurnool_AP21TE4795_20260321_020619_2nd_front.jpg,Kurnool_AP21TE4795_20260321_020621_2nd_back.jpg,Mahesh,admin
21-03-2026,02:13:13,Kurnool,Saurashtra Enviro Projects Pvt. Ltd.,Legacy/MSW,T0269,AP26TF2425,Phase3,30210.00,21-03-2026 02:05:02,10110.00,21-03-2026 02:12:44,20100.00,Legacy/MSW,Kurnool_AP26TF2425_20260321_020507_1st_front.jpg,Kurnool_AP26TF2425_20260321_020509_1st_back.jpg,Kurnool_AP26TF2425_20260321_021310_2nd_front.jpg,Kurnool_AP26TF2425_20260321_021311_2nd_back.jpg,Mahesh,admin
21-03-2026,02:18:40,Kurnool,Saurashtra Enviro Projects Pvt. Ltd.,Legacy/MSW,T0270,AP39UX6276,Phase3,27460.00,21-03-2026 02:10:35,10330.00,21-03-2026 02:18:11,17130.00,Legacy/MSW,Kurnool_AP39UX6276_20260321_021039_1st_front.jpg,Kurnool_AP39UX6276_20260321_021041_1st_back.jpg,Kurnool_AP39UX6276_20260321_021837_2nd_front.jpg,Kurnool_AP39UX6276_20260321_021839_2nd_back.jpg,Mahesh,admin
21-03-2026,02:25:21,Kurnool,Saurashtra Enviro Projects Pvt. Ltd.,Legacy/MSW,T0271,AP39VA7251,Phase3,27350.00,21-03-2026 02:17:13,10250.00,21-03-2026 02:24:44,17100.00,Legacy/MSW,Kurnool_AP39VA7251_20260321_021717_1st_front.jpg,Kurnool_AP39VA7251_20260321_021719_1st_back.jpg,Kurnool_AP39VA7251_20260321_022517_2nd_front.jpg,Kurnool_AP39VA7251_20260321_022519_2nd_back.jpg,Mahesh,admin
21-03-2026,02:32:46,Kurnool,Saurashtra Enviro Projects Pvt. Ltd.,Legacy/MSW,T0272,AP27TZ1494,Phase3,28550.00,21-03-2026 02:22:56,10290.00,21-03-2026 02:32:13,18260.00,Legacy/MSW,Kurnool_AP27TZ1494_20260321_022300_1st_front.jpg,Kurnool_AP27TZ1494_20260321_022301_1st_back.jpg,Kurnool_AP27TZ1494_20260321_023243_2nd_front.jpg,Kurnool_AP27TZ1494_20260321_023244_2nd_back.jpg,Mahesh,admin
21-03-2026,02:39:12,Kurnool,Saurashtra Enviro Projects Pvt. Ltd.,Legacy/MSW,T0273,AP21TE4795,Phase3,27040.00,21-03-2026 02:31:23,10180.00,21-03-2026 02:38:34,16860.00,Legacy/MSW,Kurnool_AP21TE4795_20260321_023126_1st_front.jpg,Kurnool_AP21TE4795_20260321_023128_1st_back.jpg,Kurnool_AP21TE4795_20260321_023909_2nd_front.jpg,Kurnool_AP21TE4795_20260321_023910_2nd_back.jpg,Mahesh,admin
21-03-2026,02:46:17,Kurnool,Saurashtra Enviro Projects Pvt. Ltd.,Legacy/MSW,T0274,AP26TF2425,Phase3,28340.00,21-03-2026 02:37:10,10020.00,21-03-2026 02:45:51,18320.00,Legacy/MSW,Kurnool_AP26TF2425_20260321_023716_1st_front.jpg,Kurnool_AP26TF2425_20260321_023717_1st_back.jpg,Kurnool_AP26TF2425_20260321_024613_2nd_front.jpg,Kurnool_AP26TF2425_20260321_024615_2nd_back.jpg,Mahesh,admin
21-03-2026,02:53:39,Kurnool,Saurashtra Enviro Projects Pvt. Ltd.,Legacy/MSW,T0275,AP39UX6276,Phase3,28620.00,21-03-2026 02:44:28,10360.00,21-03-2026 02:53:08,18260.00,Legacy/MSW,Kurnool_AP39UX6276_20260321_024431_1st_front.jpg,Kurnool_AP39UX6276_20260321_024434_1st_back.jpg,Kurnool_AP39UX6276_20260321_025335_2nd_front.jpg,Kurnool_AP39UX6276_20260321_025337_2nd_back.jpg,Mahesh,admin
21-03-2026,02:59:39,Kurnool,Saurashtra Enviro Projects Pvt. Ltd.,Legacy/MSW,T0276,AP39VA7251,Phase3,25850.00,21-03-2026 02:51:02,10180.00,21-03-2026 02:59:00,15670.00,Legacy/MSW,Kurnool_AP39VA7251_20260321_025108_1st_front.jpg,Kurnool_AP39VA7251_20260321_025110_1st_back.jpg,Kurnool_AP39VA7251_20260321_025935_2nd_front.jpg,Kurnool_AP39VA7251_20260321_025937_2nd_back.jpg,Mahesh,admin
21-03-2026,03:06:37,Kurnool,Saurashtra Enviro Projects Pvt. Ltd.,Legacy/MSW,T0277,AP27TZ1494,Phase3,26920.00,21-03-2026 02:57:29,10350.00,21-03-2026 03:05:52,16570.00,Legacy/MSW,Kurnool_AP27TZ1494_20260321_025734_1st_front.jpg,Kurnool_AP27TZ1494_20260321_025736_1st_back.jpg,Kurnool_AP27TZ1494_20260321_030634_2nd_front.jpg,Kurnool_AP27TZ1494_20260321_030635_2nd_back.jpg,Mahesh,admin
21-03-2026,03:14:20,Kurnool,Saurashtra Enviro Projects Pvt. Ltd.,Legacy/MSW,T0278,AP21TE4795,Phase3,26130.00,21-03-2026 03:02:49,10190.00,21-03-2026 03:13:38,15940.00,Legacy/MSW,Kurnool_AP21TE4795_20260321_030253_1st_front.jpg,Kurnool_AP21TE4795_20260321_030255_1st_back.jpg,Kurnool_AP21TE4795_20260321_031416_2nd_front.jpg,Kurnool_AP21TE4795_20260321_031418_2nd_back.jpg,Mahesh,admin
21-03-2026,03:20:01,Kurnool,Saurashtra Enviro Projects Pvt. Ltd.,Legacy/MSW,T0279,AP26TF2425,Phase3,28030.00,21-03-2026 03:10:37,10050.00,21-03-2026 03:19:21,17980.00,Legacy/MSW,Kurnool_AP26TF2425_20260321_031042_1st_front.jpg,Kurnool_AP26TF2425_20260321_031044_1st_back.jpg,Kurnool_AP26TF2425_20260321_031957_2nd_front.jpg,Kurnool_AP26TF2425_20260321_031959_2nd_back.jpg,Mahesh,admin
21-03-2026,03:26:43,Kurnool,Saurashtra Enviro Projects Pvt. Ltd.,Legacy/MSW,T0280,AP39UX6276,Phase3,29290.00,21-03-2026 03:16:43,10310.00,21-03-2026 03:26:02,18980.00,Legacy/MSW,Kurnool_AP39UX6276_20260321_031646_1st_front.jpg,Kurnool_AP39UX6276_20260321_031648_1st_back.jpg,Kurnool_AP39UX6276_20260321_032640_2nd_front.jpg,Kurnool_AP39UX6276_20260321_032641_2nd_back.jpg,Mahesh,admin
21-03-2026,03:29:29,Kurnool,Saurashtra Enviro Projects Pvt. Ltd.,Legacy/MSW,T0281,AP39VA7251,Phase3,25940.00,21-03-2026 03:20:48,10660.00,21-03-2026 03:28:50,15280.00,Legacy/MSW,Kurnool_AP39VA7251_20260321_032053_1st_front.jpg,Kurnool_AP39VA7251_20260321_032054_1st_back.jpg,Kurnool_AP39VA7251_20260321_032925_2nd_front.jpg,Kurnool_AP39VA7251_20260321_032927_2nd_back.jpg,Mahesh,admin
21-03-2026,03:35:56,Kurnool,Saurashtra Enviro Projects Pvt. Ltd.,Legacy/MSW,T0282,AP27TZ1494,Phase3,29280.00,21-03-2026 03:27:47,10380.00,21-03-2026 03:35:11,18900.00,Legacy/MSW,Kurnool_AP27TZ1494_20260321_032752_1st_front.jpg,Kurnool_AP27TZ1494_20260321_032754_1st_back.jpg,Kurnool_AP27TZ1494_20260321_033552_2nd_front.jpg,Kurnool_AP27TZ1494_20260321_033554_2nd_back.jpg,Mahesh,admin
21-03-2026,03:40:12,Kurnool,Saurashtra Enviro Projects Pvt. Ltd.,Legacy/MSW,T0283,AP21TE4795,Phase3,29280.00,21-03-2026 03:31:09,10160.00,21-03-2026 03:39:38,19120.00,Legacy/MSW,Kurnool_AP21TE4795_20260321_033113_1st_front.jpg,Kurnool_AP21TE4795_20260321_033115_1st_back.jpg,Kurnool_AP21TE4795_20260321_034008_2nd_front.jpg,Kurnool_AP21TE4795_20260321_034010_2nd_back.jpg,Mahesh,admin
21-03-2026,03:45:08,Kurnool,Saurashtra Enviro Projects Pvt. Ltd.,Legacy/MSW,T0284,AP26TF2425,Phase3,32750.00,21-03-2026 03:37:23,10090.00,21-03-2026 03:44:33,22660.00,Legacy/MSW,Kurnool_AP26TF2425_20260321_033728_1st_front.jpg,Kurnool_AP26TF2425_20260321_033730_1st_back.jpg,Kurnool_AP26TF2425_20260321_034505_2nd_front.jpg,Kurnool_AP26TF2425_20260321_034507_2nd_back.jpg,Mahesh,admin
21-03-2026,03:50:48,Kurnool,Saurashtra Enviro Projects Pvt. Ltd.,Legacy/MSW,T0285,AP39UX6276,Phase3,27120.00,21-03-2026 03:43:04,10340.00,21-03-2026 03:50:08,16780.00,Legacy/MSW,Kurnool_AP39UX6276_20260321_034309_1st_front.jpg,Kurnool_AP39UX6276_20260321_034311_1st_back.jpg,Kurnool_AP39UX6276_20260321_035045_2nd_front.jpg,Kurnool_AP39UX6276_20260321_035047_2nd_back.jpg,Mahesh,admin
21-03-2026,03:59:35,Kurnool,Saurashtra Enviro Projects Pvt. Ltd.,Legacy/MSW,T0286,AP39VA7251,Phase3,28230.00,21-03-2026 03:51:35,10200.00,21-03-2026 03:59:02,18030.00,Legacy/MSW,Kurnool_AP39VA7251_20260321_035140_1st_front.jpg,Kurnool_AP39VA7251_20260321_035143_1st_back.jpg,Kurnool_AP39VA7251_20260321_035932_2nd_front.jpg,Kurnool_AP39VA7251_20260321_035933_2nd_back.jpg,Mahesh,admin
21-03-2026,04:06:30,Kurnool,Saurashtra Enviro Projects Pvt. Ltd.,Legacy/MSW,T0287,AP27TZ1494,Phase3,27740.00,21-03-2026 03:56:11,10330.00,21-03-2026 04:05:54,17410.00,Legacy/MSW,Kurnool_AP27TZ1494_20260321_035616_1st_front.jpg,Kurnool_AP27TZ1494_20260321_035618_1st_back.jpg,Kurnool_AP27TZ1494_20260321_040627_2nd_front.jpg,Kurnool_AP27TZ1494_20260321_040628_2nd_back.jpg,Mahesh,admin
21-03-2026,04:13:20,Kurnool,Saurashtra Enviro Projects Pvt. Ltd.,Legacy/MSW,T0288,AP21TE4795,Phase3,25660.00,21-03-2026 04:04:02,10150.00,21-03-2026 04:12:48,15510.00,Legacy/MSW,Kurnool_AP21TE4795_20260321_040405_1st_front.jpg,Kurnool_AP21TE4795_20260321_040407_1st_back.jpg,Kurnool_AP21TE4795_20260321_041316_2nd_front.jpg,Kurnool_AP21TE4795_20260321_041318_2nd_back.jpg,Mahesh,admin
21-03-2026,04:22:42,Kurnool,Saurashtra Enviro Projects Pvt. Ltd.,Legacy/MSW,T0289,AP26TF2425,Phase3,33190.00,21-03-2026 04:11:48,10010.00,21-03-2026 04:22:07,23180.00,Legacy/MSW,Kurnool_AP26TF2425_20260321_041152_1st_front.jpg,Kurnool_AP26TF2425_20260321_041154_1st_back.jpg,Kurnool_AP26TF2425_20260321_042239_2nd_front.jpg,Kurnool_AP26TF2425_20260321_042241_2nd_back.jpg,Mahesh,admin
21-03-2026,04:27:26,Kurnool,Saurashtra Enviro Projects Pvt. Ltd.,Legacy/MSW,T0290,AP39UX6276,Phase3,30500.00,21-03-2026 04:18:40,10330.00,21-03-2026 04:26:48,20170.00,Legacy/MSW,Kurnool_AP39UX6276_20260321_041845_1st_front.jpg,Kurnool_AP39UX6276_20260321_041847_1st_back.jpg,Kurnool_AP39UX6276_20260321_042722_2nd_front.jpg,Kurnool_AP39UX6276_20260321_042724_2nd_back.jpg,Mahesh,admin
21-03-2026,04:41:50,Kurnool,Saurashtra Enviro Projects Pvt. Ltd.,Legacy/MSW,T0291,AP39VA7251,Phase3,27010.00,21-03-2026 04:31:57,10200.00,21-03-2026 04:41:16,16810.00,Legacy/MSW,Kurnool_AP39VA7251_20260321_043202_1st_front.jpg,Kurnool_AP39VA7251_20260321_043204_1st_back.jpg,Kurnool_AP39VA7251_20260321_044146_2nd_front.jpg,Kurnool_AP39VA7251_20260321_044148_2nd_back.jpg,Mahesh,admin
21-03-2026,04:53:14,Kurnool,Saurashtra Enviro Projects Pvt. Ltd.,Legacy/MSW,T0292,AP27TZ1494,Phase3,29690.00,21-03-2026 04:44:59,10330.00,21-03-2026 04:52:28,19360.00,Legacy/MSW,Kurnool_AP27TZ1494_20260321_044503_1st_front.jpg,Kurnool_AP27TZ1494_20260321_044505_1st_back.jpg,Kurnool_AP27TZ1494_20260321_045310_2nd_front.jpg,Kurnool_AP27TZ1494_20260321_045312_2nd_back.jpg,Mahesh,admin
21-03-2026,04:59:48,Kurnool,Saurashtra Enviro Projects Pvt. Ltd.,Legacy/MSW,T0293,AP21TE4795,Phase3,27470.00,21-03-2026 04:51:31,10070.00,21-03-2026 04:59:17,17400.00,Legacy/MSW,Kurnool_AP21TE4795_20260321_045135_1st_front.jpg,Kurnool_AP21TE4795_20260321_045137_1st_back.jpg,Kurnool_AP21TE4795_20260321_045945_2nd_front.jpg,Kurnool_AP21TE4795_20260321_045946_2nd_back.jpg,Mahesh,admin
21-03-2026,05:05:11,Kurnool,Saurashtra Enviro Projects Pvt. Ltd.,Legacy/MSW,T0294,AP26TF2425,Phase3,32210.00,21-03-2026 04:58:17,10110.00,21-03-2026 05:04:27,22100.00,Legacy/MSW,Kurnool_AP26TF2425_20260321_045822_1st_front.jpg,Kurnool_AP26TF2425_20260321_045824_1st_back.jpg,Kurnool_AP26TF2425_20260321_050508_2nd_front.jpg,Kurnool_AP26TF2425_20260321_050510_2nd_back.jpg,Mahesh,admin
21-03-2026,05:12:34,Kurnool,Saurashtra Enviro Projects Pvt. Ltd.,Legacy/MSW,T0295,AP39UX6276,Phase3,29080.00,21-03-2026 05:07:12,10330.00,21-03-2026 05:12:03,18750.00,Legacy/MSW,Kurnool_AP39UX6276_20260321_050716_1st_front.jpg,Kurnool_AP39UX6276_20260321_050718_1st_back.jpg,Kurnool_AP39UX6276_20260321_051230_2nd_front.jpg,Kurnool_AP39UX6276_20260321_051232_2nd_back.jpg,Mahesh,admin
21-03-2026,08:41:06,Kurnool,Saurashtra Enviro Projects Pvt. Ltd.,Legacy/MSW,T0296,AP27TZ1494,Phase3,28840.00,21-03-2026 08:26:51,10620.00,21-03-2026 08:40:55,18220.00,Legacy/MSW,Kurnool_AP27TZ1494_20260321_082655_1st_front.jpg,Kurnool_AP27TZ1494_20260321_082656_1st_back.jpg,Kurnool_AP27TZ1494_20260321_084100_2nd_front.jpg,Kurnool_AP27TZ1494_20260321_084102_2nd_back.jpg,Mahesh,admin
21-03-2026,08:57:29,Kurnool,Saurashtra Enviro Projects Pvt. Ltd.,Legacy/MSW,T0297,AP26TF2425,Phase3,29060.00,21-03-2026 08:36:07,10300.00,21-03-2026 08:57:19,18760.00,Legacy/MSW,Kurnool_AP26TF2425_20260321_083612_1st_front.jpg,Kurnool_AP26TF2425_20260321_083617_1st_back.jpg,Kurnool_AP26TF2425_20260321_085722_2nd_front.jpg,Kurnool_AP26TF2425_20260321_085725_2nd_back.jpg,Mahesh,admin
21-03-2026,08:58:45,Kurnool,Saurashtra Enviro Projects Pvt. Ltd.,Legacy/MSW,T0298,AP39UX6276,Phase3,31560.00,21-03-2026 08:43:16,10460.00,21-03-2026 08:58:35,21100.00,Legacy/MSW,Kurnool_AP39UX6276_20260321_084321_1st_front.jpg,Kurnool_AP39UX6276_20260321_084324_1st_back.jpg,Kurnool_AP39UX6276_20260321_085839_2nd_front.jpg,Kurnool_AP39UX6276_20260321_085841_2nd_back.jpg,Mahesh,admin
21-03-2026,09:04:09,Kurnool,Saurashtra Enviro Projects Pvt. Ltd.,Legacy/MSW,T0299,AP21TE4795,Phase3,29650.00,21-03-2026 08:55:47,10400.00,21-03-2026 09:03:58,19250.00,Legacy/MSW,Kurnool_AP21TE4795_20260321_085555_1st_front.jpg,Kurnool_AP21TE4795_20260321_085556_1st_back.jpg,Kurnool_AP21TE4795_20260321_090404_2nd_front.jpg,Kurnool_AP21TE4795_20260321_090406_2nd_back.jpg,Mahesh,admin
21-03-2026,09:08:54,Kurnool,Saurashtra Enviro Projects Pvt. Ltd.,Legacy/MSW,T0300,AP39VA7251,Phase3,28920.00,21-03-2026 08:59:43,10210.00,21-03-2026 09:08:43,18710.00,Legacy/MSW,Kurnool_AP39VA7251_20260321_085948_1st_front.jpg,Kurnool_AP39VA7251_20260321_085950_1st_back.jpg,Kurnool_AP39VA7251_20260321_090848_2nd_front.jpg,Kurnool_AP39VA7251_20260321_090849_2nd_back.jpg,Mahesh,admin
21-03-2026,09:18:15,Kurnool,Saurashtra Enviro Projects Pvt. Ltd.,Legacy/MSW,T0301,AP27TZ1494,Phase3,29920.00,21-03-2026 09:02:42,10630.00,21-03-2026 09:18:04,19290.00,Legacy/MSW,Kurnool_AP27TZ1494_20260321_090247_1st_front.jpg,Kurnool_AP27TZ1494_20260321_090249_1st_back.jpg,Kurnool_AP27TZ1494_20260321_091809_2nd_front.jpg,Kurnool_AP27TZ1494_20260321_091811_2nd_back.jpg,Mahesh,admin
21-03-2026,09:22:03,Kurnool,Saurashtra Enviro Projects Pvt. Ltd.,Legacy/MSW,T0302,AP26TF2425,Phase3,33410.00,21-03-2026 09:14:38,10330.00,21-03-2026 09:21:49,23080.00,Legacy/MSW,Kurnool_AP26TF2425_20260321_091447_1st_front.jpg,Kurnool_AP26TF2425_20260321_091449_1st_back.jpg,Kurnool_AP26TF2425_20260321_092157_2nd_front.jpg,Kurnool_AP26TF2425_20260321_092159_2nd_back.jpg,Mahesh,admin
21-03-2026,09:24:17,Kurnool,Saurashtra Enviro Projects Pvt. Ltd.,Legacy/MSW,T0303,AP39UX6276,Phase3,31370.00,21-03-2026 09:16:25,10440.00,21-03-2026 09:24:08,20930.00,Legacy/MSW,Kurnool_AP39UX6276_20260321_091630_1st_front.jpg,Kurnool_AP39UX6276_20260321_091633_1st_back.jpg,Kurnool_AP39UX6276_20260321_092413_2nd_front.jpg,Kurnool_AP39UX6276_20260321_092415_2nd_back.jpg,Mahesh,admin
21-03-2026,09:29:15,Kurnool,Saurashtra Enviro Projects Pvt. Ltd.,Legacy/MSW,T0304,AP21TE4795,Phase3,29490.00,21-03-2026 09:23:15,10380.00,21-03-2026 09:29:05,19110.00,Legacy/MSW,Kurnool_AP21TE4795_20260321_092320_1st_front.jpg,Kurnool_AP21TE4795_20260321_092322_1st_back.jpg,Kurnool_AP21TE4795_20260321_092910_2nd_front.jpg,Kurnool_AP21TE4795_20260321_092912_2nd_back.jpg,Mahesh,admin
21-03-2026,09:35:10,Kurnool,Saurashtra Enviro Projects Pvt. Ltd.,Legacy/MSW,T0305,AP39VA7251,Phase3,26120.00,21-03-2026 09:27:06,10270.00,21-03-2026 09:35:00,15850.00,Legacy/MSW,Kurnool_AP39VA7251_20260321_092711_1st_front.jpg,Kurnool_AP39VA7251_20260321_092712_1st_back.jpg,Kurnool_AP39VA7251_20260321_093506_2nd_front.jpg,Kurnool_AP39VA7251_20260321_093508_2nd_back.jpg,Mahesh,admin
21-03-2026,09:44:39,Kurnool,Saurashtra Enviro Projects Pvt. Ltd.,Legacy/MSW,T0306,AP27TZ1494,Phase3,28150.00,21-03-2026 09:37:35,10660.00,21-03-2026 09:44:28,17490.00,Legacy/MSW,Kurnool_AP27TZ1494_20260321_093751_1st_front.jpg,Kurnool_AP27TZ1494_20260321_093752_1st_back.jpg,Kurnool_AP27TZ1494_20260321_094434_2nd_front.jpg,Kurnool_AP27TZ1494_20260321_094436_2nd_back.jpg,Mahesh,admin
21-03-2026,09:52:41,Kurnool,Saurashtra Enviro Projects Pvt. Ltd.,Legacy/MSW,T0307,AP26TF2425,Phase3,31870.00,21-03-2026 09:46:38,10440.00,21-03-2026 09:52:14,21430.00,Legacy/MSW,Kurnool_AP26TF2425_20260321_094714_1st_front.jpg,Kurnool_AP26TF2425_20260321_094716_1st_back.jpg,Kurnool_AP26TF2425_20260321_095236_2nd_front.jpg,Kurnool_AP26TF2425_20260321_095238_2nd_back.jpg,Mahesh,admin
21-03-2026,10:01:24,Kurnool,Saurashtra Enviro Projects Pvt. Ltd.,Legacy/MSW,T0308,AP39UX6276,Phase3,30700.00,21-03-2026 09:53:27,10580.00,21-03-2026 10:01:01,20120.00,Legacy/MSW,Kurnool_AP39UX6276_20260321_095344_1st_front.jpg,Kurnool_AP39UX6276_20260321_095346_1st_back.jpg,Kurnool_AP39UX6276_20260321_100121_2nd_front.jpg,Kurnool_AP39UX6276_20260321_100123_2nd_back.jpg,Mahesh,admin
21-03-2026,10:07:12,Kurnool,Saurashtra Enviro Projects Pvt. Ltd.,Legacy/MSW,T0309,AP39VA7251,Phase3,27800.00,21-03-2026 09:59:53,10200.00,21-03-2026 10:06:48,17600.00,Legacy/MSW,Kurnool_AP39VA7251_20260321_100008_1st_front.jpg,Kurnool_AP39VA7251_20260321_100010_1st_back.jpg,Kurnool_AP39VA7251_20260321_100708_2nd_front.jpg,Kurnool_AP39VA7251_20260321_100710_2nd_back.jpg,Mahesh,admin
21-03-2026,10:12:20,Kurnool,Saurashtra Enviro Projects Pvt. Ltd.,Legacy/MSW,T0310,AP21TE4795,Phase3,29130.00,21-03-2026 10:05:36,10410.00,21-03-2026 10:11:52,18720.00,Legacy/MSW,Kurnool_AP21TE4795_20260321_100540_1st_front.jpg,Kurnool_AP21TE4795_20260321_100542_1st_back.jpg,Kurnool_AP21TE4795_20260321_101216_2nd_front.jpg,Kurnool_AP21TE4795_20260321_101218_2nd_back.jpg,Mahesh,admin
21-03-2026,10:21:27,Kurnool,Saurashtra Enviro Projects Pvt. Ltd.,Legacy/MSW,T0311,AP27TZ1494,Phase3,29770.00,21-03-2026 10:13:21,10770.00,21-03-2026 10:21:01,19000.00,Legacy/MSW,Kurnool_AP27TZ1494_20260321_101335_1st_front.jpg,Kurnool_AP27TZ1494_20260321_101337_1st_back.jpg,Kurnool_AP27TZ1494_20260321_102120_2nd_front.jpg,Kurnool_AP27TZ1494_20260321_102122_2nd_back.jpg,Mahesh,admin
21-03-2026,10:25:31,Kurnool,Saurashtra Enviro Projects Pvt. Ltd.,Legacy/MSW,T0312,AP26TF2425,Phase3,31090.00,21-03-2026 10:19:51,10260.00,21-03-2026 10:25:12,20830.00,Legacy/MSW,Kurnool_AP26TF2425_20260321_101955_1st_front.jpg,Kurnool_AP26TF2425_20260321_101956_1st_back.jpg,Kurnool_AP26TF2425_20260321_102528_2nd_front.jpg,Kurnool_AP26TF2425_20260321_102530_2nd_back.jpg,Mahesh,admin
21-03-2026,10:39:48,Kurnool,Saurashtra Enviro Projects Pvt. Ltd.,Legacy/MSW,T0313,AP39UX6276,Phase3,29460.00,21-03-2026 10:28:24,10590.00,21-03-2026 10:39:16,18870.00,Legacy/MSW,Kurnool_AP39UX6276_20260321_102828_1st_front.jpg,Kurnool_AP39UX6276_20260321_102830_1st_back.jpg,Kurnool_AP39UX6276_20260321_103943_2nd_front.jpg,Kurnool_AP39UX6276_20260321_103945_2nd_back.jpg,Mahesh,admin
21-03-2026,10:45:24,Kurnool,Saurashtra Enviro Projects Pvt. Ltd.,Legacy/MSW,T0314,AP39VA7251,Phase3,29460.00,21-03-2026 10:34:55,10600.00,21-03-2026 10:44:54,18860.00,Legacy/MSW,Kurnool_AP39VA7251_20260321_103500_1st_front.jpg,Kurnool_AP39VA7251_20260321_103501_1st_back.jpg,Kurnool_AP39VA7251_20260321_104520_2nd_front.jpg,Kurnool_AP39VA7251_20260321_104522_2nd_back.jpg,Mahesh,admin
21-03-2026,10:51:08,Kurnool,Saurashtra Enviro Projects Pvt. Ltd.,Legacy/MSW,T0315,AP21TE4795,Phase3,28230.00,21-03-2026 10:40:50,10310.00,21-03-2026 10:49:16,17920.00,Legacy/MSW,Kurnool_AP21TE4795_20260321_104105_1st_front.jpg,Kurnool_AP21TE4795_20260321_104107_1st_back.jpg,Kurnool_AP21TE4795_20260321_105103_2nd_front.jpg,Kurnool_AP21TE4795_20260321_105106_2nd_back.jpg,Mahesh,admin
21-03-2026,11:02:28,Kurnool,Saurashtra Enviro Projects Pvt. Ltd.,Legacy/MSW,T0316,AP27TZ1494,Phase3,29500.00,21-03-2026 10:51:33,10750.00,21-03-2026 11:01:58,18750.00,Legacy/MSW,Kurnool_AP27TZ1494_20260321_105200_1st_front.jpg,Kurnool_AP27TZ1494_20260321_105201_1st_back.jpg,Kurnool_AP27TZ1494_20260321_110222_2nd_front.jpg,Kurnool_AP27TZ1494_20260321_110224_2nd_back.jpg,Mahesh,admin
21-03-2026,11:05:18,Kurnool,Saurashtra Enviro Projects Pvt. Ltd.,Legacy/MSW,T0317,AP26TF2425,Phase3,30380.00,21-03-2026 10:57:53,10200.00,21-03-2026 11:04:34,20180.00,Legacy/MSW,Kurnool_AP26TF2425_20260321_105759_1st_front.jpg,Kurnool_AP26TF2425_20260321_105802_1st_back.jpg,Kurnool_AP26TF2425_20260321_110513_2nd_front.jpg,Kurnool_AP26TF2425_20260321_110515_2nd_back.jpg,Mahesh,admin
21-03-2026,11:14:54,Kurnool,Saurashtra Enviro Projects Pvt. Ltd.,Legacy/MSW,T0318,AP39UX6276,Phase3,28790.00,21-03-2026 11:06:26,10440.00,21-03-2026 11:14:28,18350.00,Legacy/MSW,Kurnool_AP39UX6276_20260321_110631_1st_front.jpg,Kurnool_AP39UX6276_20260321_110634_1st_back.jpg,Kurnool_AP39UX6276_20260321_111450_2nd_front.jpg,Kurnool_AP39UX6276_20260321_111452_2nd_back.jpg,Mahesh,admin
21-03-2026,11:21:39,Kurnool,Saurashtra Enviro Projects Pvt. Ltd.,Legacy/MSW,T0319,AP39VA7251,Phase3,29100.00,21-03-2026 11:12:58,10380.00,21-03-2026 11:21:19,18720.00,Legacy/MSW,Kurnool_AP39VA7251_20260321_111302_1st_front.jpg,Kurnool_AP39VA7251_20260321_111305_1st_back.jpg,Kurnool_AP39VA7251_20260321_112134_2nd_front.jpg,Kurnool_AP39VA7251_20260321_112135_2nd_back.jpg,Mahesh,admin
21-03-2026,11:43:04,Kurnool,Saurashtra Enviro Projects Pvt. Ltd.,Legacy/MSW,T0320,AP21TE4795,Phase3,30310.00,21-03-2026 11:19:48,10280.00,21-03-2026 11:42:40,20030.00,Legacy/MSW,Kurnool_AP21TE4795_20260321_111953_1st_front.jpg,Kurnool_AP21TE4795_20260321_111955_1st_back.jpg,Kurnool_AP21TE4795_20260321_114259_2nd_front.jpg,Kurnool_AP21TE4795_20260321_114301_2nd_back.jpg,Mahesh,admin
21-03-2026,11:40:01,Kurnool,Saurashtra Enviro Projects Pvt. Ltd.,Legacy/MSW,T0321,AP27TZ1494,Phase3,32620.00,21-03-2026 11:29:22,10450.00,21-03-2026 11:39:36,22170.00,Legacy/MSW,Kurnool_AP27TZ1494_20260321_112926_1st_front.jpg,Kurnool_AP27TZ1494_20260321_112928_1st_back.jpg,Kurnool_AP27TZ1494_20260321_113958_2nd_front.jpg,Kurnool_AP27TZ1494_20260321_113959_2nd_back.jpg,Mahesh,admin
21-03-2026,11:44:15,Kurnool,Saurashtra Enviro Projects Pvt. Ltd.,Legacy/MSW,T0322,AP26TF2425,Phase3,31240.00,21-03-2026 11:37:49,10190.00,21-03-2026 11:43:47,21050.00,Legacy/MSW,Kurnool_AP26TF2425_20260321_113814_1st_front.jpg,Kurnool_AP26TF2425_20260321_113817_1st_back.jpg,Kurnool_AP26TF2425_20260321_114410_2nd_front.jpg,Kurnool_AP26TF2425_20260321_114412_2nd_back.jpg,Mahesh,admin
21-03-2026,11:53:38,Kurnool,Saurashtra Enviro Projects Pvt. Ltd.,Legacy/MSW,T0323,AP39UX6276,Phase3,31250.00,21-03-2026 11:46:54,10760.00,21-03-2026 11:53:06,20490.00,Legacy/MSW,Kurnool_AP39UX6276_20260321_114711_1st_front.jpg,Kurnool_AP39UX6276_20260321_114713_1st_back.jpg,Kurnool_AP39UX6276_20260321_115333_2nd_front.jpg,Kurnool_AP39UX6276_20260321_115336_2nd_back.jpg,Mahesh,admin
21-03-2026,12:01:48,Kurnool,Saurashtra Enviro Projects Pvt. Ltd.,Legacy/MSW,T0324,AP39VA7251,Phase3,27490.00,21-03-2026 11:54:57,10470.00,21-03-2026 12:01:39,17020.00,Legacy/MSW,Kurnool_AP39VA7251_20260321_115503_1st_front.jpg,Kurnool_AP39VA7251_20260321_115505_1st_back.jpg,Kurnool_AP39VA7251_20260321_120144_2nd_front.jpg,Kurnool_AP39VA7251_20260321_120146_2nd_back.jpg,Mahesh,admin
21-03-2026,12:10:20,Kurnool,Saurashtra Enviro Projects Pvt. Ltd.,Legacy/MSW,T0325,AP27TZ1494,Phase3,28770.00,21-03-2026 12:02:54,10470.00,21-03-2026 12:09:33,18300.00,Legacy/MSW,Kurnool_AP27TZ1494_20260321_120300_1st_front.jpg,Kurnool_AP27TZ1494_20260321_120302_1st_back.jpg,Kurnool_AP27TZ1494_20260321_121016_2nd_front.jpg,Kurnool_AP27TZ1494_20260321_121018_2nd_back.jpg,Mahesh,admin
21-03-2026,12:18:01,Kurnool,Saurashtra Enviro Projects Pvt. Ltd.,Legacy/MSW,T0326,AP26TF2425,Phase3,33390.00,21-03-2026 12:11:29,10280.00,21-03-2026 12:17:22,23110.00,Legacy/MSW,Kurnool_AP26TF2425_20260321_121145_1st_front.jpg,Kurnool_AP26TF2425_20260321_121148_1st_back.jpg,Kurnool_AP26TF2425_20260321_121757_2nd_front.jpg,Kurnool_AP26TF2425_20260321_121759_2nd_back.jpg,Mahesh,admin
21-03-2026,12:39:40,Kurnool,Saurashtra Enviro Projects Pvt. Ltd.,Legacy/MSW,T0327,AP39VA7251,Phase3,28320.00,21-03-2026 12:30:22,10350.00,21-03-2026 12:39:07,17970.00,Legacy/MSW,Kurnool_AP39VA7251_20260321_123026_1st_front.jpg,Kurnool_AP39VA7251_20260321_123027_1st_back.jpg,Kurnool_AP39VA7251_20260321_123937_2nd_front.jpg,Kurnool_AP39VA7251_20260321_123938_2nd_back.jpg,Mahesh,admin
21-03-2026,12:45:56,Kurnool,Saurashtra Enviro Projects Pvt. Ltd.,Legacy/MSW,T0328,AP21TE4795,Phase3,31730.00,21-03-2026 12:37:34,10290.00,21-03-2026 12:45:25,21440.00,Legacy/MSW,Kurnool_AP21TE4795_20260321_123737_1st_front.jpg,Kurnool_AP21TE4795_20260321_123738_1st_back.jpg,Kurnool_AP21TE4795_20260321_124553_2nd_front.jpg,Kurnool_AP21TE4795_20260321_124555_2nd_back.jpg,Mahesh,admin
21-03-2026,14:48:06,Kurnool,Saurashtra Enviro Projects Pvt. Ltd.,Legacy/MSW,T0329,AP39UX6276,Phase3,24510.00,21-03-2026 14:37:36,10120.00,21-03-2026 14:47:50,14390.00,Legacy/MSW,Kurnool_AP39UX6276_20260321_143745_1st_front.jpg,Kurnool_AP39UX6276_20260321_143747_1st_back.jpg,Kurnool_AP39UX6276_20260321_144758_2nd_front.jpg,Kurnool_AP39UX6276_20260321_144801_2nd_back.jpg,Mahesh,admin
21-03-2026,14:50:49,Kurnool,Saurashtra Enviro Projects Pvt. Ltd.,Legacy/MSW,T0330,AP27TZ1494,Phase3,21090.00,21-03-2026 14:42:18,10410.00,21-03-2026 14:50:30,10680.00,Legacy/MSW,Kurnool_AP27TZ1494_20260321_144228_1st_front.jpg,Kurnool_AP27TZ1494_20260321_144231_1st_back.jpg,Kurnool_AP27TZ1494_20260321_145038_2nd_front.jpg,Kurnool_AP27TZ1494_20260321_145041_2nd_back.jpg,Mahesh,admin
21-03-2026,14:55:12,Kurnool,Saurashtra Enviro Projects Pvt. Ltd.,Legacy/MSW,T0331,AP21TE4795,Phase3,20860.00,21-03-2026 14:46:09,10480.00,21-03-2026 14:54:58,10380.00,Legacy/MSW,Kurnool_AP21TE4795_20260321_144626_1st_front.jpg,Kurnool_AP21TE4795_20260321_144630_1st_back.jpg,Kurnool_AP21TE4795_20260321_145504_2nd_front.jpg,Kurnool_AP21TE4795_20260321_145507_2nd_back.jpg,Mahesh,admin
21-03-2026,14:59:30,Kurnool,Saurashtra Enviro Projects Pvt. Ltd.,Legacy/MSW,T0332,AP26TF2425,Phase3,20920.00,21-03-2026 14:52:57,10100.00,21-03-2026 14:59:16,10820.00,Legacy/MSW,Kurnool_AP26TF2425_20260321_145304_1st_front.jpg,Kurnool_AP26TF2425_20260321_145308_1st_back.jpg,Kurnool_AP26TF2425_20260321_145923_2nd_front.jpg,Kurnool_AP26TF2425_20260321_145926_2nd_back.jpg,Mahesh,admin
21-03-2026,15:17:40,Kurnool,Saurashtra Enviro Projects Pvt. Ltd.,Legacy/MSW,T0333,AP39VA7251,Phase3,23530.00,21-03-2026 15:01:51,10330.00,21-03-2026 15:17:28,13200.00,Legacy/MSW,Kurnool_AP39VA7251_20260321_150158_1st_front.jpg,Kurnool_AP39VA7251_20260321_150201_1st_back.jpg,Kurnool_AP39VA7251_20260321_151734_2nd_front.jpg,Kurnool_AP39VA7251_20260321_151736_2nd_back.jpg,Mahesh,admin
21-03-2026,15:21:38,Kurnool,Saurashtra Enviro Projects Pvt. Ltd.,Legacy/MSW,T0334,AP39UX6276,Phase3,32790.00,21-03-2026 15:09:27,10330.00,21-03-2026 15:21:08,22460.00,Legacy/MSW,Kurnool_AP39UX6276_20260321_150935_1st_front.jpg,Kurnool_AP39UX6276_20260321_150938_1st_back.jpg,Kurnool_AP39UX6276_20260321_152134_2nd_front.jpg,Kurnool_AP39UX6276_20260321_152136_2nd_back.jpg,Mahesh,admin
21-03-2026,15:30:55,Kurnool,Saurashtra Enviro Projects Pvt. Ltd.,Legacy/MSW,T0335,AP27TZ1494,Phase3,29030.00,21-03-2026 15:20:12,10720.00,21-03-2026 15:30:22,18310.00,Legacy/MSW,Kurnool_AP27TZ1494_20260321_152016_1st_front.jpg,Kurnool_AP27TZ1494_20260321_152018_1st_back.jpg,Kurnool_AP27TZ1494_20260321_153049_2nd_front.jpg,Kurnool_AP27TZ1494_20260321_153051_2nd_back.jpg,Mahesh,admin
21-03-2026,15:35:06,Kurnool,Saurashtra Enviro Projects Pvt. Ltd.,Legacy/MSW,T0336,AP21TE4795,Phase3,30840.00,21-03-2026 15:24:37,10440.00,21-03-2026 15:34:40,20400.00,Legacy/MSW,Kurnool_AP21TE4795_20260321_152454_1st_front.jpg,Kurnool_AP21TE4795_20260321_152456_1st_back.jpg,Kurnool_AP21TE4795_20260321_153502_2nd_front.jpg,Kurnool_AP21TE4795_20260321_153503_2nd_back.jpg,Mahesh,admin
21-03-2026,15:40:45,Kurnool,Saurashtra Enviro Projects Pvt. Ltd.,Legacy/MSW,T0337,AP26TF2425,Phase3,28320.00,21-03-2026 15:31:49,10360.00,21-03-2026 15:40:15,17960.00,Legacy/MSW,Kurnool_AP26TF2425_20260321_153205_1st_front.jpg,Kurnool_AP26TF2425_20260321_153207_1st_back.jpg,Kurnool_AP26TF2425_20260321_154041_2nd_front.jpg,Kurnool_AP26TF2425_20260321_154043_2nd_back.jpg,Mahesh,admin
21-03-2026,15:46:28,Kurnool,Saurashtra Enviro Projects Pvt. Ltd.,Legacy/MSW,T0338,AP39VA7251,Phase3,24870.00,21-03-2026 15:39:03,10220.00,21-03-2026 15:45:59,14650.00,Legacy/MSW,Kurnool_AP39VA7251_20260321_153923_1st_front.jpg,Kurnool_AP39VA7251_20260321_153926_1st_back.jpg,Kurnool_AP39VA7251_20260321_154624_2nd_front.jpg,Kurnool_AP39VA7251_20260321_154626_2nd_back.jpg,Mahesh,admin
21-03-2026,16:06:11,Kurnool,Saurashtra Enviro Projects Pvt. Ltd.,Legacy/MSW,T0339,AP39UX6276,Phase3,29910.00,21-03-2026 15:57:56,10490.00,21-03-2026 16:05:32,19420.00,Legacy/MSW,Kurnool_AP39UX6276_20260321_155801_1st_front.jpg,Kurnool_AP39UX6276_20260321_155802_1st_back.jpg,Kurnool_AP39UX6276_20260321_160602_2nd_front.jpg,Kurnool_AP39UX6276_20260321_160605_2nd_back.jpg,Mahesh,admin
21-03-2026,16:23:13,Kurnool,Saurashtra Enviro Projects Pvt. Ltd.,Legacy/MSW,T0340,AP27TZ1494,Phase3,28680.00,21-03-2026 16:08:40,10650.00,21-03-2026 16:22:45,18030.00,Legacy/MSW,Kurnool_AP27TZ1494_20260321_160856_1st_front.jpg,Kurnool_AP27TZ1494_20260321_160858_1st_back.jpg,Kurnool_AP27TZ1494_20260321_162309_2nd_front.jpg,Kurnool_AP27TZ1494_20260321_162311_2nd_back.jpg,Mahesh,admin
21-03-2026,16:25:16,Kurnool,Saurashtra Enviro Projects Pvt. Ltd.,Legacy/MSW,T0341,AP21TE4795,Phase3,29600.00,21-03-2026 16:17:16,10210.00,21-03-2026 16:24:51,19390.00,Legacy/MSW,Kurnool_AP21TE4795_20260321_161731_1st_front.jpg,Kurnool_AP21TE4795_20260321_161734_1st_back.jpg,Kurnool_AP21TE4795_20260321_162513_2nd_front.jpg,Kurnool_AP21TE4795_20260321_162514_2nd_back.jpg,Mahesh,admin
21-03-2026,16:43:40,Kurnool,Saurashtra Enviro Projects Pvt. Ltd.,Legacy/MSW,T0342,AP26TF2425,Phase3,27580.00,21-03-2026 16:25:50,10080.00,21-03-2026 16:43:13,17500.00,Legacy/MSW,Kurnool_AP26TF2425_20260321_162605_1st_front.jpg,Kurnool_AP26TF2425_20260321_162607_1st_back.jpg,Kurnool_AP26TF2425_20260321_164336_2nd_front.jpg,Kurnool_AP26TF2425_20260321_164338_2nd_back.jpg,Mahesh,admin
21-03-2026,16:49:02,Kurnool,Saurashtra Enviro Projects Pvt. Ltd.,Legacy/MSW,T0343,AP39VA7251,Phase3,25650.00,21-03-2026 16:32:27,10270.00,21-03-2026 16:48:32,15380.00,Legacy/MSW,Kurnool_AP39VA7251_20260321_163244_1st_front.jpg,Kurnool_AP39VA7251_20260321_163245_1st_back.jpg,Kurnool_AP39VA7251_20260321_164856_2nd_front.jpg,Kurnool_AP39VA7251_20260321_164858_2nd_back.jpg,Mahesh,admin
21-03-2026,16:47:44,Kurnool,Saurashtra Enviro Projects Pvt. Ltd.,Legacy/MSW,T0344,AP39UX6276,Phase3,29130.00,21-03-2026 16:39:08,10370.00,21-03-2026 16:47:14,18760.00,Legacy/MSW,Kurnool_AP39UX6276_20260321_163922_1st_front.jpg,Kurnool_AP39UX6276_20260321_163924_1st_back.jpg,Kurnool_AP39UX6276_20260321_164741_2nd_front.jpg,Kurnool_AP39UX6276_20260321_164743_2nd_back.jpg,Mahesh,admin
21-03-2026,16:52:26,Kurnool,Saurashtra Enviro Projects Pvt. Ltd.,Legacy/MSW,T0345,AP27TZ1494,Phase3,26520.00,21-03-2026 16:45:12,10460.00,21-03-2026 16:52:00,16060.00,Legacy/MSW,Kurnool_AP27TZ1494_20260321_164528_1st_front.jpg,Kurnool_AP27TZ1494_20260321_164530_1st_back.jpg,Kurnool_AP27TZ1494_20260321_165221_2nd_front.jpg,Kurnool_AP27TZ1494_20260321_165223_2nd_back.jpg,Mahesh,admin
21-03-2026,17:03:05,Kurnool,Saurashtra Enviro Projects Pvt. Ltd.,Legacy/MSW,T0346,AP21TE4795,Phase3,27120.00,21-03-2026 16:55:28,10140.00,21-03-2026 17:02:37,16980.00,Legacy/MSW,Kurnool_AP21TE4795_20260321_165541_1st_front.jpg,Kurnool_AP21TE4795_20260321_165543_1st_back.jpg,Kurnool_AP21TE4795_20260321_170300_2nd_front.jpg,Kurnool_AP21TE4795_20260321_170301_2nd_back.jpg,Mahesh,admin
21-03-2026,17:05:08,Kurnool,Saurashtra Enviro Projects Pvt. Ltd.,Legacy/MSW,T0347,AP26TF2425,Phase3,31410.00,21-03-2026 16:56:20,10130.00,21-03-2026 17:04:42,21280.00,Legacy/MSW,Kurnool_AP26TF2425_20260321_165637_1st_front.jpg,Kurnool_AP26TF2425_20260321_165639_1st_back.jpg,Kurnool_AP26TF2425_20260321_170502_2nd_front.jpg,Kurnool_AP26TF2425_20260321_170505_2nd_back.jpg,Mahesh,admin
21-03-2026,17:07:48,Kurnool,Saurashtra Enviro Projects Pvt. Ltd.,Legacy/MSW,T0348,AP39VA7251,Phase3,22280.00,21-03-2026 16:59:55,10100.00,21-03-2026 17:07:02,12180.00,Legacy/MSW,Kurnool_AP39VA7251_20260321_170010_1st_front.jpg,Kurnool_AP39VA7251_20260321_170012_1st_back.jpg,Kurnool_AP39VA7251_20260321_170745_2nd_front.jpg,Kurnool_AP39VA7251_20260321_170746_2nd_back.jpg,Mahesh,admin
21-03-2026,17:11:31,Kurnool,Saurashtra Enviro Projects Pvt. Ltd.,Legacy/MSW,T0349,AP39UX6276,Phase3,19940.00,21-03-2026 17:03:33,10350.00,21-03-2026 17:10:47,9590.00,Legacy/MSW,Kurnool_AP39UX6276_20260321_170350_1st_front.jpg,Kurnool_AP39UX6276_20260321_170351_1st_back.jpg,Kurnool_AP39UX6276_20260321_171127_2nd_front.jpg,Kurnool_AP39UX6276_20260321_171129_2nd_back.jpg,Mahesh,admin
21-03-2026,17:14:49,Kurnool,Saurashtra Enviro Projects Pvt. Ltd.,Legacy/MSW,T0350,AP27TZ1494,Phase3,23260.00,21-03-2026 17:08:34,10440.00,21-03-2026 17:14:11,12820.00,Legacy/MSW,Kurnool_AP27TZ1494_20260321_170839_1st_front.jpg,Kurnool_AP27TZ1494_20260321_170843_1st_back.jpg,Kurnool_AP27TZ1494_20260321_171443_2nd_front.jpg,Kurnool_AP27TZ1494_20260321_171445_2nd_back.jpg,Mahesh,admin
21-03-2026,17:24:47,Kurnool,Saurashtra Enviro Projects Pvt. Ltd.,Legacy/MSW,T0351,AP21TE4795,Phase3,28560.00,21-03-2026 17:16:49,10170.00,21-03-2026 17:24:12,18390.00,Legacy/MSW,Kurnool_AP21TE4795_20260321_171706_1st_front.jpg,Kurnool_AP21TE4795_20260321_171708_1st_back.jpg,Kurnool_AP21TE4795_20260321_172442_2nd_front.jpg,Kurnool_AP21TE4795_20260321_172443_2nd_back.jpg,Mahesh,admin
21-03-2026,17:25:52,Kurnool,Saurashtra Enviro Projects Pvt. Ltd.,Legacy/MSW,T0352,AP26TF2425,Phase3,32770.00,21-03-2026 17:17:48,10150.00,21-03-2026 17:25:23,22620.00,Legacy/MSW,Kurnool_AP26TF2425_20260321_171807_1st_front.jpg,Kurnool_AP26TF2425_20260321_171808_1st_back.jpg,Kurnool_AP26TF2425_20260321_172548_2nd_front.jpg,Kurnool_AP26TF2425_20260321_172549_2nd_back.jpg,Mahesh,admin
21-03-2026,17:40:02,Kurnool,Saurashtra Enviro Projects Pvt. Ltd.,Legacy/MSW,T0353,AP27TZ1494,Phase3,19220.00,21-03-2026 17:33:07,10300.00,21-03-2026 17:39:32,8920.00,Legacy/MSW,Kurnool_AP27TZ1494_20260321_173329_1st_front.jpg,Kurnool_AP27TZ1494_20260321_173331_1st_back.jpg,Kurnool_AP27TZ1494_20260321_173959_2nd_front.jpg,Kurnool_AP27TZ1494_20260321_174001_2nd_back.jpg,Mahesh,admin
21-03-2026,17:44:32,Kurnool,Saurashtra Enviro Projects Pvt. Ltd.,Legacy/MSW,T0354,AP39VA7251,Phase3,29000.00,21-03-2026 17:34:49,10110.00,21-03-2026 17:43:55,18890.00,Legacy/MSW,Kurnool_AP39VA7251_20260321_173508_1st_front.jpg,Kurnool_AP39VA7251_20260321_173510_1st_back.jpg,Kurnool_AP39VA7251_20260321_174426_2nd_front.jpg,Kurnool_AP39VA7251_20260321_174428_2nd_back.jpg,Mahesh,admin
21-03-2026,20:55:07,Kurnool,Saurashtra Enviro Projects Pvt. Ltd.,Legacy/MSW,T0355,AP27TZ1494,Phase3,23020.00,21-03-2026 20:43:02,10520.00,21-03-2026 20:54:34,12500.00,Legacy/MSW,Kurnool_AP27TZ1494_20260321_204306_1st_front.jpg,Kurnool_AP27TZ1494_20260321_204308_1st_back.jpg,Kurnool_AP27TZ1494_20260321_205504_2nd_front.jpg,Kurnool_AP27TZ1494_20260321_205505_2nd_back.jpg,Mahesh,admin
21-03-2026,20:59:34,Kurnool,Saurashtra Enviro Projects Pvt. Ltd.,Legacy/MSW,T0356,AP39UX6276,Phase3,21540.00,21-03-2026 20:46:14,10460.00,21-03-2026 20:59:02,11080.00,Legacy/MSW,Kurnool_AP39UX6276_20260321_204619_1st_front.jpg,Kurnool_AP39UX6276_20260321_204621_1st_back.jpg,Kurnool_AP39UX6276_20260321_205931_2nd_front.jpg,Kurnool_AP39UX6276_20260321_205932_2nd_back.jpg,Mahesh,admin
21-03-2026,21:08:19,Kurnool,Saurashtra Enviro Projects Pvt. Ltd.,Legacy/MSW,T0357,AP21TE4795,Phase3,25090.00,21-03-2026 20:56:58,10340.00,21-03-2026 21:07:45,14750.00,Legacy/MSW,Kurnool_AP21TE4795_20260321_205701_1st_front.jpg,Kurnool_AP21TE4795_20260321_205703_1st_back.jpg,Kurnool_AP21TE4795_20260321_210815_2nd_front.jpg,Kurnool_AP21TE4795_20260321_210817_2nd_back.jpg,Mahesh,admin
21-03-2026,21:11:09,Kurnool,Saurashtra Enviro Projects Pvt. Ltd.,Legacy/MSW,T0358,AP26TF2425,Phase3,24390.00,21-03-2026 21:01:16,10190.00,21-03-2026 21:10:37,14200.00,Legacy/MSW,Kurnool_AP26TF2425_20260321_210120_1st_front.jpg,Kurnool_AP26TF2425_20260321_210122_1st_back.jpg,Kurnool_AP26TF2425_20260321_211105_2nd_front.jpg,Kurnool_AP26TF2425_20260321_211107_2nd_back.jpg,Mahesh,admin
21-03-2026,21:24:55,Kurnool,Saurashtra Enviro Projects Pvt. Ltd.,Legacy/MSW,T0359,AP39VA7251,Phase3,26480.00,21-03-2026 21:09:34,10230.00,21-03-2026 21:24:24,16250.00,Legacy/MSW,Kurnool_AP39VA7251_20260321_210939_1st_front.jpg,Kurnool_AP39VA7251_20260321_210941_1st_back.jpg,Kurnool_AP39VA7251_20260321_212452_2nd_front.jpg,Kurnool_AP39VA7251_20260321_212453_2nd_back.jpg,Mahesh,admin
21-03-2026,21:31:19,Kurnool,Saurashtra Enviro Projects Pvt. Ltd.,Legacy/MSW,T0360,AP27TZ1494,Phase3,26870.00,21-03-2026 21:13:40,10460.00,21-03-2026 21:30:47,16410.00,Legacy/MSW,Kurnool_AP27TZ1494_20260321_211343_1st_front.jpg,Kurnool_AP27TZ1494_20260321_211345_1st_back.jpg,Kurnool_AP27TZ1494_20260321_213116_2nd_front.jpg,Kurnool_AP27TZ1494_20260321_213118_2nd_back.jpg,Mahesh,admin
21-03-2026,21:34:26,Kurnool,Saurashtra Enviro Projects Pvt. Ltd.,Legacy/MSW,T0361,AP39UX6276,Phase3,26500.00,21-03-2026 21:20:33,10400.00,21-03-2026 21:33:53,16100.00,Legacy/MSW,Kurnool_AP26TF2425_20260321_212037_1st_front.jpg,Kurnool_AP26TF2425_20260321_212039_1st_back.jpg,Kurnool_AP39UX6276_20260321_213423_2nd_front.jpg,Kurnool_AP39UX6276_20260321_213425_2nd_back.jpg,Mahesh,admin
21-03-2026,21:41:00,Kurnool,Saurashtra Enviro Projects Pvt. Ltd.,Legacy/MSW,T0362,AP21TE4795,Phase3,21560.00,21-03-2026 21:23:17,10310.00,21-03-2026 21:40:26,11250.00,Legacy/MSW,Kurnool_AP21TE4795_20260321_212322_1st_front.jpg,Kurnool_AP21TE4795_20260321_212324_1st_back.jpg,Kurnool_AP21TE4795_20260321_214056_2nd_front.jpg,Kurnool_AP21TE4795_20260321_214058_2nd_back.jpg,Mahesh,admin
21-03-2026,21:42:13,Kurnool,Saurashtra Enviro Projects Pvt. Ltd.,Legacy/MSW,T0363,AP26TF2425,Phase3,23300.00,21-03-2026 21:29:24,10180.00,21-03-2026 21:41:43,13120.00,Legacy/MSW,Kurnool_AP39UX6276_20260321_212929_1st_front.jpg,Kurnool_AP39UX6276_20260321_212930_1st_back.jpg,Kurnool_AP26TF2425_20260321_214210_2nd_front.jpg,Kurnool_AP26TF2425_20260321_214212_2nd_back.jpg,Mahesh,admin
21-03-2026,21:50:42,Kurnool,Saurashtra Enviro Projects Pvt. Ltd.,Legacy/MSW,T0364,AP39VA7251,Phase3,27590.00,21-03-2026 21:37:24,10140.00,21-03-2026 21:50:08,17450.00,Legacy/MSW,Kurnool_AP39VA7251_20260321_213800_1st_front.jpg,Kurnool_AP39VA7251_20260321_213804_1st_back.jpg,Kurnool_AP39VA7251_20260321_215038_2nd_front.jpg,Kurnool_AP39VA7251_20260321_215040_2nd_back.jpg,Mahesh,admin
21-03-2026,21:56:07,Kurnool,Saurashtra Enviro Projects Pvt. Ltd.,Legacy/MSW,T0365,AP27TZ1494,Phase3,22170.00,21-03-2026 21:43:29,10510.00,21-03-2026 21:55:34,11660.00,Legacy/MSW,Kurnool_AP27TZ1494_20260321_214335_1st_front.jpg,Kurnool_AP27TZ1494_20260321_214337_1st_back.jpg,Kurnool_AP27TZ1494_20260321_215605_2nd_front.jpg,Kurnool_AP27TZ1494_20260321_215606_2nd_back.jpg,Mahesh,admin
21-03-2026,22:07:24,Kurnool,Saurashtra Enviro Projects Pvt. Ltd.,Legacy/MSW,T0366,AP39UX6276,Phase3,20640.00,21-03-2026 21:53:43,10420.00,21-03-2026 22:06:57,10220.00,Legacy/MSW,Kurnool_AP39UX6276_20260321_215348_1st_front.jpg,Kurnool_AP39UX6276_20260321_215349_1st_back.jpg,Kurnool_AP39UX6276_20260321_220721_2nd_front.jpg,Kurnool_AP39UX6276_20260321_220723_2nd_back.jpg,Mahesh,admin
21-03-2026,22:12:00,Kurnool,Saurashtra Enviro Projects Pvt. Ltd.,Legacy/MSW,T0367,AP21TE4795,Phase3,21710.00,21-03-2026 21:57:12,10320.00,21-03-2026 22:11:14,11390.00,Legacy/MSW,Kurnool_AP21TE4795_20260321_215716_1st_front.jpg,Kurnool_AP21TE4795_20260321_215717_1st_back.jpg,Kurnool_AP21TE4795_20260321_221157_2nd_front.jpg,Kurnool_AP21TE4795_20260321_221159_2nd_back.jpg,Mahesh,admin
21-03-2026,22:15:15,Kurnool,Saurashtra Enviro Projects Pvt. Ltd.,Legacy/MSW,T0368,AP26TF2425,Phase3,29940.00,21-03-2026 22:04:27,10200.00,21-03-2026 22:14:36,19740.00,Legacy/MSW,Kurnool_AP26TF2425_20260321_220440_1st_front.jpg,Kurnool_AP26TF2425_20260321_220442_1st_back.jpg,Kurnool_AP26TF2425_20260321_221512_2nd_front.jpg,Kurnool_AP26TF2425_20260321_221514_2nd_back.jpg,Mahesh,admin
21-03-2026,22:28:06,Kurnool,Saurashtra Enviro Projects Pvt. Ltd.,Legacy/MSW,T0369,AP27TZ1494,Phase3,24780.00,21-03-2026 22:13:25,10480.00,21-03-2026 22:27:38,14300.00,Legacy/MSW,Kurnool_AP27TZ1494_20260321_221329_1st_front.jpg,Kurnool_AP27TZ1494_20260321_221331_1st_back.jpg,Kurnool_AP27TZ1494_20260321_222803_2nd_front.jpg,Kurnool_AP27TZ1494_20260321_222805_2nd_back.jpg,Mahesh,admin
21-03-2026,22:40:22,Kurnool,Saurashtra Enviro Projects Pvt. Ltd.,Legacy/MSW,T0370,AP39VA7251,Phase3,21560.00,21-03-2026 22:19:10,10200.00,21-03-2026 22:39:48,11360.00,Legacy/MSW,Kurnool_AP39VA7251_20260321_221915_1st_front.jpg,Kurnool_AP39VA7251_20260321_221917_1st_back.jpg,Kurnool_AP39VA7251_20260321_224019_2nd_front.jpg,Kurnool_AP39VA7251_20260321_224020_2nd_back.jpg,Mahesh,admin
21-03-2026,22:41:30,Kurnool,Saurashtra Enviro Projects Pvt. Ltd.,Legacy/MSW,T0371,AP39UX6276,Phase3,21520.00,21-03-2026 22:26:19,10430.00,21-03-2026 22:40:58,11090.00,Legacy/MSW,Kurnool_AP39UX6276_20260321_222623_1st_front.jpg,Kurnool_AP39UX6276_20260321_222625_1st_back.jpg,Kurnool_AP39UX6276_20260321_224127_2nd_front.jpg,Kurnool_AP39UX6276_20260321_224129_2nd_back.jpg,Mahesh,admin
21-03-2026,22:47:14,Kurnool,Saurashtra Enviro Projects Pvt. Ltd.,Legacy/MSW,T0372,AP21TE4795,Phase3,21540.00,21-03-2026 22:37:21,10350.00,21-03-2026 22:46:45,11190.00,Legacy/MSW,Kurnool_AP21TE4795_20260321_223725_1st_front.jpg,Kurnool_AP21TE4795_20260321_223726_1st_back.jpg,Kurnool_AP21TE4795_20260321_224711_2nd_front.jpg,Kurnool_AP21TE4795_20260321_224713_2nd_back.jpg,Mahesh,admin
21-03-2026,22:51:44,Kurnool,Saurashtra Enviro Projects Pvt. Ltd.,Legacy/MSW,T0373,AP26TF2425,Phase3,27260.00,21-03-2026 22:43:25,10180.00,21-03-2026 22:51:12,17080.00,Legacy/MSW,Kurnool_AP26TF2425_20260321_224330_1st_front.jpg,Kurnool_AP26TF2425_20260321_224332_1st_back.jpg,Kurnool_AP26TF2425_20260321_225141_2nd_front.jpg,Kurnool_AP26TF2425_20260321_225142_2nd_back.jpg,Mahesh,admin
21-03-2026,23:01:20,Kurnool,Saurashtra Enviro Projects Pvt. Ltd.,Legacy/MSW,T0374,AP27TZ1494,Phase3,28490.00,21-03-2026 22:50:09,10480.00,21-03-2026 23:00:43,18010.00,Legacy/MSW,Kurnool_AP27TZ1494_20260321_225013_1st_front.jpg,Kurnool_AP27TZ1494_20260321_225015_1st_back.jpg,Kurnool_AP27TZ1494_20260321_230116_2nd_front.jpg,Kurnool_AP27TZ1494_20260321_230118_2nd_back.jpg,Mahesh,admin
21-03-2026,23:12:56,Kurnool,Saurashtra Enviro Projects Pvt. Ltd.,Legacy/MSW,T0375,AP39VA7251,Phase3,25910.00,21-03-2026 22:58:47,10200.00,21-03-2026 23:12:16,15710.00,Legacy/MSW,Kurnool_AP39VA7251_20260321_225851_1st_front.jpg,Kurnool_AP39VA7251_20260321_225853_1st_back.jpg,Kurnool_AP39VA7251_20260321_231253_2nd_front.jpg,Kurnool_AP39VA7251_20260321_231254_2nd_back.jpg,Mahesh,admin
21-03-2026,23:30:34,Kurnool,Saurashtra Enviro Projects Pvt. Ltd.,Legacy/MSW,T0376,AP39UX6276,Phase3,23910.00,21-03-2026 23:17:18,10420.00,21-03-2026 23:29:58,13490.00,Legacy/MSW,Kurnool_AP39UX6276_20260321_231722_1st_front.jpg,Kurnool_AP39UX6276_20260321_231724_1st_back.jpg,Kurnool_AP39UX6276_20260321_233029_2nd_front.jpg,Kurnool_AP39UX6276_20260321_233031_2nd_back.jpg,Mahesh,admin
21-03-2026,23:39:03,Kurnool,Saurashtra Enviro Projects Pvt. Ltd.,Legacy/MSW,T0377,AP21TE4795,Phase3,23130.00,21-03-2026 23:22:56,10210.00,21-03-2026 23:38:22,12920.00,Legacy/MSW,Kurnool_AP21TE4795_20260321_232300_1st_front.jpg,Kurnool_AP21TE4795_20260321_232303_1st_back.jpg,Kurnool_AP21TE4795_20260321_233900_2nd_front.jpg,Kurnool_AP21TE4795_20260321_233902_2nd_back.jpg,Mahesh,admin
21-03-2026,23:40:38,Kurnool,Saurashtra Enviro Projects Pvt. Ltd.,Legacy/MSW,T0378,AP26TF2425,Phase3,26380.00,21-03-2026 23:28:57,10130.00,21-03-2026 23:40:06,16250.00,Legacy/MSW,Kurnool_AP26TF2425_20260321_232902_1st_front.jpg,Kurnool_AP26TF2425_20260321_232904_1st_back.jpg,Kurnool_AP26TF2425_20260321_234035_2nd_front.jpg,Kurnool_AP26TF2425_20260321_234037_2nd_back.jpg,Mahesh,admin
21-03-2026,23:49:06,Kurnool,Saurashtra Enviro Projects Pvt. Ltd.,Legacy/MSW,T0379,AP27TZ1494,Phase3,24730.00,21-03-2026 23:34:46,10480.00,21-03-2026 23:48:22,14250.00,Legacy/MSW,Kurnool_AP27TZ1494_20260321_233450_1st_front.jpg,Kurnool_AP27TZ1494_20260321_233451_1st_back.jpg,Kurnool_AP27TZ1494_20260321_234903_2nd_front.jpg,Kurnool_AP27TZ1494_20260321_234905_2nd_back.jpg,Mahesh,admin
21-03-2026,23:58:15,Kurnool,Saurashtra Enviro Projects Pvt. Ltd.,Legacy/MSW,T0380,AP39VA7251,Phase3,22660.00,21-03-2026 23:44:01,10170.00,21-03-2026 23:57:42,12490.00,Legacy/MSW,Kurnool_AP39VA7251_20260321_234406_1st_front.jpg,Kurnool_AP39VA7251_20260321_234407_1st_back.jpg,Kurnool_AP39VA7251_20260321_235812_2nd_front.jpg,Kurnool_AP39VA7251_20260321_235814_2nd_back.jpg,Mahesh,admin
22-03-2026,00:02:45,Kurnool,Saurashtra Enviro Projects Pvt. Ltd.,Legacy/MSW,T0381,AP39UX6276,Phase3,22730.00,21-03-2026 23:50:45,10410.00,22-03-2026 00:02:09,12320.00,Legacy/MSW,Kurnool_AP39UX6276_20260321_235052_1st_front.jpg,Kurnool_AP39UX6276_20260321_235054_1st_back.jpg,Kurnool_AP39UX6276_20260322_000242_2nd_front.jpg,Kurnool_AP39UX6276_20260322_000244_2nd_back.jpg,Mahesh,admin
22-03-2026,00:05:42,Kurnool,Saurashtra Enviro Projects Pvt. Ltd.,Legacy/MSW,T0382,AP21TE4795,Phase3,21870.00,21-03-2026 23:55:42,10340.00,22-03-2026 00:05:07,11530.00,Legacy/MSW,Kurnool_AP21TE4795_20260321_235546_1st_front.jpg,Kurnool_AP21TE4795_20260321_235549_1st_back.jpg,Kurnool_AP21TE4795_20260322_000539_2nd_front.jpg,Kurnool_AP21TE4795_20260322_000540_2nd_back.jpg,Mahesh,admin
22-03-2026,00:12:16,Kurnool,Saurashtra Enviro Projects Pvt. Ltd.,Legacy/MSW,T0383,AP26TF2425,Phase3,26050.00,22-03-2026 00:03:53,10060.00,22-03-2026 00:11:33,15990.00,Legacy/MSW,Kurnool_AP26TF2425_20260322_000357_1st_front.jpg,Kurnool_AP26TF2425_20260322_000359_1st_back.jpg,Kurnool_AP26TF2425_20260322_001212_2nd_front.jpg,Kurnool_AP26TF2425_20260322_001214_2nd_back.jpg,Mahesh,admin
22-03-2026,00:22:27,Kurnool,Saurashtra Enviro Projects Pvt. Ltd.,Legacy/MSW,T0384,AP27TZ1494,Phase3,24730.00,22-03-2026 00:08:57,10470.00,22-03-2026 00:21:53,14260.00,Legacy/MSW,Kurnool_AP27TZ1494_20260322_000902_1st_front.jpg,Kurnool_AP27TZ1494_20260322_000904_1st_back.jpg,Kurnool_AP27TZ1494_20260322_002223_2nd_front.jpg,Kurnool_AP27TZ1494_20260322_002225_2nd_back.jpg,Mahesh,admin
22-03-2026,00:33:53,Kurnool,Saurashtra Enviro Projects Pvt. Ltd.,Legacy/MSW,T0385,AP39VA7251,Phase3,20480.00,22-03-2026 00:15:52,10210.00,22-03-2026 00:33:12,10270.00,Legacy/MSW,Kurnool_AP39VA7251_20260322_001556_1st_front.jpg,Kurnool_AP39VA7251_20260322_001558_1st_back.jpg,Kurnool_AP39VA7251_20260322_003349_2nd_front.jpg,Kurnool_AP39VA7251_20260322_003351_2nd_back.jpg,Mahesh,admin
22-03-2026,00:38:35,Kurnool,Saurashtra Enviro Projects Pvt. Ltd.,Legacy/MSW,T0386,AP39UX6276,Phase3,20270.00,22-03-2026 00:26:02,10420.00,22-03-2026 00:38:04,9850.00,Legacy/MSW,Kurnool_AP39UX6276_20260322_002607_1st_front.jpg,Kurnool_AP39UX6276_20260322_002608_1st_back.jpg,Kurnool_AP39UX6276_20260322_003832_2nd_front.jpg,Kurnool_AP39UX6276_20260322_003833_2nd_back.jpg,Mahesh,admin
22-03-2026,00:45:31,Kurnool,Saurashtra Enviro Projects Pvt. Ltd.,Legacy/MSW,T0387,AP21TE4795,Phase3,22240.00,22-03-2026 00:31:29,10300.00,22-03-2026 00:44:53,11940.00,Legacy/MSW,Kurnool_AP21TE4795_20260322_003133_1st_front.jpg,Kurnool_AP21TE4795_20260322_003134_1st_back.jpg,Kurnool_AP21TE4795_20260322_004528_2nd_front.jpg,Kurnool_AP21TE4795_20260322_004530_2nd_back.jpg,Mahesh,admin
22-03-2026,00:51:17,Kurnool,Saurashtra Enviro Projects Pvt. Ltd.,Legacy/MSW,T0388,AP26TF2425,Phase3,31100.00,22-03-2026 00:41:26,10070.00,22-03-2026 00:50:39,21030.00,Legacy/MSW,Kurnool_AP26TF2425_20260322_004130_1st_front.jpg,Kurnool_AP26TF2425_20260322_004131_1st_back.jpg,Kurnool_AP26TF2425_20260322_005114_2nd_front.jpg,Kurnool_AP26TF2425_20260322_005116_2nd_back.jpg,Mahesh,admin
22-03-2026,01:02:24,Kurnool,Saurashtra Enviro Projects Pvt. Ltd.,Legacy/MSW,T0389,AP27TZ1494,Phase3,26450.00,22-03-2026 00:49:29,10520.00,22-03-2026 01:01:48,15930.00,Legacy/MSW,Kurnool_AP27TZ1494_20260322_004933_1st_front.jpg,Kurnool_AP27TZ1494_20260322_004935_1st_back.jpg,Kurnool_AP27TZ1494_20260322_010220_2nd_front.jpg,Kurnool_AP27TZ1494_20260322_010222_2nd_back.jpg,Mahesh,admin
22-03-2026,01:12:30,Kurnool,Saurashtra Enviro Projects Pvt. Ltd.,Legacy/MSW,T0390,AP39VA7251,Phase3,24490.00,22-03-2026 00:55:58,10210.00,22-03-2026 01:11:55,14280.00,Legacy/MSW,Kurnool_AP39VA7251_20260322_005602_1st_front.jpg,Kurnool_AP39VA7251_20260322_005604_1st_back.jpg,Kurnool_AP39VA7251_20260322_011226_2nd_front.jpg,Kurnool_AP39VA7251_20260322_011227_2nd_back.jpg,Mahesh,admin
22-03-2026,01:23:35,Kurnool,Saurashtra Enviro Projects Pvt. Ltd.,Legacy/MSW,T0391,AP39UX6276,Phase3,26260.00,22-03-2026 01:06:45,10400.00,22-03-2026 01:23:02,15860.00,Legacy/MSW,Kurnool_AP39UX6276_20260322_010650_1st_front.jpg,Kurnool_AP39UX6276_20260322_010652_1st_back.jpg,Kurnool_AP39UX6276_20260322_012332_2nd_front.jpg,Kurnool_AP39UX6276_20260322_012334_2nd_back.jpg,Mahesh,admin
22-03-2026,01:32:53,Kurnool,Saurashtra Enviro Projects Pvt. Ltd.,Legacy/MSW,T0392,AP21TE4795,Phase3,23060.00,22-03-2026 01:09:05,10310.00,22-03-2026 01:32:21,12750.00,Legacy/MSW,Kurnool_AP21TE4795_20260322_010910_1st_front.jpg,Kurnool_AP21TE4795_20260322_010912_1st_back.jpg,Kurnool_AP21TE4795_20260322_013249_2nd_front.jpg,Kurnool_AP21TE4795_20260322_013251_2nd_back.jpg,Mahesh,admin
22-03-2026,01:34:44,Kurnool,Saurashtra Enviro Projects Pvt. Ltd.,Legacy/MSW,T0393,AP26TF2425,Phase3,27930.00,22-03-2026 01:16:02,10190.00,22-03-2026 01:34:12,17740.00,Legacy/MSW,Kurnool_AP26TF2425_20260322_011614_1st_front.jpg,Kurnool_AP26TF2425_20260322_011616_1st_back.jpg,Kurnool_AP26TF2425_20260322_013441_2nd_front.jpg,Kurnool_AP26TF2425_20260322_013442_2nd_back.jpg,Mahesh,admin
22-03-2026,01:40:23,Kurnool,Saurashtra Enviro Projects Pvt. Ltd.,Legacy/MSW,T0394,AP27TZ1494,Phase3,30370.00,22-03-2026 01:24:26,10510.00,22-03-2026 01:39:48,19860.00,Legacy/MSW,Kurnool_AP27TZ1494_20260322_012445_1st_front.jpg,Kurnool_AP27TZ1494_20260322_012447_1st_back.jpg,Kurnool_AP27TZ1494_20260322_014019_2nd_front.jpg,Kurnool_AP27TZ1494_20260322_014021_2nd_back.jpg,Mahesh,admin
22-03-2026,01:48:06,Kurnool,Saurashtra Enviro Projects Pvt. Ltd.,Legacy/MSW,T0395,AP39VA7251,Phase3,22820.00,22-03-2026 01:30:53,10190.00,22-03-2026 01:47:30,12630.00,Legacy/MSW,Kurnool_AP39VA7251_20260322_013058_1st_front.jpg,Kurnool_AP39VA7251_20260322_013100_1st_back.jpg,Kurnool_AP39VA7251_20260322_014803_2nd_front.jpg,Kurnool_AP39VA7251_20260322_014805_2nd_back.jpg,Mahesh,admin
22-03-2026,01:54:33,Kurnool,Saurashtra Enviro Projects Pvt. Ltd.,Legacy/MSW,T0396,AP39UX6276,Phase3,16310.00,22-03-2026 01:38:02,10420.00,22-03-2026 01:53:55,5890.00,Legacy/MSW,Kurnool_AP39UX6276_20260322_013807_1st_front.jpg,Kurnool_AP39UX6276_20260322_013809_1st_back.jpg,Kurnool_AP39UX6276_20260322_015429_2nd_front.jpg,Kurnool_AP39UX6276_20260322_015431_2nd_back.jpg,Mahesh,admin
22-03-2026,02:02:35,Kurnool,Saurashtra Enviro Projects Pvt. Ltd.,Legacy/MSW,T0397,AP21TE4795,Phase3,21720.00,22-03-2026 01:45:56,10290.00,22-03-2026 02:01:57,11430.00,Legacy/MSW,Kurnool_AP21TE4795_20260322_014601_1st_front.jpg,Kurnool_AP21TE4795_20260322_014603_1st_back.jpg,Kurnool_AP21TE4795_20260322_020232_2nd_front.jpg,Kurnool_AP21TE4795_20260322_020234_2nd_back.jpg,Mahesh,admin
22-03-2026,02:06:40,Kurnool,Saurashtra Enviro Projects Pvt. Ltd.,Legacy/MSW,T0398,AP26TF2425,Phase3,21870.00,22-03-2026 01:55:20,10060.00,22-03-2026 02:06:08,11810.00,Legacy/MSW,Kurnool_AP26TF2425_20260322_015526_1st_front.jpg,Kurnool_AP26TF2425_20260322_015528_1st_back.jpg,Kurnool_AP26TF2425_20260322_020637_2nd_front.jpg,Kurnool_AP26TF2425_20260322_020638_2nd_back.jpg,Mahesh,admin
22-03-2026,02:25:26,Kurnool,Saurashtra Enviro Projects Pvt. Ltd.,Legacy/MSW,T0399,AP27TZ1494,Phase3,22350.00,22-03-2026 02:03:45,10470.00,22-03-2026 02:24:50,11880.00,Legacy/MSW,Kurnool_AP27TZ1494_20260322_020349_1st_front.jpg,Kurnool_AP27TZ1494_20260322_020351_1st_back.jpg,Kurnool_AP27TZ1494_20260322_022522_2nd_front.jpg,Kurnool_AP27TZ1494_20260322_022524_2nd_back.jpg,Mahesh,admin
22-03-2026,02:29:51,Kurnool,Saurashtra Enviro Projects Pvt. Ltd.,Legacy/MSW,T0400,AP39VA7251,Phase3,19490.00,22-03-2026 02:08:03,10180.00,22-03-2026 02:29:19,9310.00,Legacy/MSW,Kurnool_AP39VA7251_20260322_020807_1st_front.jpg,Kurnool_AP39VA7251_20260322_020809_1st_back.jpg,Kurnool_AP39VA7251_20260322_022948_2nd_front.jpg,Kurnool_AP39VA7251_20260322_022949_2nd_back.jpg,Mahesh,admin
22-03-2026,02:32:37,Kurnool,Saurashtra Enviro Projects Pvt. Ltd.,Legacy/MSW,T0401,AP39UX6276,Phase3,30740.00,22-03-2026 02:16:19,10360.00,22-03-2026 02:31:58,20380.00,Legacy/MSW,Kurnool_AP39UX6276_20260322_021624_1st_front.jpg,Kurnool_AP39UX6276_20260322_021626_1st_back.jpg,Kurnool_AP39UX6276_20260322_023233_2nd_front.jpg,Kurnool_AP39UX6276_20260322_023235_2nd_back.jpg,Mahesh,admin
22-03-2026,02:39:36,Kurnool,Saurashtra Enviro Projects Pvt. Ltd.,Legacy/MSW,T0402,AP21TE4795,Phase3,24440.00,22-03-2026 02:23:23,10340.00,22-03-2026 02:39:01,14100.00,Legacy/MSW,Kurnool_AP21TE4795_20260322_022328_1st_front.jpg,Kurnool_AP21TE4795_20260322_022330_1st_back.jpg,Kurnool_AP21TE4795_20260322_023932_2nd_front.jpg,Kurnool_AP21TE4795_20260322_023934_2nd_back.jpg,Mahesh,admin
22-03-2026,02:44:33,Kurnool,Saurashtra Enviro Projects Pvt. Ltd.,Legacy/MSW,T0403,AP26TF2425,Phase3,27010.00,22-03-2026 02:27:48,10150.00,22-03-2026 02:43:57,16860.00,Legacy/MSW,Kurnool_AP26TF2425_20260322_022822_1st_front.jpg,Kurnool_AP26TF2425_20260322_022823_1st_back.jpg,Kurnool_AP26TF2425_20260322_024429_2nd_front.jpg,Kurnool_AP26TF2425_20260322_024431_2nd_back.jpg,Mahesh,admin
22-03-2026,02:53:07,Kurnool,Saurashtra Enviro Projects Pvt. Ltd.,Legacy/MSW,T0404,AP27TZ1494,Phase3,25770.00,22-03-2026 02:37:46,10490.00,22-03-2026 02:52:32,15280.00,Legacy/MSW,Kurnool_AP27TZ1494_20260322_023751_1st_front.jpg,Kurnool_AP27TZ1494_20260322_023753_1st_back.jpg,Kurnool_AP27TZ1494_20260322_025304_2nd_front.jpg,Kurnool_AP27TZ1494_20260322_025305_2nd_back.jpg,Mahesh,admin
22-03-2026,03:21:03,Kurnool,Saurashtra Enviro Projects Pvt. Ltd.,Legacy/MSW,T0405,AP39VA7251,Phase3,20570.00,22-03-2026 03:06:17,10190.00,22-03-2026 03:20:23,10380.00,Legacy/MSW,Kurnool_AP39VA7251_20260322_030622_1st_front.jpg,Kurnool_AP39VA7251_20260322_030623_1st_back.jpg,Kurnool_AP39VA7251_20260322_032100_2nd_front.jpg,Kurnool_AP39VA7251_20260322_032101_2nd_back.jpg,Mahesh,admin
22-03-2026,03:22:37,Kurnool,Saurashtra Enviro Projects Pvt. Ltd.,Legacy/MSW,T0406,AP39UX6276,Phase3,20140.00,22-03-2026 03:13:37,10410.00,22-03-2026 03:22:04,9730.00,Legacy/MSW,Kurnool_AP39UX6276_20260322_031341_1st_front.jpg,Kurnool_AP39UX6276_20260322_031343_1st_back.jpg,Kurnool_AP39UX6276_20260322_032234_2nd_front.jpg,Kurnool_AP39UX6276_20260322_032235_2nd_back.jpg,Mahesh,admin
22-03-2026,03:32:35,Kurnool,Saurashtra Enviro Projects Pvt. Ltd.,Legacy/MSW,T0407,AP21TE4795,Phase3,23210.00,22-03-2026 03:19:08,10310.00,22-03-2026 03:31:54,12900.00,Legacy/MSW,Kurnool_AP21TE4795_20260322_031912_1st_front.jpg,Kurnool_AP21TE4795_20260322_031913_1st_back.jpg,Kurnool_AP21TE4795_20260322_033232_2nd_front.jpg,Kurnool_AP21TE4795_20260322_033234_2nd_back.jpg,Mahesh,admin
22-03-2026,03:38:15,Kurnool,Saurashtra Enviro Projects Pvt. Ltd.,Legacy/MSW,T0408,AP26TF2425,Phase3,22490.00,22-03-2026 03:27:41,10150.00,22-03-2026 03:37:40,12340.00,Legacy/MSW,Kurnool_AP26TF2425_20260322_032744_1st_front.jpg,Kurnool_AP26TF2425_20260322_032746_1st_back.jpg,Kurnool_AP26TF2425_20260322_033812_2nd_front.jpg,Kurnool_AP26TF2425_20260322_033813_2nd_back.jpg,Mahesh,admin
22-03-2026,03:46:55,Kurnool,Saurashtra Enviro Projects Pvt. Ltd.,Legacy/MSW,T0409,AP27TZ1494,Phase3,22480.00,22-03-2026 03:34:34,10360.00,22-03-2026 03:46:22,12120.00,Legacy/MSW,Kurnool_AP27TZ1494_20260322_033437_1st_front.jpg,Kurnool_AP27TZ1494_20260322_033439_1st_back.jpg,Kurnool_AP27TZ1494_20260322_034652_2nd_front.jpg,Kurnool_AP27TZ1494_20260322_034654_2nd_back.jpg,Mahesh,admin
22-03-2026,03:57:39,Kurnool,Saurashtra Enviro Projects Pvt. Ltd.,Legacy/MSW,T0410,AP39VA7251,Phase3,21260.00,22-03-2026 03:42:58,10090.00,22-03-2026 03:57:02,11170.00,Legacy/MSW,Kurnool_AP39VA7251_20260322_034302_1st_front.jpg,Kurnool_AP39VA7251_20260322_034304_1st_back.jpg,Kurnool_AP39VA7251_20260322_035735_2nd_front.jpg,Kurnool_AP39VA7251_20260322_035737_2nd_back.jpg,Mahesh,admin
22-03-2026,04:01:21,Kurnool,Saurashtra Enviro Projects Pvt. Ltd.,Legacy/MSW,T0411,AP39UX6276,Phase3,21980.00,22-03-2026 03:51:51,10390.00,22-03-2026 04:00:46,11590.00,Legacy/MSW,Kurnool_AP39UX6276_20260322_035154_1st_front.jpg,Kurnool_AP39UX6276_20260322_035156_1st_back.jpg,Kurnool_AP39UX6276_20260322_040118_2nd_front.jpg,Kurnool_AP39UX6276_20260322_040119_2nd_back.jpg,Mahesh,admin
22-03-2026,04:21:43,Kurnool,Saurashtra Enviro Projects Pvt. Ltd.,Legacy/MSW,T0412,AP21TE4795,Phase3,25340.00,22-03-2026 04:04:10,10150.00,22-03-2026 04:21:06,15190.00,Legacy/MSW,Kurnool_AP21TE4795_20260322_040415_1st_front.jpg,Kurnool_AP21TE4795_20260322_040416_1st_back.jpg,Kurnool_AP21TE4795_20260322_042140_2nd_front.jpg,Kurnool_AP21TE4795_20260322_042141_2nd_back.jpg,Mahesh,admin
22-03-2026,04:24:54,Kurnool,Saurashtra Enviro Projects Pvt. Ltd.,Legacy/MSW,T0413,AP26TF2425,Phase3,23720.00,22-03-2026 04:13:30,10090.00,22-03-2026 04:24:23,13630.00,Legacy/MSW,Kurnool_AP26TF2425_20260322_041334_1st_front.jpg,Kurnool_AP26TF2425_20260322_041336_1st_back.jpg,Kurnool_AP26TF2425_20260322_042450_2nd_front.jpg,Kurnool_AP26TF2425_20260322_042452_2nd_back.jpg,Mahesh,admin
22-03-2026,04:35:44,Kurnool,Saurashtra Enviro Projects Pvt. Ltd.,Legacy/MSW,T0414,AP27TZ1494,Phase3,23910.00,22-03-2026 04:14:57,10330.00,22-03-2026 04:35:02,13580.00,Legacy/MSW,Kurnool_AP27TZ1494_20260322_041501_1st_front.jpg,Kurnool_AP27TZ1494_20260322_041503_1st_back.jpg,Kurnool_AP27TZ1494_20260322_043541_2nd_front.jpg,Kurnool_AP27TZ1494_20260322_043542_2nd_back.jpg,Mahesh,admin
22-03-2026,04:46:42,Kurnool,Saurashtra Enviro Projects Pvt. Ltd.,Legacy/MSW,T0415,AP39VA7251,Phase3,23130.00,22-03-2026 04:23:25,10190.00,22-03-2026 04:46:11,12940.00,Legacy/MSW,Kurnool_AP39VA7251_20260322_042330_1st_front.jpg,Kurnool_AP39VA7251_20260322_042332_1st_back.jpg,Kurnool_AP39VA7251_20260322_044640_2nd_front.jpg,Kurnool_AP39VA7251_20260322_044641_2nd_back.jpg,Mahesh,admin
22-03-2026,04:58:29,Kurnool,Saurashtra Enviro Projects Pvt. Ltd.,Legacy/MSW,T0416,AP21TE4795,Phase3,21150.00,22-03-2026 04:36:43,10290.00,22-03-2026 04:57:55,10860.00,Legacy/MSW,Kurnool_AP21TE4795_20260322_043648_1st_front.jpg,Kurnool_AP21TE4795_20260322_043649_1st_back.jpg,Kurnool_AP21TE4795_20260322_045826_2nd_front.jpg,Kurnool_AP21TE4795_20260322_045828_2nd_back.jpg,Mahesh,admin
22-03-2026,05:00:03,Kurnool,Saurashtra Enviro Projects Pvt. Ltd.,Legacy/MSW,T0417,AP26TF2425,Phase3,24760.00,22-03-2026 04:40:07,10120.00,22-03-2026 04:59:32,14640.00,Legacy/MSW,Kurnool_AP26TF2425_20260322_044011_1st_front.jpg,Kurnool_AP26TF2425_20260322_044012_1st_back.jpg,Kurnool_AP26TF2425_20260322_050000_2nd_front.jpg,Kurnool_AP26TF2425_20260322_050002_2nd_back.jpg,Mahesh,admin
22-03-2026,05:02:21,Kurnool,Saurashtra Enviro Projects Pvt. Ltd.,Legacy/MSW,T0418,AP27TZ1494,Phase3,25360.00,22-03-2026 04:47:44,10350.00,22-03-2026 05:01:52,15010.00,Legacy/MSW,Kurnool_AP27TZ1494_20260322_044748_1st_front.jpg,Kurnool_AP27TZ1494_20260322_044749_1st_back.jpg,Kurnool_AP27TZ1494_20260322_050218_2nd_front.jpg,Kurnool_AP27TZ1494_20260322_050220_2nd_back.jpg,Mahesh,admin
22-03-2026,05:04:29,Kurnool,Saurashtra Enviro Projects Pvt. Ltd.,Legacy/MSW,T0419,AP39VA7251,Phase3,23740.00,22-03-2026 04:56:22,10150.00,22-03-2026 05:02:58,13590.00,Legacy/MSW,Kurnool_AP39VA7251_20260322_045629_1st_front.jpg,Kurnool_AP39VA7251_20260322_045630_1st_back.jpg,Kurnool_AP39VA7251_20260322_050426_2nd_front.jpg,Kurnool_AP39VA7251_20260322_050428_2nd_back.jpg,Mahesh,admin
22-03-2026,09:00:03,Kurnool,Saurashtra Enviro Projects Pvt. Ltd.,Legacy/MSW,T0420,AP39UX6276,Phase3,25320.00,22-03-2026 08:49:47,10330.00,22-03-2026 08:59:07,14990.00,Legacy/MSW,Kurnool_AP39UX6276_20260322_084951_1st_front.jpg,Kurnool_AP39UX6276_20260322_084953_1st_back.jpg,Kurnool_AP39UX6276_20260322_085959_2nd_front.jpg,Kurnool_AP39UX6276_20260322_090000_2nd_back.jpg,Mahesh,admin
22-03-2026,09:13:04,Kurnool,Saurashtra Enviro Projects Pvt. Ltd.,Legacy/MSW,T0421,AP39VA7251,Phase3,24650.00,22-03-2026 08:56:05,10360.00,22-03-2026 09:12:31,14290.00,Legacy/MSW,Kurnool_AP39VA7251_20260322_085622_1st_front.jpg,Kurnool_AP39VA7251_20260322_085627_1st_back.jpg,Kurnool_AP39VA7251_20260322_091256_2nd_front.jpg,Kurnool_AP39VA7251_20260322_091303_2nd_back.jpg,Mahesh,admin
22-03-2026,09:13:58,Kurnool,Saurashtra Enviro Projects Pvt. Ltd.,Legacy/MSW,T0422,AP26TF2425,Phase3,31100.00,22-03-2026 09:04:07,10350.00,22-03-2026 09:13:29,20750.00,Legacy/MSW,Kurnool_AP26TF2425_20260322_090442_1st_front.jpg,Kurnool_AP26TF2425_20260322_090444_1st_back.jpg,Kurnool_AP26TF2425_20260322_091354_2nd_front.jpg,Kurnool_AP26TF2425_20260322_091356_2nd_back.jpg,Mahesh,admin
22-03-2026,09:24:19,Kurnool,Saurashtra Enviro Projects Pvt. Ltd.,Legacy/MSW,T0423,AP21TE4795,Phase3,28610.00,22-03-2026 09:15:00,10380.00,22-03-2026 09:23:51,18230.00,Legacy/MSW,Kurnool_AP21TE4795_20260322_091539_1st_front.jpg,Kurnool_AP21TE4795_20260322_091541_1st_back.jpg,Kurnool_AP21TE4795_20260322_092415_2nd_front.jpg,Kurnool_AP21TE4795_20260322_092417_2nd_back.jpg,Mahesh,admin
22-03-2026,09:28:53,Kurnool,Saurashtra Enviro Projects Pvt. Ltd.,Legacy/MSW,T0424,AP39UX6276,Phase3,29690.00,22-03-2026 09:21:16,10370.00,22-03-2026 09:28:29,19320.00,Legacy/MSW,Kurnool_AP39UX6276_20260322_092148_1st_front.jpg,Kurnool_AP39UX6276_20260322_092150_1st_back.jpg,Kurnool_AP39UX6276_20260322_092848_2nd_front.jpg,Kurnool_AP39UX6276_20260322_092852_2nd_back.jpg,Mahesh,admin
22-03-2026,09:37:20,Kurnool,Saurashtra Enviro Projects Pvt. Ltd.,Legacy/MSW,T0425,AP39VA7251,Phase3,24090.00,22-03-2026 09:27:28,10270.00,22-03-2026 09:36:53,13820.00,Legacy/MSW,Kurnool_AP39VA7251_20260322_092805_1st_front.jpg,Kurnool_AP39VA7251_20260322_092806_1st_back.jpg,Kurnool_AP39VA7251_20260322_093715_2nd_front.jpg,Kurnool_AP39VA7251_20260322_093719_2nd_back.jpg,Mahesh,admin
22-03-2026,09:41:51,Kurnool,Saurashtra Enviro Projects Pvt. Ltd.,Legacy/MSW,T0426,AP26TF2425,Phase3,26640.00,22-03-2026 09:34:58,10060.00,22-03-2026 09:41:26,16580.00,Legacy/MSW,Kurnool_AP26TF2425_20260322_093545_1st_front.jpg,Kurnool_AP26TF2425_20260322_093548_1st_back.jpg,Kurnool_AP26TF2425_20260322_094147_2nd_front.jpg,Kurnool_AP26TF2425_20260322_094149_2nd_back.jpg,Mahesh,admin
22-03-2026,09:51:12,Kurnool,Saurashtra Enviro Projects Pvt. Ltd.,Legacy/MSW,T0427,AP21TE4795,Phase3,24170.00,22-03-2026 09:42:14,10410.00,22-03-2026 09:50:39,13760.00,Legacy/MSW,Kurnool_AP21TE4795_20260322_094247_1st_front.jpg,Kurnool_AP21TE4795_20260322_094249_1st_back.jpg,Kurnool_AP21TE4795_20260322_095109_2nd_front.jpg,Kurnool_AP21TE4795_20260322_095110_2nd_back.jpg,Mahesh,admin
22-03-2026,09:57:25,Kurnool,Saurashtra Enviro Projects Pvt. Ltd.,Legacy/MSW,T0428,AP39UX6276,Phase3,26770.00,22-03-2026 09:48:17,10440.00,22-03-2026 09:56:53,16330.00,Legacy/MSW,Kurnool_AP39UX6276_20260322_094851_1st_front.jpg,Kurnool_AP39UX6276_20260322_094852_1st_back.jpg,Kurnool_AP39UX6276_20260322_095722_2nd_front.jpg,Kurnool_AP39UX6276_20260322_095723_2nd_back.jpg,Mahesh,admin
22-03-2026,10:04:23,Kurnool,Saurashtra Enviro Projects Pvt. Ltd.,Legacy/MSW,T0429,AP39VA7251,Phase3,25350.00,22-03-2026 09:55:27,10270.00,22-03-2026 10:04:02,15080.00,Legacy/MSW,Kurnool_AP39VA7251_20260322_095603_1st_front.jpg,Kurnool_AP39VA7251_20260322_095606_1st_back.jpg,Kurnool_AP39VA7251_20260322_100418_2nd_front.jpg,Kurnool_AP39VA7251_20260322_100421_2nd_back.jpg,Mahesh,admin
22-03-2026,10:08:34,Kurnool,Saurashtra Enviro Projects Pvt. Ltd.,Legacy/MSW,T0430,AP26TF2425,Phase3,27740.00,22-03-2026 10:02:21,9950.00,22-03-2026 10:08:17,17790.00,Legacy/MSW,Kurnool_AP26TF2425_20260322_100228_1st_front.jpg,Kurnool_AP26TF2425_20260322_100229_1st_back.jpg,Kurnool_AP26TF2425_20260322_100832_2nd_front.jpg,Kurnool_AP26TF2425_20260322_100833_2nd_back.jpg,Mahesh,admin
22-03-2026,10:20:54,Kurnool,Saurashtra Enviro Projects Pvt. Ltd.,Legacy/MSW,T0431,AP21TE4795,Phase3,25380.00,22-03-2026 10:10:13,10270.00,22-03-2026 10:20:43,15110.00,Legacy/MSW,Kurnool_AP21TE4795_20260322_101019_1st_front.jpg,Kurnool_AP21TE4795_20260322_101020_1st_back.jpg,Kurnool_AP21TE4795_20260322_102050_2nd_front.jpg,Kurnool_AP21TE4795_20260322_102053_2nd_back.jpg,Mahesh,admin
22-03-2026,10:26:30,Kurnool,Saurashtra Enviro Projects Pvt. Ltd.,Legacy/MSW,T0432,AP39UX6276,Phase3,26730.00,22-03-2026 10:17:56,10340.00,22-03-2026 10:25:36,16390.00,Legacy/MSW,Kurnool_AP39UX6276_20260322_101830_1st_front.jpg,Kurnool_AP39UX6276_20260322_101833_1st_back.jpg,Kurnool_AP39UX6276_20260322_102627_2nd_front.jpg,Kurnool_AP39UX6276_20260322_102629_2nd_back.jpg,Mahesh,admin
22-03-2026,10:32:51,Kurnool,Saurashtra Enviro Projects Pvt. Ltd.,Legacy/MSW,T0433,AP39VA7251,Phase3,19780.00,22-03-2026 10:23:57,9950.00,22-03-2026 10:31:58,9830.00,Legacy/MSW,Kurnool_AP39VA7251_20260322_102402_1st_front.jpg,Kurnool_AP39VA7251_20260322_102403_1st_back.jpg,Kurnool_AP39VA7251_20260322_103246_2nd_front.jpg,Kurnool_AP39VA7251_20260322_103249_2nd_back.jpg,Mahesh,admin
22-03-2026,10:35:51,Kurnool,Saurashtra Enviro Projects Pvt. Ltd.,Legacy/MSW,T0434,AP26TF2425,Phase3,21740.00,22-03-2026 10:28:03,10000.00,22-03-2026 10:35:22,11740.00,Legacy/MSW,Kurnool_AP26TF2425_20260322_102833_1st_front.jpg,Kurnool_AP26TF2425_20260322_102836_1st_back.jpg,Kurnool_AP26TF2425_20260322_103545_2nd_front.jpg,Kurnool_AP26TF2425_20260322_103550_2nd_back.jpg,Mahesh,admin
22-03-2026,10:41:38,Kurnool,Saurashtra Enviro Projects Pvt. Ltd.,Legacy/MSW,T0435,AP21TE4795,Phase3,23560.00,22-03-2026 10:33:27,10470.00,22-03-2026 10:40:41,13090.00,Legacy/MSW,Kurnool_AP21TE4795_20260322_103351_1st_front.jpg,Kurnool_AP21TE4795_20260322_103352_1st_back.jpg,Kurnool_AP21TE4795_20260322_104135_2nd_front.jpg,Kurnool_AP21TE4795_20260322_104137_2nd_back.jpg,Mahesh,admin
22-03-2026,10:46:23,Kurnool,Saurashtra Enviro Projects Pvt. Ltd.,Legacy/MSW,T0436,AP39UX6276,Phase3,22070.00,22-03-2026 10:39:00,10710.00,22-03-2026 10:45:59,11360.00,Legacy/MSW,Kurnool_AP39UX6276_20260322_103929_1st_front.jpg,Kurnool_AP39UX6276_20260322_103931_1st_back.jpg,Kurnool_AP39UX6276_20260322_104601_2nd_front.jpg,Kurnool_AP39UX6276_20260322_104603_2nd_back.jpg,Mahesh,admin
22-03-2026,10:55:02,Kurnool,Saurashtra Enviro Projects Pvt. Ltd.,Legacy/MSW,T0437,AP39VA7251,Phase3,24800.00,22-03-2026 10:47:30,10070.00,22-03-2026 10:54:35,14730.00,Legacy/MSW,Kurnool_AP39VA7251_20260322_104751_1st_front.jpg,Kurnool_AP39VA7251_20260322_104753_1st_back.jpg,Kurnool_AP39VA7251_20260322_105459_2nd_front.jpg,Kurnool_AP39VA7251_20260322_105500_2nd_back.jpg,Mahesh,admin
22-03-2026,10:59:21,Kurnool,Saurashtra Enviro Projects Pvt. Ltd.,Legacy/MSW,T0438,AP26TF2425,Phase3,23960.00,22-03-2026 10:51:27,9960.00,22-03-2026 10:58:59,14000.00,Legacy/MSW,Kurnool_AP26TF2425_20260322_105152_1st_front.jpg,Kurnool_AP26TF2425_20260322_105155_1st_back.jpg,Kurnool_AP26TF2425_20260322_105918_2nd_front.jpg,Kurnool_AP26TF2425_20260322_105919_2nd_back.jpg,Mahesh,admin
22-03-2026,11:06:06,Kurnool,Saurashtra Enviro Projects Pvt. Ltd.,Legacy/MSW,T0439,AP21TE4795,Phase3,20720.00,22-03-2026 10:57:33,10450.00,22-03-2026 11:05:38,10270.00,Legacy/MSW,Kurnool_AP21TE4795_20260322_105810_1st_front.jpg,Kurnool_AP21TE4795_20260322_105811_1st_back.jpg,Kurnool_AP21TE4795_20260322_110600_2nd_front.jpg,Kurnool_AP21TE4795_20260322_110601_2nd_back.jpg,Mahesh,admin
22-03-2026,11:14:47,Kurnool,Saurashtra Enviro Projects Pvt. Ltd.,Legacy/MSW,T0440,AP39UX6276,Phase3,22980.00,22-03-2026 11:07:06,10590.00,22-03-2026 11:14:20,12390.00,Legacy/MSW,Kurnool_AP39UX6276_20260322_110725_1st_front.jpg,Kurnool_AP39UX6276_20260322_110727_1st_back.jpg,Kurnool_AP39UX6276_20260322_111441_2nd_front.jpg,Kurnool_AP39UX6276_20260322_111444_2nd_back.jpg,Mahesh,admin
22-03-2026,11:34:35,Kurnool,Saurashtra Enviro Projects Pvt. Ltd.,Legacy/MSW,T0441,AP27TZ1494,Phase3,25370.00,22-03-2026 11:16:03,10450.00,22-03-2026 11:22:52,14920.00,Legacy/MSW,Kurnool_AP27TZ1494_20260322_111620_1st_front.jpg,Kurnool_AP27TZ1494_20260322_111621_1st_back.jpg,,,Mahesh,admin
22-03-2026,11:46:28,Kurnool,Saurashtra Enviro Projects Pvt. Ltd.,Legacy/MSW,T0442,AP39VA7251,Phase3,23880.00,22-03-2026 11:34:59,10230.00,22-03-2026 11:45:50,13650.00,Legacy/MSW,Kurnool_AP39VA7251_20260322_113523_1st_front.jpg,Kurnool_AP39VA7251_20260322_113526_1st_back.jpg,Kurnool_AP39VA7251_20260322_114623_2nd_front.jpg,Kurnool_AP39VA7251_20260322_114625_2nd_back.jpg,Mahesh,admin
22-03-2026,11:50:12,Kurnool,Saurashtra Enviro Projects Pvt. Ltd.,Legacy/MSW,T0443,AP26TF2425,Phase3,26660.00,22-03-2026 11:38:21,9970.00,22-03-2026 11:49:50,16690.00,Legacy/MSW,Kurnool_AP26TF2425_20260322_113840_1st_front.jpg,Kurnool_AP26TF2425_20260322_113842_1st_back.jpg,Kurnool_AP26TF2425_20260322_115009_2nd_front.jpg,Kurnool_AP26TF2425_20260322_115010_2nd_back.jpg,Mahesh,admin
22-03-2026,12:05:30,Kurnool,Saurashtra Enviro Projects Pvt. Ltd.,Legacy/MSW,T0444,AP21TE4795,Phase3,25600.00,22-03-2026 11:44:11,10640.00,22-03-2026 12:04:47,14960.00,Legacy/MSW,Kurnool_AP21TE4795_20260322_114427_1st_front.jpg,Kurnool_AP21TE4795_20260322_114428_1st_back.jpg,Kurnool_AP21TE4795_20260322_120525_2nd_front.jpg,Kurnool_AP21TE4795_20260322_120528_2nd_back.jpg,Mahesh,admin
22-03-2026,11:55:48,Kurnool,Saurashtra Enviro Projects Pvt. Ltd.,Legacy/MSW,T0445,AP27TZ1494,Phase3,27890.00,22-03-2026 11:48:23,10470.00,22-03-2026 11:55:20,17420.00,Legacy/MSW,Kurnool_AP27TZ1494_20260322_114839_1st_front.jpg,Kurnool_AP27TZ1494_20260322_114840_1st_back.jpg,Kurnool_AP27TZ1494_20260322_115546_2nd_front.jpg,Kurnool_AP27TZ1494_20260322_115547_2nd_back.jpg,Mahesh,admin
22-03-2026,12:15:14,Kurnool,Saurashtra Enviro Projects Pvt. Ltd.,Legacy/MSW,T0446,AP39VA7251,Phase3,25210.00,22-03-2026 11:57:17,10440.00,22-03-2026 12:14:45,14770.00,Legacy/MSW,Kurnool_AP39VA7251_20260322_115722_1st_front.jpg,Kurnool_AP39VA7251_20260322_115724_1st_back.jpg,Kurnool_AP39VA7251_20260322_121510_2nd_front.jpg,Kurnool_AP39VA7251_20260322_121511_2nd_back.jpg,Mahesh,admin
22-03-2026,12:10:29,Kurnool,Saurashtra Enviro Projects Pvt. Ltd.,Legacy/MSW,T0447,AP39UX6276,Phase3,27520.00,22-03-2026 12:01:11,10460.00,22-03-2026 12:09:52,17060.00,Legacy/MSW,Kurnool_AP39UX6276_20260322_120131_1st_front.jpg,Kurnool_AP39UX6276_20260322_120133_1st_back.jpg,Kurnool_AP39UX6276_20260322_121021_2nd_front.jpg,Kurnool_AP39UX6276_20260322_121022_2nd_back.jpg,Mahesh,admin
22-03-2026,12:16:45,Kurnool,Saurashtra Enviro Projects Pvt. Ltd.,Legacy/MSW,T0448,AP26TF2425,Phase3,30020.00,22-03-2026 12:07:09,10160.00,22-03-2026 12:16:21,19860.00,Legacy/MSW,Kurnool_AP26TF2425_20260322_120727_1st_front.jpg,Kurnool_AP26TF2425_20260322_120729_1st_back.jpg,Kurnool_AP26TF2425_20260322_121642_2nd_front.jpg,Kurnool_AP26TF2425_20260322_121643_2nd_back.jpg,Mahesh,admin
22-03-2026,12:20:38,Kurnool,Saurashtra Enviro Projects Pvt. Ltd.,Legacy/MSW,T0449,AP27TZ1494,Phase3,29000.00,22-03-2026 12:13:04,10510.00,22-03-2026 12:20:04,18490.00,Legacy/MSW,Kurnool_AP27TZ1494_20260322_121318_1st_front.jpg,Kurnool_AP27TZ1494_20260322_121322_1st_back.jpg,Kurnool_AP27TZ1494_20260322_122035_2nd_front.jpg,Kurnool_AP27TZ1494_20260322_122036_2nd_back.jpg,Mahesh,admin
22-03-2026,12:30:09,Kurnool,Saurashtra Enviro Projects Pvt. Ltd.,Legacy/MSW,T0450,AP21TE4795,Phase3,27980.00,22-03-2026 12:22:56,10460.00,22-03-2026 12:29:27,17520.00,Legacy/MSW,Kurnool_AP21TE4795_20260322_122316_1st_front.jpg,Kurnool_AP21TE4795_20260322_122318_1st_back.jpg,Kurnool_AP21TE4795_20260322_123003_2nd_front.jpg,Kurnool_AP21TE4795_20260322_123007_2nd_back.jpg,Mahesh,admin
22-03-2026,12:35:08,Kurnool,Saurashtra Enviro Projects Pvt. Ltd.,Legacy/MSW,T0451,AP39UX6276,Phase3,28650.00,22-03-2026 12:27:59,10050.00,22-03-2026 12:34:43,18600.00,Legacy/MSW,Kurnool_AP39UX6276_20260322_122825_1st_front.jpg,Kurnool_AP39UX6276_20260322_122827_1st_back.jpg,Kurnool_AP39UX6276_20260322_123502_2nd_front.jpg,Kurnool_AP39UX6276_20260322_123504_2nd_back.jpg,Mahesh,admin
22-03-2026,12:40:58,Kurnool,Saurashtra Enviro Projects Pvt. Ltd.,Legacy/MSW,T0452,AP39VA7251,Phase3,26330.00,22-03-2026 12:33:21,10440.00,22-03-2026 12:40:35,15890.00,Legacy/MSW,Kurnool_AP39VA7251_20260322_123338_1st_front.jpg,Kurnool_AP39VA7251_20260322_123340_1st_back.jpg,Kurnool_AP39VA7251_20260322_124055_2nd_front.jpg,Kurnool_AP39VA7251_20260322_124057_2nd_back.jpg,Mahesh,admin
22-03-2026,12:46:35,Kurnool,Saurashtra Enviro Projects Pvt. Ltd.,Legacy/MSW,T0453,AP27TZ1494,Phase3,26160.00,22-03-2026 12:38:11,10330.00,22-03-2026 12:46:09,15830.00,Legacy/MSW,Kurnool_AP27TZ1494_20260322_123831_1st_front.jpg,Kurnool_AP27TZ1494_20260322_123832_1st_back.jpg,Kurnool_AP27TZ1494_20260322_124631_2nd_front.jpg,Kurnool_AP27TZ1494_20260322_124633_2nd_back.jpg,Mahesh,admin
22-03-2026,12:50:20,Kurnool,Saurashtra Enviro Projects Pvt. Ltd.,Legacy/MSW,T0454,AP21TE4795,Phase3,28420.00,22-03-2026 12:42:38,10510.00,22-03-2026 12:49:56,17910.00,Legacy/MSW,Kurnool_AP21TE4795_20260322_124254_1st_front.jpg,Kurnool_AP21TE4795_20260322_124255_1st_back.jpg,Kurnool_AP21TE4795_20260322_125016_2nd_front.jpg,Kurnool_AP21TE4795_20260322_125018_2nd_back.jpg,Mahesh,admin
22-03-2026,12:56:56,Kurnool,Saurashtra Enviro Projects Pvt. Ltd.,Legacy/MSW,T0455,AP26TF2425,Phase3,26580.00,22-03-2026 12:47:11,10120.00,22-03-2026 12:56:22,16460.00,Legacy/MSW,Kurnool_AP26TF2425_20260322_124731_1st_front.jpg,Kurnool_AP26TF2425_20260322_124733_1st_back.jpg,Kurnool_AP26TF2425_20260322_125652_2nd_front.jpg,Kurnool_AP26TF2425_20260322_125654_2nd_back.jpg,Mahesh,admin
22-03-2026,12:59:22,Kurnool,Saurashtra Enviro Projects Pvt. Ltd.,Legacy/MSW,T0456,AP39UX6276,Phase3,26630.00,22-03-2026 12:52:21,10340.00,22-03-2026 12:58:52,16290.00,Legacy/MSW,Kurnool_AP39UX6276_20260322_125243_1st_front.jpg,Kurnool_AP39UX6276_20260322_125248_1st_back.jpg,Kurnool_AP39UX6276_20260322_125918_2nd_front.jpg,Kurnool_AP39UX6276_20260322_125920_2nd_back.jpg,Mahesh,admin
22-03-2026,13:04:53,Kurnool,Saurashtra Enviro Projects Pvt. Ltd.,Legacy/MSW,T0457,AP39VA7251,Phase3,22730.00,22-03-2026 12:58:09,9970.00,22-03-2026 13:04:42,12760.00,Legacy/MSW,Kurnool_AP39VA7251_20260322_125830_1st_front.jpg,Kurnool_AP39VA7251_20260322_125832_1st_back.jpg,Kurnool_AP39VA7251_20260322_130450_2nd_front.jpg,Kurnool_AP39VA7251_20260322_130451_2nd_back.jpg,Mahesh,admin
22-03-2026,13:08:44,Kurnool,Saurashtra Enviro Projects Pvt. Ltd.,Legacy/MSW,T0458,AP27TZ1494,Phase3,28340.00,22-03-2026 13:02:30,10320.00,22-03-2026 13:08:02,18020.00,Legacy/MSW,Kurnool_AP27TZ1494_20260322_130311_1st_front.jpg,Kurnool_AP27TZ1494_20260322_130313_1st_back.jpg,Kurnool_AP27TZ1494_20260322_130841_2nd_front.jpg,Kurnool_AP27TZ1494_20260322_130842_2nd_back.jpg,Mahesh,admin
22-03-2026,14:33:32,Kurnool,Saurashtra Enviro Projects Pvt. Ltd.,Legacy/MSW,T0459,AP21TE4795,Phase3,24770.00,22-03-2026 14:24:41,10030.00,22-03-2026 14:33:16,14740.00,Legacy/MSW,Kurnool_AP21TE4795_20260322_142526_1st_front.jpg,Kurnool_AP21TE4795_20260322_142528_1st_back.jpg,Kurnool_AP21TE4795_20260322_143329_2nd_front.jpg,Kurnool_AP21TE4795_20260322_143330_2nd_back.jpg,Mahesh,admin
22-03-2026,15:03:05,Kurnool,Saurashtra Enviro Projects Pvt. Ltd.,Legacy/MSW,T0460,AP39UX6276,Phase3,26640.00,22-03-2026 14:55:09,10360.00,22-03-2026 15:02:28,16280.00,Legacy/MSW,Kurnool_AP39UX6276_20260322_145544_1st_front.jpg,Kurnool_AP39UX6276_20260322_145546_1st_back.jpg,Kurnool_AP39UX6276_20260322_150302_2nd_front.jpg,Kurnool_AP39UX6276_20260322_150303_2nd_back.jpg,Mahesh,admin
22-03-2026,15:09:52,Kurnool,Saurashtra Enviro Projects Pvt. Ltd.,Legacy/MSW,T0461,AP26TF2425,Phase3,26660.00,22-03-2026 15:00:42,10190.00,22-03-2026 15:09:24,16470.00,Legacy/MSW,Kurnool_AP26TF2425_20260322_150138_1st_front.jpg,Kurnool_AP26TF2425_20260322_150139_1st_back.jpg,Kurnool_AP26TF2425_20260322_150949_2nd_front.jpg,Kurnool_AP26TF2425_20260322_150951_2nd_back.jpg,Mahesh,admin
22-03-2026,15:13:17,Kurnool,Saurashtra Enviro Projects Pvt. Ltd.,Legacy/MSW,T0462,AP27TZ1494,Phase3,25620.00,22-03-2026 15:05:13,10350.00,22-03-2026 15:12:56,15270.00,Legacy/MSW,Kurnool_AP27TZ1494_20260322_150610_1st_front.jpg,Kurnool_AP27TZ1494_20260322_150611_1st_back.jpg,Kurnool_AP27TZ1494_20260322_151313_2nd_front.jpg,Kurnool_AP27TZ1494_20260322_151314_2nd_back.jpg,Mahesh,admin
22-03-2026,15:19:13,Kurnool,Saurashtra Enviro Projects Pvt. Ltd.,Legacy/MSW,T0463,AP39VA7251,Phase3,24480.00,22-03-2026 15:11:25,10110.00,22-03-2026 15:18:46,14370.00,Legacy/MSW,Kurnool_AP39VA7251_20260322_151152_1st_front.jpg,Kurnool_AP39VA7251_20260322_151153_1st_back.jpg,Kurnool_AP39VA7251_20260322_151908_2nd_front.jpg,Kurnool_AP39VA7251_20260322_151911_2nd_back.jpg,Mahesh,admin
22-03-2026,15:24:22,Kurnool,Saurashtra Enviro Projects Pvt. Ltd.,Legacy/MSW,T0464,AP21TE4795,Phase3,23390.00,22-03-2026 15:14:10,10490.00,22-03-2026 15:24:06,12900.00,Legacy/MSW,Kurnool_AP21TE4795_20260322_151440_1st_front.jpg,Kurnool_AP21TE4795_20260322_151442_1st_back.jpg,Kurnool_AP21TE4795_20260322_152419_2nd_front.jpg,Kurnool_AP21TE4795_20260322_152420_2nd_back.jpg,Mahesh,admin
22-03-2026,15:27:18,Kurnool,Saurashtra Enviro Projects Pvt. Ltd.,Legacy/MSW,T0465,AP39UX6276,Phase3,30050.00,22-03-2026 15:19:57,10610.00,22-03-2026 15:26:47,19440.00,Legacy/MSW,Kurnool_AP39UX6276_20260322_152016_1st_front.jpg,Kurnool_AP39UX6276_20260322_152019_1st_back.jpg,Kurnool_AP39UX6276_20260322_152715_2nd_front.jpg,Kurnool_AP39UX6276_20260322_152717_2nd_back.jpg,Mahesh,admin
22-03-2026,15:30:11,Kurnool,Saurashtra Enviro Projects Pvt. Ltd.,Legacy/MSW,T0466,AP26TF2425,Phase3,26550.00,22-03-2026 15:22:42,10230.00,22-03-2026 15:29:34,16320.00,Legacy/MSW,Kurnool_AP26TF2425_20260322_152301_1st_front.jpg,Kurnool_AP26TF2425_20260322_152305_1st_back.jpg,Kurnool_AP26TF2425_20260322_153006_2nd_front.jpg,Kurnool_AP26TF2425_20260322_153007_2nd_back.jpg,Mahesh,admin
22-03-2026,15:40:15,Kurnool,Saurashtra Enviro Projects Pvt. Ltd.,Legacy/MSW,T0467,AP39VA7251,Phase3,26930.00,22-03-2026 15:31:42,10040.00,22-03-2026 15:39:52,16890.00,Legacy/MSW,Kurnool_AP39VA7251_20260322_153209_1st_front.jpg,Kurnool_AP39VA7251_20260322_153218_1st_back.jpg,Kurnool_AP39VA7251_20260322_154011_2nd_front.jpg,Kurnool_AP39VA7251_20260322_154014_2nd_back.jpg,Mahesh,admin
22-03-2026,15:43:14,Kurnool,Saurashtra Enviro Projects Pvt. Ltd.,Legacy/MSW,T0468,AP27TZ1494,Phase3,26520.00,22-03-2026 15:35:59,10380.00,22-03-2026 15:42:29,16140.00,Legacy/MSW,Kurnool_AP27TZ1494_20260322_153605_1st_front.jpg,Kurnool_AP27TZ1494_20260322_153606_1st_back.jpg,Kurnool_AP27TZ1494_20260322_154235_2nd_front.jpg,Kurnool_AP27TZ1494_20260322_154236_2nd_back.jpg,Mahesh,admin
22-03-2026,15:50:19,Kurnool,Saurashtra Enviro Projects Pvt. Ltd.,Legacy/MSW,T0469,AP21TE4795,Phase3,26750.00,22-03-2026 15:41:12,10440.00,22-03-2026 15:49:55,16310.00,Legacy/MSW,Kurnool_AP21TE4795_20260322_154119_1st_front.jpg,Kurnool_AP21TE4795_20260322_154121_1st_back.jpg,Kurnool_AP21TE4795_20260322_155015_2nd_front.jpg,Kurnool_AP21TE4795_20260322_155018_2nd_back.jpg,Mahesh,admin
22-03-2026,15:53:13,Kurnool,Saurashtra Enviro Projects Pvt. Ltd.,Legacy/MSW,T0470,AP39UX6276,Phase3,25160.00,22-03-2026 15:45:04,10330.00,22-03-2026 15:52:49,14830.00,Legacy/MSW,Kurnool_AP39UX6276_20260322_154520_1st_front.jpg,Kurnool_AP39UX6276_20260322_154522_1st_back.jpg,Kurnool_AP39UX6276_20260322_155310_2nd_front.jpg,Kurnool_AP39UX6276_20260322_155312_2nd_back.jpg,Mahesh,admin
22-03-2026,15:58:31,Kurnool,Saurashtra Enviro Projects Pvt. Ltd.,Legacy/MSW,T0471,AP26TF2425,Phase3,26220.00,22-03-2026 15:51:30,10060.00,22-03-2026 15:57:55,16160.00,Legacy/MSW,Kurnool_AP26TF2425_20260322_155148_1st_front.jpg,Kurnool_AP26TF2425_20260322_155150_1st_back.jpg,Kurnool_AP26TF2425_20260322_155827_2nd_front.jpg,Kurnool_AP26TF2425_20260322_155829_2nd_back.jpg,Mahesh,admin
22-03-2026,16:04:16,Kurnool,Saurashtra Enviro Projects Pvt. Ltd.,Legacy/MSW,T0472,AP39VA7251,Phase3,22190.00,22-03-2026 15:56:32,10100.00,22-03-2026 16:03:52,12090.00,Legacy/MSW,Kurnool_AP39VA7251_20260322_155658_1st_front.jpg,Kurnool_AP39VA7251_20260322_155700_1st_back.jpg,Kurnool_AP39VA7251_20260322_160414_2nd_front.jpg,Kurnool_AP39VA7251_20260322_160415_2nd_back.jpg,Mahesh,admin
22-03-2026,16:08:21,Kurnool,Saurashtra Enviro Projects Pvt. Ltd.,Legacy/MSW,T0473,AP27TZ1494,Phase3,25550.00,22-03-2026 16:01:04,10270.00,22-03-2026 16:08:01,15280.00,Legacy/MSW,Kurnool_AP27TZ1494_20260322_160136_1st_front.jpg,Kurnool_AP27TZ1494_20260322_160137_1st_back.jpg,Kurnool_AP27TZ1494_20260322_160818_2nd_front.jpg,Kurnool_AP27TZ1494_20260322_160820_2nd_back.jpg,Mahesh,admin
22-03-2026,16:13:43,Kurnool,Saurashtra Enviro Projects Pvt. Ltd.,Legacy/MSW,T0474,AP21TE4795,Phase3,24510.00,22-03-2026 16:06:32,10060.00,22-03-2026 16:13:20,14450.00,Legacy/MSW,Kurnool_AP21TE4795_20260322_160707_1st_front.jpg,Kurnool_AP21TE4795_20260322_160708_1st_back.jpg,Kurnool_AP21TE4795_20260322_161341_2nd_front.jpg,Kurnool_AP21TE4795_20260322_161342_2nd_back.jpg,Mahesh,admin
22-03-2026,16:18:34,Kurnool,Saurashtra Enviro Projects Pvt. Ltd.,Legacy/MSW,T0475,AP39UX6276,Phase3,27310.00,22-03-2026 16:12:03,10300.00,22-03-2026 16:18:14,17010.00,Legacy/MSW,Kurnool_AP39UX6276_20260322_161208_1st_front.jpg,Kurnool_AP39UX6276_20260322_161210_1st_back.jpg,Kurnool_AP39UX6276_20260322_161830_2nd_front.jpg,Kurnool_AP39UX6276_20260322_161833_2nd_back.jpg,Mahesh,admin
22-03-2026,16:24:14,Kurnool,Saurashtra Enviro Projects Pvt. Ltd.,Legacy/MSW,T0476,AP26TF2425,Phase3,29710.00,22-03-2026 16:16:39,10040.00,22-03-2026 16:23:35,19670.00,Legacy/MSW,Kurnool_AP26TF2425_20260322_161647_1st_front.jpg,Kurnool_AP26TF2425_20260322_161648_1st_back.jpg,Kurnool_AP26TF2425_20260322_162339_2nd_front.jpg,Kurnool_AP26TF2425_20260322_162340_2nd_back.jpg,Mahesh,admin
22-03-2026,18:25:14,Kurnool,Saurashtra Enviro Projects Pvt. Ltd.,Legacy/MSW,T0477,AP39VA7251,Phase3,26470.00,22-03-2026 16:22:14,10190.00,22-03-2026 18:24:17,16280.00,Legacy/MSW,Kurnool_AP39VA7251_20260322_162218_1st_front.jpg,Kurnool_AP39VA7251_20260322_162220_1st_back.jpg,Kurnool_AP39VA7251_20260322_182511_2nd_front.jpg,Kurnool_AP39VA7251_20260322_182513_2nd_back.jpg,Mahesh,admin
22-03-2026,16:34:23,Kurnool,Saurashtra Enviro Projects Pvt. Ltd.,Legacy/MSW,T0478,AP27TZ1494,Phase3,26990.00,22-03-2026 16:27:15,10270.00,22-03-2026 16:33:57,16720.00,Legacy/MSW,Kurnool_AP27TZ1494_20260322_162718_1st_front.jpg,Kurnool_AP27TZ1494_20260322_162720_1st_back.jpg,Kurnool_AP27TZ1494_20260322_163419_2nd_front.jpg,Kurnool_AP27TZ1494_20260322_163420_2nd_back.jpg,Mahesh,admin
22-03-2026,16:40:05,Kurnool,Saurashtra Enviro Projects Pvt. Ltd.,Legacy/MSW,T0479,AP21TE4795,Phase3,23720.00,22-03-2026 16:33:02,10140.00,22-03-2026 16:39:37,13580.00,Legacy/MSW,Kurnool_AP21TE4795_20260322_163317_1st_front.jpg,Kurnool_AP21TE4795_20260322_163318_1st_back.jpg,Kurnool_AP21TE4795_20260322_164000_2nd_front.jpg,Kurnool_AP21TE4795_20260322_164001_2nd_back.jpg,Mahesh,admin
22-03-2026,16:48:17,Kurnool,Saurashtra Enviro Projects Pvt. Ltd.,Legacy/MSW,T0480,AP39UX6276,Phase3,28840.00,22-03-2026 16:38:02,10510.00,22-03-2026 16:47:53,18330.00,Legacy/MSW,Kurnool_AP39UX6276_20260322_163809_1st_front.jpg,Kurnool_AP39UX6276_20260322_163810_1st_back.jpg,Kurnool_AP39UX6276_20260322_164814_2nd_front.jpg,Kurnool_AP39UX6276_20260322_164816_2nd_back.jpg,Mahesh,admin
22-03-2026,16:57:00,Kurnool,Saurashtra Enviro Projects Pvt. Ltd.,Legacy/MSW,T0481,AP26TF2425,Phase3,27060.00,22-03-2026 16:43:45,10040.00,22-03-2026 16:54:04,17020.00,Legacy/MSW,Kurnool_AP26TF2425_20260322_164357_1st_front.jpg,Kurnool_AP26TF2425_20260322_164359_1st_back.jpg,Kurnool_AP26TF2425_20260322_165408_2nd_front.jpg,Kurnool_AP26TF2425_20260322_165410_2nd_back.jpg,Mahesh,admin
22-03-2026,16:57:33,Kurnool,Saurashtra Enviro Projects Pvt. Ltd.,Legacy/MSW,T0482,AP27TZ1494,Phase3,28670.00,22-03-2026 16:50:48,10330.00,22-03-2026 16:57:11,18340.00,Legacy/MSW,Kurnool_AP27TZ1494_20260322_165051_1st_front.jpg,Kurnool_AP27TZ1494_20260322_165053_1st_back.jpg,Kurnool_AP27TZ1494_20260322_165730_2nd_front.jpg,Kurnool_AP27TZ1494_20260322_165731_2nd_back.jpg,Mahesh,admin
22-03-2026,17:08:03,Kurnool,Saurashtra Enviro Projects Pvt. Ltd.,Legacy/MSW,T0483,AP21TE4795,Phase3,23200.00,22-03-2026 16:58:30,10150.00,22-03-2026 17:07:36,13050.00,Legacy/MSW,Kurnool_AP21TE4795_20260322_165856_1st_front.jpg,Kurnool_AP21TE4795_20260322_165858_1st_back.jpg,Kurnool_AP21TE4795_20260322_170754_2nd_front.jpg,Kurnool_AP21TE4795_20260322_170756_2nd_back.jpg,Mahesh,admin
22-03-2026,17:11:46,Kurnool,Saurashtra Enviro Projects Pvt. Ltd.,Legacy/MSW,T0484,AP39UX6276,Phase3,23800.00,22-03-2026 17:04:07,10490.00,22-03-2026 17:11:18,13310.00,Legacy/MSW,Kurnool_AP39UX6276_20260322_170411_1st_front.jpg,Kurnool_AP39UX6276_20260322_170413_1st_back.jpg,Kurnool_AP39UX6276_20260322_171142_2nd_front.jpg,Kurnool_AP39UX6276_20260322_171143_2nd_back.jpg,Mahesh,admin
22-03-2026,17:17:04,Kurnool,Saurashtra Enviro Projects Pvt. Ltd.,Legacy/MSW,T0485,AP26TF2425,Phase3,26410.00,22-03-2026 17:10:05,10100.00,22-03-2026 17:16:36,16310.00,Legacy/MSW,Kurnool_AP26TF2425_20260322_171021_1st_front.jpg,Kurnool_AP26TF2425_20260322_171025_1st_back.jpg,Kurnool_AP26TF2425_20260322_171658_2nd_front.jpg,Kurnool_AP26TF2425_20260322_171702_2nd_back.jpg,Mahesh,admin
22-03-2026,17:22:09,Kurnool,Saurashtra Enviro Projects Pvt. Ltd.,Legacy/MSW,T0486,AP27TZ1494,Phase3,24980.00,22-03-2026 17:15:32,10310.00,22-03-2026 17:21:32,14670.00,Legacy/MSW,Kurnool_AP27TZ1494_20260322_171557_1st_front.jpg,Kurnool_AP27TZ1494_20260322_171559_1st_back.jpg,Kurnool_AP27TZ1494_20260322_172203_2nd_front.jpg,Kurnool_AP27TZ1494_20260322_172207_2nd_back.jpg,Mahesh,admin
22-03-2026,17:32:12,Kurnool,Saurashtra Enviro Projects Pvt. Ltd.,Legacy/MSW,T0487,AP21TE4795,Phase3,22910.00,22-03-2026 17:22:36,10010.00,22-03-2026 17:31:45,12900.00,Legacy/MSW,Kurnool_AP21TE4795_20260322_172250_1st_front.jpg,Kurnool_AP21TE4795_20260322_172254_1st_back.jpg,Kurnool_AP21TE4795_20260322_173206_2nd_front.jpg,Kurnool_AP21TE4795_20260322_173208_2nd_back.jpg,Mahesh,admin
22-03-2026,17:35:27,Kurnool,Saurashtra Enviro Projects Pvt. Ltd.,Legacy/MSW,T0488,AP39UX6276,Phase3,23700.00,22-03-2026 17:27:39,10480.00,22-03-2026 17:34:57,13220.00,Legacy/MSW,Kurnool_AP39UX6276_20260322_172756_1st_front.jpg,Kurnool_AP39UX6276_20260322_172800_1st_back.jpg,Kurnool_AP39UX6276_20260322_173520_2nd_front.jpg,Kurnool_AP39UX6276_20260322_173525_2nd_back.jpg,Mahesh,admin
22-03-2026,17:40:16,Kurnool,Saurashtra Enviro Projects Pvt. Ltd.,Legacy/MSW,T0489,AP26TF2425,Phase3,27340.00,22-03-2026 17:33:37,10230.00,22-03-2026 17:39:48,17110.00,Legacy/MSW,Kurnool_AP26TF2425_20260322_173352_1st_front.jpg,Kurnool_AP26TF2425_20260322_173354_1st_back.jpg,Kurnool_AP26TF2425_20260322_174010_2nd_front.jpg,Kurnool_AP26TF2425_20260322_174014_2nd_back.jpg,Mahesh,admin
22-03-2026,17:49:54,Kurnool,Saurashtra Enviro Projects Pvt. Ltd.,Legacy/MSW,T0490,AP27TZ1494,Phase3,22230.00,22-03-2026 17:40:59,10340.00,22-03-2026 17:49:24,11890.00,Legacy/MSW,Kurnool_AP27TZ1494_20260322_174114_1st_front.jpg,Kurnool_AP27TZ1494_20260322_174115_1st_back.jpg,Kurnool_AP27TZ1494_20260322_174948_2nd_front.jpg,Kurnool_AP27TZ1494_20260322_174952_2nd_back.jpg,Mahesh,admin
22-03-2026,17:53:40,Kurnool,Saurashtra Enviro Projects Pvt. Ltd.,Legacy/MSW,T0491,AP21TE4795,Phase3,23160.00,22-03-2026 17:45:54,10110.00,22-03-2026 17:53:12,13050.00,Legacy/MSW,Kurnool_AP21TE4795_20260322_174611_1st_front.jpg,Kurnool_AP21TE4795_20260322_174615_1st_back.jpg,Kurnool_AP21TE4795_20260322_175337_2nd_front.jpg,Kurnool_AP21TE4795_20260322_175338_2nd_back.jpg,Mahesh,admin
22-03-2026,18:00:24,Kurnool,Saurashtra Enviro Projects Pvt. Ltd.,Legacy/MSW,T0492,AP39UX6276,Phase3,24560.00,22-03-2026 17:52:16,10490.00,22-03-2026 17:59:51,14070.00,Legacy/MSW,Kurnool_AP39UX6276_20260322_175232_1st_front.jpg,Kurnool_AP39UX6276_20260322_175233_1st_back.jpg,Kurnool_AP39UX6276_20260322_180018_2nd_front.jpg,Kurnool_AP39UX6276_20260322_180020_2nd_back.jpg,Mahesh,admin
22-03-2026,18:04:34,Kurnool,Saurashtra Enviro Projects Pvt. Ltd.,Legacy/MSW,T0493,AP26TF2425,Phase3,25020.00,22-03-2026 17:58:25,10220.00,22-03-2026 18:04:04,14800.00,Legacy/MSW,Kurnool_AP26TF2425_20260322_175853_1st_front.jpg,Kurnool_AP26TF2425_20260322_175855_1st_back.jpg,Kurnool_AP26TF2425_20260322_180431_2nd_front.jpg,Kurnool_AP26TF2425_20260322_180432_2nd_back.jpg,Mahesh,admin
22-03-2026,18:13:46,Kurnool,Saurashtra Enviro Projects Pvt. Ltd.,Legacy/MSW,T0494,AP27TZ1494,Phase3,24230.00,22-03-2026 18:08:17,10340.00,22-03-2026 18:13:19,13890.00,Legacy/MSW,Kurnool_AP27TZ1494_20260322_180850_1st_front.jpg,Kurnool_AP27TZ1494_20260322_180852_1st_back.jpg,Kurnool_AP27TZ1494_20260322_181343_2nd_front.jpg,Kurnool_AP27TZ1494_20260322_181344_2nd_back.jpg,Mahesh,admin
22-03-2026,21:00:11,Kurnool,Saurashtra Enviro Projects Pvt. Ltd.,Legacy/MSW,T0495,AP39UX6276,Phase3,18660.00,22-03-2026 20:48:50,10430.00,22-03-2026 21:00:01,8230.00,Legacy/MSW,Kurnool_AP39UX6276_20260322_204854_1st_front.jpg,Kurnool_AP39UX6276_20260322_204856_1st_back.jpg,Kurnool_AP39UX6276_20260322_210007_2nd_front.jpg,Kurnool_AP39UX6276_20260322_210009_2nd_back.jpg,Mahesh,admin
22-03-2026,21:27:46,Kurnool,Saurashtra Enviro Projects Pvt. Ltd.,Legacy/MSW,T0496,AP27TZ1494,Phase3,25370.00,22-03-2026 21:15:56,10360.00,22-03-2026 21:27:36,15010.00,Legacy/MSW,Kurnool_AP27TZ1494_20260322_211600_1st_front.jpg,Kurnool_AP27TZ1494_20260322_211601_1st_back.jpg,Kurnool_AP27TZ1494_20260322_212741_2nd_front.jpg,Kurnool_AP27TZ1494_20260322_212743_2nd_back.jpg,Mahesh,admin
22-03-2026,22:14:02,Kurnool,Saurashtra Enviro Projects Pvt. Ltd.,Legacy/MSW,T0497,AP21TE4795,Phase3,24960.00,22-03-2026 21:24:04,10140.00,22-03-2026 22:13:24,14820.00,Legacy/MSW,Kurnool_AP21TE4795_20260322_212411_1st_front.jpg,Kurnool_AP21TE4795_20260322_212413_1st_back.jpg,Kurnool_AP21TE4795_20260322_221359_2nd_front.jpg,Kurnool_AP21TE4795_20260322_221400_2nd_back.jpg,Mahesh,admin
22-03-2026,22:15:30,Kurnool,Saurashtra Enviro Projects Pvt. Ltd.,Legacy/MSW,T0498,AP26TF2425,Phase3,30830.00,22-03-2026 21:30:14,10080.00,22-03-2026 22:14:59,20750.00,Legacy/MSW,Kurnool_AP26TF2425_20260322_213018_1st_front.jpg,Kurnool_AP26TF2425_20260322_213021_1st_back.jpg,Kurnool_AP26TF2425_20260322_221527_2nd_front.jpg,Kurnool_AP26TF2425_20260322_221528_2nd_back.jpg,Mahesh,admin
22-03-2026,22:19:25,Kurnool,Saurashtra Enviro Projects Pvt. Ltd.,Legacy/MSW,T0499,AP39VA7251,Phase3,25280.00,22-03-2026 21:36:17,10080.00,22-03-2026 22:19:00,15200.00,Legacy/MSW,Kurnool_AP39VA7251_20260322_213622_1st_front.jpg,Kurnool_AP39VA7251_20260322_213624_1st_back.jpg,Kurnool_AP39VA7251_20260322_221921_2nd_front.jpg,Kurnool_AP39VA7251_20260322_221923_2nd_back.jpg,Mahesh,admin
22-03-2026,21:59:38,Kurnool,Saurashtra Enviro Projects Pvt. Ltd.,Legacy/MSW,T0500,AP39UX6276,Phase3,28850.00,22-03-2026 21:40:48,10450.00,22-03-2026 21:59:09,18400.00,Legacy/MSW,Kurnool_AP39UX6276_20260322_214052_1st_front.jpg,Kurnool_AP39UX6276_20260322_214054_1st_back.jpg,Kurnool_AP39UX6276_20260322_215934_2nd_front.jpg,Kurnool_AP39UX6276_20260322_215936_2nd_back.jpg,Mahesh,admin
22-03-2026,22:02:11,Kurnool,Saurashtra Enviro Projects Pvt. Ltd.,Legacy/MSW,T0501,AP27TZ1494,Phase3,26810.00,22-03-2026 21:46:28,10340.00,22-03-2026 22:01:45,16470.00,Legacy/MSW,Kurnool_AP27TZ1494_20260322_214633_1st_front.jpg,Kurnool_AP27TZ1494_20260322_214635_1st_back.jpg,Kurnool_AP27TZ1494_20260322_220207_2nd_front.jpg,Kurnool_AP27TZ1494_20260322_220209_2nd_back.jpg,Mahesh,admin
22-03-2026,22:57:06,Kurnool,Saurashtra Enviro Projects Pvt. Ltd.,Legacy/MSW,T0502,AP39VA7251,Phase3,24560.00,22-03-2026 22:46:12,10250.00,22-03-2026 22:56:31,14310.00,Legacy/MSW,Kurnool_AP39VA7251_20260322_224617_1st_front.jpg,Kurnool_AP39VA7251_20260322_224619_1st_back.jpg,Kurnool_AP39VA7251_20260322_225702_2nd_front.jpg,Kurnool_AP39VA7251_20260322_225704_2nd_back.jpg,Mahesh,admin
22-03-2026,23:00:27,Kurnool,Saurashtra Enviro Projects Pvt. Ltd.,Legacy/MSW,T0503,AP26TF2425,Phase3,29320.00,22-03-2026 22:50:53,10190.00,22-03-2026 22:59:55,19130.00,Legacy/MSW,Kurnool_AP26TF2425_20260322_225057_1st_front.jpg,Kurnool_AP26TF2425_20260322_225059_1st_back.jpg,Kurnool_AP26TF2425_20260322_230022_2nd_front.jpg,Kurnool_AP26TF2425_20260322_230024_2nd_back.jpg,Mahesh,admin
22-03-2026,23:09:14,Kurnool,Saurashtra Enviro Projects Pvt. Ltd.,Legacy/MSW,T0504,AP39UX6276,Phase3,28940.00,22-03-2026 22:58:44,10410.00,22-03-2026 23:08:39,18530.00,Legacy/MSW,Kurnool_AP39UX6276_20260322_225849_1st_front.jpg,Kurnool_AP39UX6276_20260322_225850_1st_back.jpg,Kurnool_AP39UX6276_20260322_230911_2nd_front.jpg,Kurnool_AP39UX6276_20260322_230912_2nd_back.jpg,Mahesh,admin
22-03-2026,23:16:24,Kurnool,Saurashtra Enviro Projects Pvt. Ltd.,Legacy/MSW,T0505,AP27TZ1494,Phase3,27190.00,22-03-2026 23:04:14,10440.00,22-03-2026 23:15:39,16750.00,Legacy/MSW,Kurnool_AP27TZ1494_20260322_230418_1st_front.jpg,Kurnool_AP27TZ1494_20260322_230420_1st_back.jpg,Kurnool_AP27TZ1494_20260322_231618_2nd_front.jpg,Kurnool_AP27TZ1494_20260322_231622_2nd_back.jpg,Mahesh,admin
22-03-2026,23:20:15,Kurnool,Saurashtra Enviro Projects Pvt. Ltd.,Legacy/MSW,T0506,AP39VA7251,Phase3,26400.00,22-03-2026 23:12:40,10260.00,22-03-2026 23:19:29,16140.00,Legacy/MSW,Kurnool_AP39VA7251_20260322_231245_1st_front.jpg,Kurnool_AP39VA7251_20260322_231247_1st_back.jpg,Kurnool_AP39VA7251_20260322_232011_2nd_front.jpg,Kurnool_AP39VA7251_20260322_232013_2nd_back.jpg,Mahesh,admin
22-03-2026,23:28:42,Kurnool,Saurashtra Enviro Projects Pvt. Ltd.,Legacy/MSW,T0507,AP26TF2425,Phase3,30400.00,22-03-2026 23:21:41,10150.00,22-03-2026 23:28:04,20250.00,Legacy/MSW,Kurnool_AP26TF2425_20260322_232145_1st_front.jpg,Kurnool_AP26TF2425_20260322_232147_1st_back.jpg,Kurnool_AP26TF2425_20260322_232838_2nd_front.jpg,Kurnool_AP26TF2425_20260322_232840_2nd_back.jpg,Mahesh,admin
22-03-2026,23:35:45,Kurnool,Saurashtra Enviro Projects Pvt. Ltd.,Legacy/MSW,T0508,AP39UX6276,Phase3,29270.00,22-03-2026 23:27:06,10430.00,22-03-2026 23:35:10,18840.00,Legacy/MSW,Kurnool_AP39UX6276_20260322_232710_1st_front.jpg,Kurnool_AP39UX6276_20260322_232711_1st_back.jpg,Kurnool_AP39UX6276_20260322_233541_2nd_front.jpg,Kurnool_AP39UX6276_20260322_233543_2nd_back.jpg,Mahesh,admin
22-03-2026,23:43:18,Kurnool,Saurashtra Enviro Projects Pvt. Ltd.,Legacy/MSW,T0509,AP27TZ1494,Phase3,29980.00,22-03-2026 23:33:45,10430.00,22-03-2026 23:42:32,19550.00,Legacy/MSW,Kurnool_AP27TZ1494_20260322_233349_1st_front.jpg,Kurnool_AP27TZ1494_20260322_233351_1st_back.jpg,Kurnool_AP27TZ1494_20260322_234315_2nd_front.jpg,Kurnool_AP27TZ1494_20260322_234317_2nd_back.jpg,Mahesh,admin
22-03-2026,23:48:59,Kurnool,Saurashtra Enviro Projects Pvt. Ltd.,Legacy/MSW,T0510,AP39VA7251,Phase3,22920.00,22-03-2026 23:39:31,10180.00,22-03-2026 23:48:02,12740.00,Legacy/MSW,Kurnool_AP39VA7251_20260322_233935_1st_front.jpg,Kurnool_AP39VA7251_20260322_233937_1st_back.jpg,Kurnool_AP39VA7251_20260322_234856_2nd_front.jpg,Kurnool_AP39VA7251_20260322_234857_2nd_back.jpg,Mahesh,admin
22-03-2026,23:52:27,Kurnool,Saurashtra Enviro Projects Pvt. Ltd.,Legacy/MSW,T0511,AP26TF2425,Phase3,26760.00,22-03-2026 23:46:17,10140.00,22-03-2026 23:51:37,16620.00,Legacy/MSW,Kurnool_AP26TF2425_20260322_234623_1st_front.jpg,Kurnool_AP26TF2425_20260322_234624_1st_back.jpg,Kurnool_AP26TF2425_20260322_235224_2nd_front.jpg,Kurnool_AP26TF2425_20260322_235225_2nd_back.jpg,Mahesh,admin
23-03-2026,00:02:30,Kurnool,Saurashtra Enviro Projects Pvt. Ltd.,Legacy/MSW,T0512,AP39UX6276,Phase3,29250.00,22-03-2026 23:53:51,10440.00,23-03-2026 00:02:09,18810.00,Legacy/MSW,Kurnool_AP39UX6276_20260322_235355_1st_front.jpg,Kurnool_AP39UX6276_20260322_235401_1st_back.jpg,Kurnool_AP39UX6276_20260323_000227_2nd_front.jpg,Kurnool_AP39UX6276_20260323_000229_2nd_back.jpg,Mahesh,admin
23-03-2026,00:11:15,Kurnool,Saurashtra Enviro Projects Pvt. Ltd.,Legacy/MSW,T0513,AP26TF2425,Phase3,30380.00,22-03-2026 23:59:19,10450.00,23-03-2026 00:10:38,19930.00,Legacy/MSW,Kurnool_AP26TF2425_20260322_235923_1st_front.jpg,Kurnool_AP26TF2425_20260322_235925_1st_back.jpg,Kurnool_AP26TF2425_20260323_001112_2nd_front.jpg,Kurnool_AP26TF2425_20260323_001113_2nd_back.jpg,Mahesh,admin
23-03-2026,00:27:35,Kurnool,Saurashtra Enviro Projects Pvt. Ltd.,Legacy/MSW,T0514,AP39VA7251,Phase3,17520.00,23-03-2026 00:20:00,10190.00,23-03-2026 00:26:31,7330.00,Legacy/MSW,Kurnool_AP39VA7251_20260323_002004_1st_front.jpg,Kurnool_AP39VA7251_20260323_002005_1st_back.jpg,Kurnool_AP39VA7251_20260323_002731_2nd_front.jpg,Kurnool_AP39VA7251_20260323_002733_2nd_back.jpg,Mahesh,admin
23-03-2026,00:37:56,Kurnool,Saurashtra Enviro Projects Pvt. Ltd.,Legacy/MSW,T0515,AP26TF2425,Phase3,24340.00,23-03-2026 00:29:55,10160.00,23-03-2026 00:37:04,14180.00,Legacy/MSW,Kurnool_AP26TF2425_20260323_002959_1st_front.jpg,Kurnool_AP26TF2425_20260323_003001_1st_back.jpg,Kurnool_AP26TF2425_20260323_003753_2nd_front.jpg,Kurnool_AP26TF2425_20260323_003755_2nd_back.jpg,Mahesh,admin
23-03-2026,00:45:45,Kurnool,Saurashtra Enviro Projects Pvt. Ltd.,Legacy/MSW,T0516,AP39UX6276,Phase3,27300.00,23-03-2026 00:39:24,10440.00,23-03-2026 00:44:51,16860.00,Legacy/MSW,Kurnool_AP39UX6276_20260323_003928_1st_front.jpg,Kurnool_AP39UX6276_20260323_003930_1st_back.jpg,Kurnool_AP39UX6276_20260323_004542_2nd_front.jpg,Kurnool_AP39UX6276_20260323_004543_2nd_back.jpg,Mahesh,admin
23-03-2026,00:56:30,Kurnool,Saurashtra Enviro Projects Pvt. Ltd.,Legacy/MSW,T0517,AP27TZ1494,Phase3,26830.00,23-03-2026 00:47:45,10420.00,23-03-2026 00:56:01,16410.00,Legacy/MSW,Kurnool_AP27TZ1494_20260323_004750_1st_front.jpg,Kurnool_AP27TZ1494_20260323_004751_1st_back.jpg,Kurnool_AP27TZ1494_20260323_005627_2nd_front.jpg,Kurnool_AP27TZ1494_20260323_005629_2nd_back.jpg,Mahesh,admin
23-03-2026,01:08:57,Kurnool,Saurashtra Enviro Projects Pvt. Ltd.,Legacy/MSW,T0518,AP39VA7251,Phase3,25010.00,23-03-2026 00:59:12,10200.00,23-03-2026 01:08:17,14810.00,Legacy/MSW,Kurnool_AP39VA7251_20260323_005917_1st_front.jpg,Kurnool_AP39VA7251_20260323_005918_1st_back.jpg,Kurnool_AP39VA7251_20260323_010853_2nd_front.jpg,Kurnool_AP39VA7251_20260323_010855_2nd_back.jpg,Mahesh,admin
23-03-2026,01:15:52,Kurnool,Saurashtra Enviro Projects Pvt. Ltd.,Legacy/MSW,T0519,AP26TF2425,Phase3,32780.00,23-03-2026 01:05:24,10130.00,23-03-2026 01:15:18,22650.00,Legacy/MSW,Kurnool_AP26TF2425_20260323_010529_1st_front.jpg,Kurnool_AP26TF2425_20260323_010531_1st_back.jpg,Kurnool_AP26TF2425_20260323_011549_2nd_front.jpg,Kurnool_AP26TF2425_20260323_011550_2nd_back.jpg,Mahesh,admin
23-03-2026,01:24:15,Kurnool,Saurashtra Enviro Projects Pvt. Ltd.,Legacy/MSW,T0520,AP39UX6276,Phase3,28860.00,23-03-2026 01:13:44,10440.00,23-03-2026 01:23:40,18420.00,Legacy/MSW,Kurnool_AP39UX6276_20260323_011349_1st_front.jpg,Kurnool_AP39UX6276_20260323_011353_1st_back.jpg,Kurnool_AP39UX6276_20260323_012411_2nd_front.jpg,Kurnool_AP39UX6276_20260323_012413_2nd_back.jpg,Mahesh,admin
23-03-2026,01:34:26,Kurnool,Saurashtra Enviro Projects Pvt. Ltd.,Legacy/MSW,T0521,AP39VA7251,Phase3,25070.00,23-03-2026 01:26:36,10190.00,23-03-2026 01:33:44,14880.00,Legacy/MSW,Kurnool_AP39VA7251_20260323_012641_1st_front.jpg,Kurnool_AP39VA7251_20260323_012643_1st_back.jpg,Kurnool_AP39VA7251_20260323_013423_2nd_front.jpg,Kurnool_AP39VA7251_20260323_013425_2nd_back.jpg,Mahesh,admin
23-03-2026,01:42:47,Kurnool,Saurashtra Enviro Projects Pvt. Ltd.,Legacy/MSW,T0522,AP27TZ1494,Phase3,27230.00,23-03-2026 01:30:27,10420.00,23-03-2026 01:42:12,16810.00,Legacy/MSW,Kurnool_AP27TZ1494_20260323_013032_1st_front.jpg,Kurnool_AP27TZ1494_20260323_013035_1st_back.jpg,Kurnool_AP27TZ1494_20260323_014243_2nd_front.jpg,Kurnool_AP27TZ1494_20260323_014245_2nd_back.jpg,Mahesh,admin
23-03-2026,01:49:56,Kurnool,Saurashtra Enviro Projects Pvt. Ltd.,Legacy/MSW,T0523,AP26TF2425,Phase3,29320.00,23-03-2026 01:36:04,10180.00,23-03-2026 01:49:22,19140.00,Legacy/MSW,Kurnool_AP26TF2425_20260323_013610_1st_front.jpg,Kurnool_AP26TF2425_20260323_013612_1st_back.jpg,Kurnool_AP26TF2425_20260323_014953_2nd_front.jpg,Kurnool_AP26TF2425_20260323_014954_2nd_back.jpg,Mahesh,admin
23-03-2026,01:52:32,Kurnool,Saurashtra Enviro Projects Pvt. Ltd.,Legacy/MSW,T0524,AP39UX6276,Phase3,27580.00,23-03-2026 01:44:10,10420.00,23-03-2026 01:51:59,17160.00,Legacy/MSW,Kurnool_AP39UX6276_20260323_014415_1st_front.jpg,Kurnool_AP39UX6276_20260323_014416_1st_back.jpg,Kurnool_AP39UX6276_20260323_015228_2nd_front.jpg,Kurnool_AP39UX6276_20260323_015230_2nd_back.jpg,Mahesh,admin
23-03-2026,01:54:12,Kurnool,Saurashtra Enviro Projects Pvt. Ltd.,Legacy/MSW,T0525,AP39VA7251,Phase3,21190.00,23-03-2026 01:48:09,10190.00,23-03-2026 01:53:39,11000.00,Legacy/MSW,Kurnool_AP39VA7251_20260323_014814_1st_front.jpg,Kurnool_AP39VA7251_20260323_014815_1st_back.jpg,Kurnool_AP39VA7251_20260323_015409_2nd_front.jpg,Kurnool_AP39VA7251_20260323_015410_2nd_back.jpg,Mahesh,admin
23-03-2026,02:03:08,Kurnool,Saurashtra Enviro Projects Pvt. Ltd.,Legacy/MSW,T0526,AP27TZ1494,Phase3,24850.00,23-03-2026 01:55:18,10530.00,23-03-2026 02:02:33,14320.00,Legacy/MSW,Kurnool_AP27TZ1494_20260323_015523_1st_front.jpg,Kurnool_AP27TZ1494_20260323_015525_1st_back.jpg,Kurnool_AP27TZ1494_20260323_020304_2nd_front.jpg,Kurnool_AP27TZ1494_20260323_020306_2nd_back.jpg,Mahesh,admin
23-03-2026,02:08:12,Kurnool,Saurashtra Enviro Projects Pvt. Ltd.,Legacy/MSW,T0527,AP26TF2425,Phase3,27750.00,23-03-2026 01:58:32,10170.00,23-03-2026 02:07:39,17580.00,Legacy/MSW,Kurnool_AP26TF2425_20260323_015835_1st_front.jpg,Kurnool_AP26TF2425_20260323_015838_1st_back.jpg,Kurnool_AP26TF2425_20260323_020808_2nd_front.jpg,Kurnool_AP26TF2425_20260323_020810_2nd_back.jpg,Mahesh,admin
23-03-2026,02:16:33,Kurnool,Saurashtra Enviro Projects Pvt. Ltd.,Legacy/MSW,T0528,AP39UX6276,Phase3,26220.00,23-03-2026 02:04:44,10420.00,23-03-2026 02:16:03,15800.00,Legacy/MSW,Kurnool_AP39UX6276_20260323_020448_1st_front.jpg,Kurnool_AP39UX6276_20260323_020450_1st_back.jpg,Kurnool_AP39UX6276_20260323_021628_2nd_front.jpg,Kurnool_AP39UX6276_20260323_021631_2nd_back.jpg,Mahesh,admin
23-03-2026,02:20:33,Kurnool,Saurashtra Enviro Projects Pvt. Ltd.,Legacy/MSW,T0529,AP39VA7251,Phase3,25100.00,23-03-2026 02:10:38,10190.00,23-03-2026 02:20:03,14910.00,Legacy/MSW,Kurnool_AP39VA7251_20260323_021041_1st_front.jpg,Kurnool_AP39VA7251_20260323_021044_1st_back.jpg,Kurnool_AP39VA7251_20260323_022029_2nd_front.jpg,Kurnool_AP39VA7251_20260323_022031_2nd_back.jpg,Mahesh,admin
23-03-2026,02:32:01,Kurnool,Saurashtra Enviro Projects Pvt. Ltd.,Legacy/MSW,T0530,AP27TZ1494,Phase3,25500.00,23-03-2026 02:18:17,10420.00,23-03-2026 02:31:24,15080.00,Legacy/MSW,Kurnool_AP27TZ1494_20260323_021822_1st_front.jpg,Kurnool_AP27TZ1494_20260323_021824_1st_back.jpg,Kurnool_AP27TZ1494_20260323_023156_2nd_front.jpg,Kurnool_AP27TZ1494_20260323_023159_2nd_back.jpg,Mahesh,admin
23-03-2026,02:33:26,Kurnool,Saurashtra Enviro Projects Pvt. Ltd.,Legacy/MSW,T0531,AP26TF2425,Phase3,25710.00,23-03-2026 02:24:28,10130.00,23-03-2026 02:32:53,15580.00,Legacy/MSW,Kurnool_AP26TF2425_20260323_022435_1st_front.jpg,Kurnool_AP26TF2425_20260323_022438_1st_back.jpg,Kurnool_AP26TF2425_20260323_023321_2nd_front.jpg,Kurnool_AP26TF2425_20260323_023324_2nd_back.jpg,Mahesh,admin
23-03-2026,02:45:47,Kurnool,Saurashtra Enviro Projects Pvt. Ltd.,Legacy/MSW,T0532,AP39UX6276,Phase3,30330.00,23-03-2026 02:34:42,10450.00,23-03-2026 02:45:06,19880.00,Legacy/MSW,Kurnool_AP39UX6276_20260323_023446_1st_front.jpg,Kurnool_AP39UX6276_20260323_023448_1st_back.jpg,Kurnool_AP39UX6276_20260323_024543_2nd_front.jpg,Kurnool_AP39UX6276_20260323_024545_2nd_back.jpg,Mahesh,admin
23-03-2026,02:47:41,Kurnool,Saurashtra Enviro Projects Pvt. Ltd.,Legacy/MSW,T0533,AP39VA7251,Phase3,27860.00,23-03-2026 02:41:11,10390.00,23-03-2026 02:47:19,17470.00,Legacy/MSW,Kurnool_AP39VA7251_20260323_024115_1st_front.jpg,Kurnool_AP39VA7251_20260323_024117_1st_back.jpg,Kurnool_AP39VA7251_20260323_024738_2nd_front.jpg,Kurnool_AP39VA7251_20260323_024739_2nd_back.jpg,Mahesh,admin
23-03-2026,02:56:12,Kurnool,Saurashtra Enviro Projects Pvt. Ltd.,Legacy/MSW,T0534,AP27TZ1494,Phase3,29660.00,23-03-2026 02:48:54,10420.00,23-03-2026 02:55:28,19240.00,Legacy/MSW,Kurnool_AP27TZ1494_20260323_024859_1st_front.jpg,Kurnool_AP27TZ1494_20260323_024901_1st_back.jpg,Kurnool_AP27TZ1494_20260323_025608_2nd_front.jpg,Kurnool_AP27TZ1494_20260323_025610_2nd_back.jpg,Mahesh,admin
23-03-2026,03:00:07,Kurnool,Saurashtra Enviro Projects Pvt. Ltd.,Legacy/MSW,T0535,AP26TF2425,Phase3,31080.00,23-03-2026 02:53:50,10160.00,23-03-2026 02:59:18,20920.00,Legacy/MSW,Kurnool_AP26TF2425_20260323_025354_1st_front.jpg,Kurnool_AP26TF2425_20260323_025356_1st_back.jpg,Kurnool_AP26TF2425_20260323_030003_2nd_front.jpg,Kurnool_AP26TF2425_20260323_030005_2nd_back.jpg,Mahesh,admin
23-03-2026,03:09:57,Kurnool,Saurashtra Enviro Projects Pvt. Ltd.,Legacy/MSW,T0536,AP39UX6276,Phase3,25810.00,23-03-2026 03:02:29,10430.00,23-03-2026 03:09:21,15380.00,Legacy/MSW,Kurnool_AP39UX6276_20260323_030233_1st_front.jpg,Kurnool_AP39UX6276_20260323_030235_1st_back.jpg,Kurnool_AP39UX6276_20260323_030953_2nd_front.jpg,Kurnool_AP39UX6276_20260323_030955_2nd_back.jpg,Mahesh,admin
23-03-2026,03:19:34,Kurnool,Saurashtra Enviro Projects Pvt. Ltd.,Legacy/MSW,T0537,AP27TZ1494,Phase3,31300.00,23-03-2026 03:11:25,10420.00,23-03-2026 03:19:04,20880.00,Legacy/MSW,Kurnool_AP27TZ1494_20260323_031130_1st_front.jpg,Kurnool_AP27TZ1494_20260323_031131_1st_back.jpg,Kurnool_AP27TZ1494_20260323_031929_2nd_front.jpg,Kurnool_AP27TZ1494_20260323_031932_2nd_back.jpg,Mahesh,admin
23-03-2026,03:22:38,Kurnool,Saurashtra Enviro Projects Pvt. Ltd.,Legacy/MSW,T0538,AP39VA7251,Phase3,27490.00,23-03-2026 03:15:59,10180.00,23-03-2026 03:22:02,17310.00,Legacy/MSW,Kurnool_AP39VA7251_20260323_031604_1st_front.jpg,Kurnool_AP39VA7251_20260323_031606_1st_back.jpg,Kurnool_AP39VA7251_20260323_032234_2nd_front.jpg,Kurnool_AP39VA7251_20260323_032236_2nd_back.jpg,Mahesh,admin
23-03-2026,03:30:29,Kurnool,Saurashtra Enviro Projects Pvt. Ltd.,Legacy/MSW,T0539,AP26TF2425,Phase3,28580.00,23-03-2026 03:23:21,10170.00,23-03-2026 03:29:44,18410.00,Legacy/MSW,Kurnool_AP26TF2425_20260323_032326_1st_front.jpg,Kurnool_AP26TF2425_20260323_032329_1st_back.jpg,Kurnool_AP26TF2425_20260323_033022_2nd_front.jpg,Kurnool_AP26TF2425_20260323_033024_2nd_back.jpg,Mahesh,admin
23-03-2026,03:40:42,Kurnool,Saurashtra Enviro Projects Pvt. Ltd.,Legacy/MSW,T0540,AP39UX6276,Phase3,26460.00,23-03-2026 03:31:56,10450.00,23-03-2026 03:40:02,16010.00,Legacy/MSW,Kurnool_AP39UX6276_20260323_033203_1st_front.jpg,Kurnool_AP39UX6276_20260323_033206_1st_back.jpg,Kurnool_AP39UX6276_20260323_034037_2nd_front.jpg,Kurnool_AP39UX6276_20260323_034040_2nd_back.jpg,Mahesh,admin
23-03-2026,03:47:31,Kurnool,Saurashtra Enviro Projects Pvt. Ltd.,Legacy/MSW,T0541,AP27TZ1494,Phase3,28760.00,23-03-2026 03:38:19,10430.00,23-03-2026 03:46:50,18330.00,Legacy/MSW,Kurnool_AP27TZ1494_20260323_033824_1st_front.jpg,Kurnool_AP27TZ1494_20260323_033826_1st_back.jpg,Kurnool_AP27TZ1494_20260323_034724_2nd_front.jpg,Kurnool_AP27TZ1494_20260323_034727_2nd_back.jpg,Mahesh,admin
23-03-2026,03:51:25,Kurnool,Saurashtra Enviro Projects Pvt. Ltd.,Legacy/MSW,T0542,AP39VA7251,Phase3,24810.00,23-03-2026 03:43:22,10250.00,23-03-2026 03:50:46,14560.00,Legacy/MSW,Kurnool_AP39VA7251_20260323_034326_1st_front.jpg,Kurnool_AP39VA7251_20260323_034328_1st_back.jpg,Kurnool_AP39VA7251_20260323_035121_2nd_front.jpg,Kurnool_AP39VA7251_20260323_035123_2nd_back.jpg,Mahesh,admin
23-03-2026,04:00:39,Kurnool,Saurashtra Enviro Projects Pvt. Ltd.,Legacy/MSW,T0543,AP26TF2425,Phase3,29090.00,23-03-2026 03:52:53,10160.00,23-03-2026 04:00:03,18930.00,Legacy/MSW,Kurnool_AP26TF2425_20260323_035257_1st_front.jpg,Kurnool_AP26TF2425_20260323_035300_1st_back.jpg,Kurnool_AP26TF2425_20260323_040035_2nd_front.jpg,Kurnool_AP26TF2425_20260323_040037_2nd_back.jpg,Mahesh,admin
23-03-2026,04:08:02,Kurnool,Saurashtra Enviro Projects Pvt. Ltd.,Legacy/MSW,T0544,AP39UX6276,Phase3,30540.00,23-03-2026 03:59:07,10450.00,23-03-2026 04:07:29,20090.00,Legacy/MSW,Kurnool_AP39UX6276_20260323_035912_1st_front.jpg,Kurnool_AP39UX6276_20260323_035914_1st_back.jpg,Kurnool_AP39UX6276_20260323_040758_2nd_front.jpg,Kurnool_AP39UX6276_20260323_040800_2nd_back.jpg,Mahesh,admin
23-03-2026,04:20:25,Kurnool,Saurashtra Enviro Projects Pvt. Ltd.,Legacy/MSW,T0545,AP27TZ1494,Phase3,32530.00,23-03-2026 04:05:44,10490.00,23-03-2026 04:19:50,22040.00,Legacy/MSW,Kurnool_AP27TZ1494_20260323_040547_1st_front.jpg,Kurnool_AP27TZ1494_20260323_040550_1st_back.jpg,Kurnool_AP27TZ1494_20260323_042021_2nd_front.jpg,Kurnool_AP27TZ1494_20260323_042023_2nd_back.jpg,Mahesh,admin
23-03-2026,04:24:28,Kurnool,Saurashtra Enviro Projects Pvt. Ltd.,Legacy/MSW,T0546,AP39VA7251,Phase3,26300.00,23-03-2026 04:18:06,10200.00,23-03-2026 04:23:52,16100.00,Legacy/MSW,Kurnool_AP39VA7251_20260323_041811_1st_front.jpg,Kurnool_AP39VA7251_20260323_041813_1st_back.jpg,Kurnool_AP39VA7251_20260323_042424_2nd_front.jpg,Kurnool_AP39VA7251_20260323_042426_2nd_back.jpg,Mahesh,admin
23-03-2026,04:31:49,Kurnool,Saurashtra Enviro Projects Pvt. Ltd.,Legacy/MSW,T0547,AP26TF2425,Phase3,29980.00,23-03-2026 04:25:36,10170.00,23-03-2026 04:31:13,19810.00,Legacy/MSW,Kurnool_AP26TF2425_20260323_042541_1st_front.jpg,Kurnool_AP26TF2425_20260323_042543_1st_back.jpg,Kurnool_AP26TF2425_20260323_043144_2nd_front.jpg,Kurnool_AP26TF2425_20260323_043146_2nd_back.jpg,Mahesh,admin
23-03-2026,04:42:06,Kurnool,Saurashtra Enviro Projects Pvt. Ltd.,Legacy/MSW,T0548,AP39UX6276,Phase3,26610.00,23-03-2026 04:33:58,10440.00,23-03-2026 04:41:33,16170.00,Legacy/MSW,Kurnool_AP39UX6276_20260323_043403_1st_front.jpg,Kurnool_+_20260323_043405_1st_back.jpg,Kurnool_AP39UX6276_20260323_044201_2nd_front.jpg,Kurnool_AP39UX6276_20260323_044204_2nd_back.jpg,Mahesh,admin
23-03-2026,04:57:10,Kurnool,Saurashtra Enviro Projects Pvt. Ltd.,Legacy/MSW,T0549,AP39VA7251,Phase3,24470.00,23-03-2026 04:43:50,10120.00,23-03-2026 04:56:34,14350.00,Legacy/MSW,Kurnool_AP39VA7251_20260323_044355_1st_front.jpg,Kurnool_AP39VA7251_20260323_044357_1st_back.jpg,Kurnool_AP39VA7251_20260323_045705_2nd_front.jpg,Kurnool_AP39VA7251_20260323_045708_2nd_back.jpg,Mahesh,admin
23-03-2026,05:01:01,Kurnool,Saurashtra Enviro Projects Pvt. Ltd.,Legacy/MSW,T0550,AP27TZ1494,Phase3,28320.00,23-03-2026 04:46:44,10450.00,23-03-2026 05:00:22,17870.00,Legacy/MSW,Kurnool_AP27TZ1494_20260323_044650_1st_front.jpg,Kurnool_AP27TZ1494_20260323_044653_1st_back.jpg,Kurnool_AP27TZ1494_20260323_050056_2nd_front.jpg,Kurnool_AP27TZ1494_20260323_050059_2nd_back.jpg,Mahesh,admin
23-03-2026,05:02:56,Kurnool,Saurashtra Enviro Projects Pvt. Ltd.,Legacy/MSW,T0551,AP26TF2425,Phase3,30760.00,23-03-2026 04:53:04,10130.00,23-03-2026 05:02:06,20630.00,Legacy/MSW,Kurnool_AP26TF2425_20260323_045309_1st_front.jpg,Kurnool_AP26TF2425_20260323_045312_1st_back.jpg,Kurnool_AP26TF2425_20260323_050251_2nd_front.jpg,Kurnool_AP26TF2425_20260323_050254_2nd_back.jpg,Mahesh,admin
23-03-2026,05:06:00,Kurnool,Saurashtra Enviro Projects Pvt. Ltd.,Legacy/MSW,T0552,AP39UX6276,Phase3,26180.00,23-03-2026 04:59:03,10440.00,23-03-2026 05:05:25,15740.00,Legacy/MSW,Kurnool_AP39UX6276_20260323_045917_1st_front.jpg,Kurnool_AP39UX6276_20260323_045920_1st_back.jpg,Kurnool_AP39UX6276_20260323_050554_2nd_front.jpg,Kurnool_AP39UX6276_20260323_050557_2nd_back.jpg,Mahesh,admin
23-03-2026,08:41:58,Kurnool,Saurashtra Enviro Projects Pvt. Ltd.,Legacy/MSW,T0553,AP27TZ1494,Phase3,28870.00,23-03-2026 08:34:13,10580.00,23-03-2026 08:41:25,18290.00,Legacy/MSW,Kurnool_AP27TZ1494_20260323_083418_1st_front.jpg,Kurnool_AP27TZ1494_20260323_083420_1st_back.jpg,Kurnool_AP27TZ1494_20260323_084151_2nd_front.jpg,Kurnool_AP27TZ1494_20260323_084155_2nd_back.jpg,Mahesh,admin
23-03-2026,08:49:41,Kurnool,Saurashtra Enviro Projects Pvt. Ltd.,Legacy/MSW,T0554,AP39VA7251,Phase3,25610.00,23-03-2026 08:40:01,10230.00,23-03-2026 08:49:22,15380.00,Legacy/MSW,Kurnool_AP39VA7251_20260323_084005_1st_front.jpg,Kurnool_AP39VA7251_20260323_084007_1st_back.jpg,Kurnool_AP39VA7251_20260323_084938_2nd_front.jpg,Kurnool_AP39VA7251_20260323_084940_2nd_back.jpg,Mahesh,admin
23-03-2026,08:50:50,Kurnool,Saurashtra Enviro Projects Pvt. Ltd.,Legacy/MSW,T0555,AP21TE4795,Phase3,27660.00,23-03-2026 08:43:02,10300.00,23-03-2026 08:50:29,17360.00,Legacy/MSW,Kurnool_AP21TE4795_20260323_084311_1st_front.jpg,Kurnool_AP21TE4795_20260323_084313_1st_back.jpg,Kurnool_AP21TE4795_20260323_085047_2nd_front.jpg,Kurnool_AP21TE4795_20260323_085049_2nd_back.jpg,Mahesh,admin
23-03-2026,08:58:29,Kurnool,Saurashtra Enviro Projects Pvt. Ltd.,Legacy/MSW,T0556,AP26TF2425,Phase3,29440.00,23-03-2026 08:52:02,10190.00,23-03-2026 08:58:01,19250.00,Legacy/MSW,Kurnool_AP26TF2425_20260323_085207_1st_front.jpg,Kurnool_AP26TF2425_20260323_085208_1st_back.jpg,Kurnool_AP26TF2425_20260323_085825_2nd_front.jpg,Kurnool_AP26TF2425_20260323_085827_2nd_back.jpg,Mahesh,admin
23-03-2026,09:15:05,Kurnool,Saurashtra Enviro Projects Pvt. Ltd.,Legacy/MSW,T0557,AP27TZ1494,Phase3,27480.00,23-03-2026 09:07:21,10320.00,23-03-2026 09:14:34,17160.00,Legacy/MSW,Kurnool_AP27TZ1494_20260323_090727_1st_front.jpg,Kurnool_AP27TZ1494_20260323_090729_1st_back.jpg,Kurnool_AP27TZ1494_20260323_091501_2nd_front.jpg,Kurnool_AP27TZ1494_20260323_091503_2nd_back.jpg,Mahesh,admin
23-03-2026,09:17:49,Kurnool,Saurashtra Enviro Projects Pvt. Ltd.,Legacy/MSW,T0558,AP21TE4795,Phase3,26240.00,23-03-2026 09:08:56,10110.00,23-03-2026 09:17:25,16130.00,Legacy/MSW,Kurnool_AP21TE4795_20260323_090859_1st_front.jpg,Kurnool_AP21TE4795_20260323_090901_1st_back.jpg,Kurnool_AP21TE4795_20260323_091746_2nd_front.jpg,Kurnool_AP21TE4795_20260323_091748_2nd_back.jpg,Mahesh,admin
23-03-2026,09:24:18,Kurnool,Saurashtra Enviro Projects Pvt. Ltd.,Legacy/MSW,T0559,AP26TF2425,Phase3,27560.00,23-03-2026 09:16:17,10110.00,23-03-2026 09:23:37,17450.00,Legacy/MSW,Kurnool_AP26TF2425_20260323_091626_1st_front.jpg,Kurnool_AP26TF2425_20260323_091628_1st_back.jpg,Kurnool_AP26TF2425_20260323_092414_2nd_front.jpg,Kurnool_AP26TF2425_20260323_092416_2nd_back.jpg,Mahesh,admin
23-03-2026,09:43:24,Kurnool,Saurashtra Enviro Projects Pvt. Ltd.,Legacy/MSW,T0560,AP39VA7251,Phase3,29730.00,23-03-2026 09:33:14,10200.00,23-03-2026 09:42:55,19530.00,Legacy/MSW,Kurnool_AP21TE4795_20260323_093454_1st_front.jpg,Kurnool_AP21TE4795_20260323_093456_1st_back.jpg,Kurnool_AP39VA7251_20260323_094321_2nd_front.jpg,Kurnool_AP39VA7251_20260323_094322_2nd_back.jpg,Mahesh,admin
23-03-2026,09:46:16,Kurnool,Saurashtra Enviro Projects Pvt. Ltd.,Legacy/MSW,T0561,AP27TZ1494,Phase3,34120.00,23-03-2026 09:38:39,10410.00,23-03-2026 09:45:23,23710.00,Legacy/MSW,Kurnool_AP27TZ1494_20260323_093844_1st_front.jpg,Kurnool_AP27TZ1494_20260323_093846_1st_back.jpg,Kurnool_AP27TZ1494_20260323_094559_2nd_front.jpg,Kurnool_AP27TZ1494_20260323_094600_2nd_back.jpg,Mahesh,admin
23-03-2026,09:59:53,Kurnool,Saurashtra Enviro Projects Pvt. Ltd.,Legacy/MSW,T0562,AP26TF2425,Phase3,36570.00,23-03-2026 09:49:14,10540.00,23-03-2026 09:59:01,26030.00,Legacy/MSW,Kurnool_AP26TF2425_20260323_095109_1st_front.jpg,Kurnool_AP26TF2425_20260323_095110_1st_back.jpg,Kurnool_AP26TF2425_20260323_095947_2nd_front.jpg,Kurnool_AP26TF2425_20260323_095949_2nd_back.jpg,Mahesh,admin
23-03-2026,10:02:08,Kurnool,Saurashtra Enviro Projects Pvt. Ltd.,Legacy/MSW,T0563,AP21TE4795,Phase3,31780.00,23-03-2026 09:54:47,10370.00,23-03-2026 10:01:41,21410.00,Legacy/MSW,Kurnool_AP21TE4795_20260323_095512_1st_front.jpg,Kurnool_AP21TE4795_20260323_095514_1st_back.jpg,Kurnool_AP21TE4795_20260323_100205_2nd_front.jpg,Kurnool_AP21TE4795_20260323_100207_2nd_back.jpg,Mahesh,admin
23-03-2026,10:13:42,Kurnool,Saurashtra Enviro Projects Pvt. Ltd.,Legacy/MSW,T0564,AP39UX6276,Phase3,33680.00,23-03-2026 10:03:45,10450.00,23-03-2026 10:13:07,23230.00,Legacy/MSW,Kurnool_AP39UX6276_20260323_100418_1st_front.jpg,Kurnool_AP39UX6276_20260323_100419_1st_back.jpg,Kurnool_AP39UX6276_20260323_101336_2nd_front.jpg,Kurnool_AP39UX6276_20260323_101340_2nd_back.jpg,Mahesh,admin
23-03-2026,10:23:13,Kurnool,Saurashtra Enviro Projects Pvt. Ltd.,Legacy/MSW,T0565,AP39VA7251,Phase3,30330.00,23-03-2026 10:10:19,10230.00,23-03-2026 10:22:05,20100.00,Legacy/MSW,Kurnool_AP39VA7251_20260323_101051_1st_front.jpg,Kurnool_AP39VA7251_20260323_101053_1st_back.jpg,Kurnool_AP39VA7251_20260323_102301_2nd_front.jpg,Kurnool_AP39VA7251_20260323_102309_2nd_back.jpg,Mahesh,admin
23-03-2026,10:35:34,Kurnool,Saurashtra Enviro Projects Pvt. Ltd.,Legacy/MSW,T0566,AP27TZ1494,Phase3,34410.00,23-03-2026 10:17:51,10750.00,23-03-2026 10:34:58,23660.00,Legacy/MSW,Kurnool_AP27TZ1494_20260323_101845_1st_front.jpg,Kurnool_AP27TZ1494_20260323_101852_1st_back.jpg,Kurnool_AP27TZ1494_20260323_103505_2nd_front.jpg,Kurnool_AP27TZ1494_20260323_103507_2nd_back.jpg,Mahesh,admin
23-03-2026,10:39:09,Kurnool,Saurashtra Enviro Projects Pvt. Ltd.,Legacy/MSW,T0567,AP26TF2425,Phase3,27180.00,23-03-2026 10:33:47,10120.00,23-03-2026 10:38:17,17060.00,Legacy/MSW,Kurnool_AP26TF2425_20260323_103356_1st_front.jpg,Kurnool_AP26TF2425_20260323_103359_1st_back.jpg,Kurnool_AP26TF2425_20260323_103823_2nd_front.jpg,Kurnool_AP26TF2425_20260323_103825_2nd_back.jpg,Mahesh,admin
23-03-2026,10:48:48,Kurnool,Saurashtra Enviro Projects Pvt. Ltd.,Legacy/MSW,T0568,AP21TE4795,Phase3,25170.00,23-03-2026 10:40:54,10500.00,23-03-2026 10:47:28,14670.00,Legacy/MSW,Kurnool_AP21TE4795_20260323_104059_1st_front.jpg,Kurnool_AP21TE4795_20260323_104102_1st_back.jpg,Kurnool_AP21TE4795_20260323_104735_2nd_front.jpg,Kurnool_AP21TE4795_20260323_104737_2nd_back.jpg,Mahesh,admin
23-03-2026,10:58:24,Kurnool,Saurashtra Enviro Projects Pvt. Ltd.,Legacy/MSW,T0569,AP39UX6276,Phase3,26140.00,23-03-2026 10:49:13,10390.00,23-03-2026 10:57:33,15750.00,Legacy/MSW,Kurnool_AP39UX6276_20260323_104934_1st_front.jpg,Kurnool_AP39UX6276_20260323_104937_1st_back.jpg,Kurnool_AP39UX6276_20260323_105740_2nd_front.jpg,Kurnool_AP39UX6276_20260323_105742_2nd_back.jpg,Mahesh,admin
23-03-2026,11:03:59,Kurnool,Saurashtra Enviro Projects Pvt. Ltd.,Legacy/MSW,T0570,AP39VA7251,Phase3,25090.00,23-03-2026 10:55:44,10140.00,23-03-2026 11:03:12,14950.00,Legacy/MSW,Kurnool_AP39VA7251_20260323_105552_1st_front.jpg,Kurnool_AP39VA7251_20260323_105555_1st_back.jpg,Kurnool_AP39VA7251_20260323_110320_2nd_front.jpg,Kurnool_AP39VA7251_20260323_110322_2nd_back.jpg,Mahesh,admin
23-03-2026,11:07:25,Kurnool,Saurashtra Enviro Projects Pvt. Ltd.,Legacy/MSW,T0571,AP27TZ1494,Phase3,28710.00,23-03-2026 10:58:58,10650.00,23-03-2026 11:06:38,18060.00,Legacy/MSW,Kurnool_AP27TZ1494_20260323_105908_1st_front.jpg,Kurnool_AP27TZ1494_20260323_105910_1st_back.jpg,Kurnool_AP27TZ1494_20260323_110645_2nd_front.jpg,Kurnool_AP27TZ1494_20260323_110647_2nd_back.jpg,Mahesh,admin
23-03-2026,11:15:03,Kurnool,Saurashtra Enviro Projects Pvt. Ltd.,Legacy/MSW,T0572,AP26TF2425,Phase3,27630.00,23-03-2026 11:08:42,10180.00,23-03-2026 11:14:05,17450.00,Legacy/MSW,Kurnool_AP26TF2425_20260323_110852_1st_front.jpg,Kurnool_AP26TF2425_20260323_110859_1st_back.jpg,Kurnool_AP26TF2425_20260323_111412_2nd_front.jpg,Kurnool_AP26TF2425_20260323_111415_2nd_back.jpg,Mahesh,admin
23-03-2026,11:23:28,Kurnool,Saurashtra Enviro Projects Pvt. Ltd.,Legacy/MSW,T0573,AP21TE4795,Phase3,25520.00,23-03-2026 11:15:28,10200.00,23-03-2026 11:22:11,15320.00,Legacy/MSW,Kurnool_AP21TE4795_20260323_111533_1st_front.jpg,Kurnool_AP21TE4795_20260323_111536_1st_back.jpg,Kurnool_AP21TE4795_20260323_112219_2nd_front.jpg,Kurnool_AP21TE4795_20260323_112221_2nd_back.jpg,Mahesh,admin
23-03-2026,11:31:16,Kurnool,Saurashtra Enviro Projects Pvt. Ltd.,Legacy/MSW,T0574,AP27TZ1494,Phase3,26960.00,23-03-2026 11:23:54,10510.00,23-03-2026 11:29:45,16450.00,Legacy/MSW,Kurnool_AP27TZ1494_20260323_112402_1st_front.jpg,Kurnool_AP27TZ1494_20260323_112404_1st_back.jpg,Kurnool_AP27TZ1494_20260323_112952_2nd_front.jpg,Kurnool_AP27TZ1494_20260323_112954_2nd_back.jpg,Mahesh,admin
23-03-2026,11:41:08,Kurnool,Saurashtra Enviro Projects Pvt. Ltd.,Legacy/MSW,T0575,AP39VA7251,Phase3,25910.00,23-03-2026 11:31:35,10160.00,23-03-2026 11:38:55,15750.00,Legacy/MSW,Kurnool_AP39VA7251_20260323_113140_1st_front.jpg,Kurnool_AP39VA7251_20260323_113142_1st_back.jpg,Kurnool_AP39VA7251_20260323_113901_2nd_front.jpg,Kurnool_AP39VA7251_20260323_113903_2nd_back.jpg,Mahesh,admin
23-03-2026,11:45:41,Kurnool,Saurashtra Enviro Projects Pvt. Ltd.,Legacy/MSW,T0576,AP39UX6276,Phase3,27940.00,23-03-2026 11:36:15,10540.00,23-03-2026 11:45:05,17400.00,Legacy/MSW,Kurnool_AP39UX6276_20260323_113621_1st_front.jpg,Kurnool_AP39UX6276_20260323_113624_1st_back.jpg,Kurnool_AP39UX6276_20260323_114510_2nd_front.jpg,Kurnool_AP39UX6276_20260323_114512_2nd_back.jpg,Mahesh,admin
23-03-2026,11:46:29,Kurnool,Saurashtra Enviro Projects Pvt. Ltd.,Legacy/MSW,T0577,AP26TF2425,Phase3,26350.00,23-03-2026 11:41:26,10030.00,23-03-2026 11:45:57,16320.00,Legacy/MSW,Kurnool_AP26TF2425_20260323_114131_1st_front.jpg,Kurnool_AP26TF2425_20260323_114133_1st_back.jpg,Kurnool_AP26TF2425_20260323_114601_2nd_front.jpg,Kurnool_AP26TF2425_20260323_114604_2nd_back.jpg,Mahesh,admin
23-03-2026,11:54:42,Kurnool,Saurashtra Enviro Projects Pvt. Ltd.,Legacy/MSW,T0578,AP21TE4795,Phase3,26430.00,23-03-2026 11:46:48,10400.00,23-03-2026 11:53:47,16030.00,Legacy/MSW,Kurnool_AP21TE4795_20260323_114654_1st_front.jpg,Kurnool_AP21TE4795_20260323_114657_1st_back.jpg,Kurnool_AP21TE4795_20260323_115353_2nd_front.jpg,Kurnool_AP21TE4795_20260323_115354_2nd_back.jpg,Mahesh,admin
23-03-2026,11:59:00,Kurnool,Saurashtra Enviro Projects Pvt. Ltd.,Legacy/MSW,T0579,AP27TZ1494,Phase3,26580.00,23-03-2026 11:52:02,10480.00,23-03-2026 11:58:06,16100.00,Legacy/MSW,Kurnool_AP27TZ1494_20260323_115207_1st_front.jpg,Kurnool_AP27TZ1494_20260323_115209_1st_back.jpg,Kurnool_AP27TZ1494_20260323_115811_2nd_front.jpg,Kurnool_AP27TZ1494_20260323_115812_2nd_back.jpg,Mahesh,admin
23-03-2026,12:07:46,Kurnool,Saurashtra Enviro Projects Pvt. Ltd.,Legacy/MSW,T0580,AP39VA7251,Phase3,23780.00,23-03-2026 11:59:31,10440.00,23-03-2026 12:07:26,13340.00,Legacy/MSW,Kurnool_AP39VA7251_20260323_115936_1st_front.jpg,Kurnool_AP39VA7251_20260323_115939_1st_back.jpg,Kurnool_AP39VA7251_20260323_120732_2nd_front.jpg,Kurnool_AP39VA7251_20260323_120734_2nd_back.jpg,Mahesh,admin
23-03-2026,12:19:11,Kurnool,Saurashtra Enviro Projects Pvt. Ltd.,Legacy/MSW,T0581,AP39UX6276,Phase3,23530.00,23-03-2026 12:09:14,10290.00,23-03-2026 12:18:22,13240.00,Legacy/MSW,Kurnool_AP39UX6276_20260323_120919_1st_front.jpg,Kurnool_AP39UX6276_20260323_120921_1st_back.jpg,Kurnool_AP39UX6276_20260323_121828_2nd_front.jpg,Kurnool_AP39UX6276_20260323_121831_2nd_back.jpg,Mahesh,admin
23-03-2026,12:26:35,Kurnool,Saurashtra Enviro Projects Pvt. Ltd.,Legacy/MSW,T0582,AP26TF2425,Phase3,28200.00,23-03-2026 12:11:50,9890.00,23-03-2026 12:25:32,18310.00,Legacy/MSW,Kurnool_AP26TF2425_20260323_121157_1st_front.jpg,Kurnool_AP26TF2425_20260323_121159_1st_back.jpg,Kurnool_AP26TF2425_20260323_122537_2nd_front.jpg,Kurnool_AP26TF2425_20260323_122539_2nd_back.jpg,Mahesh,admin
23-03-2026,12:31:12,Kurnool,Saurashtra Enviro Projects Pvt. Ltd.,Legacy/MSW,T0583,AP27TZ1494,Phase3,26510.00,23-03-2026 12:14:42,10480.00,23-03-2026 12:30:11,16030.00,Legacy/MSW,Kurnool_AP27TZ1494_20260323_121445_1st_front.jpg,Kurnool_AP27TZ1494_20260323_121447_1st_back.jpg,Kurnool_AP27TZ1494_20260323_123017_2nd_front.jpg,Kurnool_AP27TZ1494_20260323_123020_2nd_back.jpg,Mahesh,admin
23-03-2026,12:40:15,Kurnool,Saurashtra Enviro Projects Pvt. Ltd.,Legacy/MSW,T0584,AP21TE4795,Phase3,22380.00,23-03-2026 12:20:44,9940.00,23-03-2026 12:39:31,12440.00,Legacy/MSW,Kurnool_AP21TE4795_20260323_122049_1st_front.jpg,Kurnool_AP21TE4795_20260323_122051_1st_back.jpg,Kurnool_AP21TE4795_20260323_123943_2nd_front.jpg,Kurnool_AP21TE4795_20260323_123944_2nd_back.jpg,Mahesh,admin
23-03-2026,12:44:23,Kurnool,Saurashtra Enviro Projects Pvt. Ltd.,Legacy/MSW,T0585,AP39VA7251,Phase3,25230.00,23-03-2026 12:24:13,10190.00,23-03-2026 12:42:27,15040.00,Legacy/MSW,Kurnool_AP39VA7251_20260323_122419_1st_front.jpg,Kurnool_AP39VA7251_20260323_122421_1st_back.jpg,Kurnool_AP39VA7251_20260323_124233_2nd_front.jpg,Kurnool_AP39VA7251_20260323_124235_2nd_back.jpg,Mahesh,admin
23-03-2026,12:55:16,Kurnool,Saurashtra Enviro Projects Pvt. Ltd.,Legacy/MSW,T0586,AP39UX6276,Phase3,22840.00,23-03-2026 12:37:00,10540.00,23-03-2026 12:54:25,12300.00,Legacy/MSW,Kurnool_AP39UX6276_20260323_123706_1st_front.jpg,Kurnool_AP39UX6276_20260323_123708_1st_back.jpg,Kurnool_AP39UX6276_20260323_125430_2nd_front.jpg,Kurnool_AP39UX6276_20260323_125432_2nd_back.jpg,Mahesh,admin
23-03-2026,13:00:01,Kurnool,Saurashtra Enviro Projects Pvt. Ltd.,Legacy/MSW,T0587,AP26TF2425,Phase3,28460.00,23-03-2026 12:44:46,9940.00,23-03-2026 12:59:18,18520.00,Legacy/MSW,Kurnool_AP26TF2425_20260323_124451_1st_front.jpg,Kurnool_AP26TF2425_20260323_124453_1st_back.jpg,Kurnool_AP26TF2425_20260323_125925_2nd_front.jpg,Kurnool_AP26TF2425_20260323_125927_2nd_back.jpg,Mahesh,admin
23-03-2026,13:03:28,Kurnool,Saurashtra Enviro Projects Pvt. Ltd.,Legacy/MSW,T0588,AP27TZ1494,Phase3,24700.00,23-03-2026 12:48:55,10080.00,23-03-2026 13:02:51,14620.00,Legacy/MSW,Kurnool_AP27TZ1494_20260323_124900_1st_front.jpg,Kurnool_AP27TZ1494_20260323_124902_1st_back.jpg,Kurnool_AP27TZ1494_20260323_130257_2nd_front.jpg,Kurnool_AP27TZ1494_20260323_130259_2nd_back.jpg,Mahesh,admin
23-03-2026,14:21:26,Kurnool,Saurashtra Enviro Projects Pvt. Ltd.,Legacy/MSW,T0589,AP39VA7251,Phase3,23910.00,23-03-2026 13:00:30,10310.00,23-03-2026 14:20:35,13600.00,Legacy/MSW,Kurnool_AP39VA7251_20260323_130036_1st_front.jpg,Kurnool_AP39VA7251_20260323_130039_1st_back.jpg,Kurnool_AP39VA7251_20260323_142041_2nd_front.jpg,Kurnool_AP39VA7251_20260323_142044_2nd_back.jpg,Mahesh,admin
23-03-2026,14:24:05,Kurnool,Saurashtra Enviro Projects Pvt. Ltd.,Legacy/MSW,T0590,AP21TE4795,Phase3,21360.00,23-03-2026 13:01:53,10170.00,23-03-2026 14:23:20,11190.00,Legacy/MSW,Kurnool_AP21TE4795_20260323_130158_1st_front.jpg,Kurnool_AP21TE4795_20260323_130200_1st_back.jpg,Kurnool_AP21TE4795_20260323_142326_2nd_front.jpg,Kurnool_AP21TE4795_20260323_142328_2nd_back.jpg,Mahesh,admin
23-03-2026,14:52:51,Kurnool,Saurashtra Enviro Projects Pvt. Ltd.,Legacy/MSW,T0591,AP39UX6276,Phase3,22570.00,23-03-2026 14:29:09,10760.00,23-03-2026 14:52:36,11810.00,Legacy/MSW,Kurnool_AP39UX6276_20260323_142920_1st_front.jpg,Kurnool_AP39UX6276_20260323_142923_1st_back.jpg,Kurnool_AP39UX6276_20260323_145245_2nd_front.jpg,Kurnool_AP39UX6276_20260323_145248_2nd_back.jpg,Mahesh,admin
23-03-2026,14:43:27,Kurnool,Saurashtra Enviro Projects Pvt. Ltd.,Legacy/MSW,T0592,AP27TZ1494,Phase3,28810.00,23-03-2026 14:30:42,10410.00,23-03-2026 14:43:58,18400.00,Legacy/MSW,Kurnool_AP27TZ1494_20260323_143052_1st_front.jpg,Kurnool_AP27TZ1494_20260323_143055_1st_back.jpg,,,Mahesh,admin
23-03-2026,14:56:32,Kurnool,Saurashtra Enviro Projects Pvt. Ltd.,Legacy/MSW,T0593,AP39VA7251,Phase3,23390.00,23-03-2026 14:36:54,10320.00,23-03-2026 14:56:14,13070.00,Legacy/MSW,Kurnool_AP39VA7251_20260323_143704_1st_front.jpg,Kurnool_AP39VA7251_20260323_143701_1st_back.jpg,Kurnool_AP39VA7251_20260323_145628_2nd_front.jpg,Kurnool_AP39VA7251_20260323_145625_2nd_back.jpg,Mahesh,admin
23-03-2026,14:59:27,Kurnool,Saurashtra Enviro Projects Pvt. Ltd.,Legacy/MSW,T0594,AP26TF2425,Phase3,21220.00,23-03-2026 14:38:44,10180.00,23-03-2026 14:58:32,11040.00,Legacy/MSW,Kurnool_AP26TF2425_20260323_143851_1st_front.jpg,Kurnool_AP26TF2425_20260323_143854_1st_back.jpg,Kurnool_AP26TF2425_20260323_145841_2nd_front.jpg,Kurnool_AP26TF2425_20260323_145843_2nd_back.jpg,Mahesh,admin
23-03-2026,15:07:13,Kurnool,Saurashtra Enviro Projects Pvt. Ltd.,Legacy/MSW,T0595,AP21TE4795,Phase3,20890.00,23-03-2026 14:46:21,10100.00,23-03-2026 15:06:59,10790.00,Legacy/MSW,Kurnool_AP21TE4795_20260323_144631_1st_front.jpg,Kurnool_AP21TE4795_20260323_144629_1st_back.jpg,Kurnool_AP21TE4795_20260323_150710_2nd_front.jpg,Kurnool_AP21TE4795_20260323_150707_2nd_back.jpg,Mahesh,admin
23-03-2026,15:50:14,Kurnool,Saurashtra Enviro Projects Pvt. Ltd.,Legacy/MSW,T0596,AP27TZ1494,Phase3,21800.00,23-03-2026 15:00:33,10610.00,23-03-2026 15:49:02,11190.00,Legacy/MSW,Kurnool_AP27TZ1494_20260323_150146_1st_front.jpg,Kurnool_AP27TZ1494_20260323_150149_1st_back.jpg,Kurnool_AP27TZ1494_20260323_154912_2nd_front.jpg,Kurnool_AP27TZ1494_20260323_154909_2nd_back.jpg,Mahesh,admin
23-03-2026,15:29:22,Kurnool,Saurashtra Enviro Projects Pvt. Ltd.,Legacy/MSW,T0597,AP39UX6276,Phase3,21050.00,23-03-2026 15:15:04,10410.00,23-03-2026 15:28:35,10640.00,Legacy/MSW,Kurnool_AP39UX6276_20260323_151536_1st_front.jpg,Kurnool_AP39UX6276_20260323_151538_1st_back.jpg,Kurnool_AP39UX6276_20260323_152914_2nd_front.jpg,Kurnool_AP39UX6276_20260323_152917_2nd_back.jpg,Mahesh,admin
23-03-2026,15:42:37,Kurnool,Saurashtra Enviro Projects Pvt. Ltd.,Legacy/MSW,T0598,AP26TF2425,Phase3,26650.00,23-03-2026 15:17:44,10420.00,23-03-2026 15:41:44,16230.00,Legacy/MSW,Kurnool_AP26TF2425_20260323_151801_1st_front.jpg,Kurnool_AP26TF2425_20260323_151758_1st_back.jpg,Kurnool_AP26TF2425_20260323_154155_2nd_front.jpg,Kurnool_AP26TF2425_20260323_154157_2nd_back.jpg,Mahesh,admin
23-03-2026,15:44:54,Kurnool,Saurashtra Enviro Projects Pvt. Ltd.,Legacy/MSW,T0599,AP39VA7251,Phase3,18730.00,23-03-2026 15:19:24,10290.00,23-03-2026 15:43:56,8440.00,Legacy/MSW,Kurnool_AP39VA7251_20260323_152008_1st_front.jpg,Kurnool_AP39VA7251_20260323_152005_1st_back.jpg,Kurnool_AP39VA7251_20260323_154409_2nd_front.jpg,Kurnool_AP39VA7251_20260323_154406_2nd_back.jpg,Mahesh,admin
23-03-2026,15:54:55,Kurnool,Saurashtra Enviro Projects Pvt. Ltd.,Legacy/MSW,T0600,AP21TE4795,Phase3,20360.00,23-03-2026 15:39:23,10590.00,23-03-2026 15:54:20,9770.00,Legacy/MSW,Kurnool_AP21TE4795_20260323_153931_1st_front.jpg,Kurnool_AP21TE4795_20260323_153929_1st_back.jpg,Kurnool_AP21TE4795_20260323_155453_2nd_front.jpg,Kurnool_AP21TE4795_20260323_155450_2nd_back.jpg,Mahesh,admin
23-03-2026,15:58:31,Kurnool,Saurashtra Enviro Projects Pvt. Ltd.,Legacy/MSW,T0601,AP39UX6276,Phase3,23580.00,23-03-2026 15:46:32,10640.00,23-03-2026 15:57:37,12940.00,Legacy/MSW,Kurnool_AP39UX6276_20260323_154647_1st_front.jpg,Kurnool_AP39UX6276_20260323_154644_1st_back.jpg,Kurnool_AP39UX6276_20260323_155747_2nd_front.jpg,Kurnool_AP39UX6276_20260323_155745_2nd_back.jpg,Mahesh,admin
23-03-2026,16:12:18,Kurnool,Saurashtra Enviro Projects Pvt. Ltd.,Legacy/MSW,T0602,AP39VA7251,Phase3,22410.00,23-03-2026 16:02:56,10080.00,23-03-2026 16:11:41,12330.00,Legacy/MSW,Kurnool_AP39VA7251_20260323_160339_1st_front.jpg,Kurnool_AP39VA7251_20260323_160336_1st_back.jpg,Kurnool_AP39VA7251_20260323_161215_2nd_front.jpg,Kurnool_AP39VA7251_20260323_161212_2nd_back.jpg,Mahesh,admin
23-03-2026,16:15:46,Kurnool,Saurashtra Enviro Projects Pvt. Ltd.,Legacy/MSW,T0603,AP27TZ1494,Phase3,24490.00,23-03-2026 16:06:18,10610.00,23-03-2026 16:15:17,13880.00,Legacy/MSW,Kurnool_AP27TZ1494_20260323_160654_1st_front.jpg,Kurnool_AP27TZ1494_20260323_160651_1st_back.jpg,Kurnool_AP27TZ1494_20260323_161537_2nd_front.jpg,Kurnool_AP27TZ1494_20260323_161538_2nd_back.jpg,Mahesh,admin
23-03-2026,16:24:18,Kurnool,Saurashtra Enviro Projects Pvt. Ltd.,Legacy/MSW,T0604,AP26TF2425,Phase3,26720.00,23-03-2026 16:08:05,10370.00,23-03-2026 16:24:00,16350.00,Legacy/MSW,Kurnool_AP26TF2425_20260323_160839_1st_front.jpg,Kurnool_AP26TF2425_20260323_160836_1st_back.jpg,Kurnool_AP26TF2425_20260323_162415_2nd_front.jpg,Kurnool_AP26TF2425_20260323_162416_2nd_back.jpg,Mahesh,admin
23-03-2026,16:37:45,Kurnool,Saurashtra Enviro Projects Pvt. Ltd.,Legacy/MSW,T0605,AP21TE4795,Phase3,28630.00,23-03-2026 16:13:12,10500.00,23-03-2026 16:37:19,18130.00,Legacy/MSW,Kurnool_AP21TE4795_20260323_161343_1st_front.jpg,Kurnool_AP21TE4795_20260323_161348_1st_back.jpg,Kurnool_AP21TE4795_20260323_163742_2nd_front.jpg,Kurnool_AP21TE4795_20260323_163743_2nd_back.jpg,Mahesh,admin
23-03-2026,16:41:49,Kurnool,Saurashtra Enviro Projects Pvt. Ltd.,Legacy/MSW,T0606,AP39UX6276,Phase3,21570.00,23-03-2026 16:17:11,10500.00,23-03-2026 16:41:13,11070.00,Legacy/MSW,Kurnool_AP39UX6276_20260323_161737_1st_front.jpg,Kurnool_AP39UX6276_20260323_161738_1st_back.jpg,Kurnool_AP39UX6276_20260323_164146_2nd_front.jpg,Kurnool_AP39UX6276_20260323_164143_2nd_back.jpg,Mahesh,admin
23-03-2026,16:49:13,Kurnool,Saurashtra Enviro Projects Pvt. Ltd.,Legacy/MSW,T0607,AP39VA7251,Phase3,25330.00,23-03-2026 16:27:14,10090.00,23-03-2026 16:48:30,15240.00,Legacy/MSW,Kurnool_AP39VA7251_20260323_162751_1st_front.jpg,Kurnool_AP39VA7251_20260323_162753_1st_back.jpg,Kurnool_AP39VA7251_20260323_164909_2nd_front.jpg,Kurnool_AP39VA7251_20260323_164911_2nd_back.jpg,Mahesh,admin
23-03-2026,16:55:32,Kurnool,Saurashtra Enviro Projects Pvt. Ltd.,Legacy/MSW,T0608,AP27TZ1494,Phase3,25800.00,23-03-2026 16:39:23,10380.00,23-03-2026 16:54:54,15420.00,Legacy/MSW,Kurnool_AP27TZ1494_20260323_164015_1st_front.jpg,Kurnool_AP27TZ1494_20260323_164012_1st_back.jpg,Kurnool_AP27TZ1494_20260323_165528_2nd_front.jpg,Kurnool_AP27TZ1494_20260323_165525_2nd_back.jpg,Mahesh,admin
23-03-2026,17:06:26,Kurnool,Saurashtra Enviro Projects Pvt. Ltd.,Legacy/MSW,T0609,AP26TF2425,Phase3,23230.00,23-03-2026 16:43:48,10210.00,23-03-2026 17:05:41,13020.00,Legacy/MSW,Kurnool_AP26TF2425_20260323_164351_1st_front.jpg,Kurnool_AP26TF2425_20260323_164352_1st_back.jpg,Kurnool_AP26TF2425_20260323_170624_2nd_front.jpg,Kurnool_AP26TF2425_20260323_170622_2nd_back.jpg,Mahesh,admin
23-03-2026,17:17:38,Kurnool,Saurashtra Enviro Projects Pvt. Ltd.,Legacy/MSW,T0610,AP21TE4795,Phase3,21090.00,23-03-2026 17:08:03,10440.00,23-03-2026 17:17:14,10650.00,Legacy/MSW,Kurnool_AP21TE4795_20260323_170839_1st_front.jpg,Kurnool_AP21TE4795_20260323_170837_1st_back.jpg,Kurnool_AP21TE4795_20260323_171735_2nd_front.jpg,Kurnool_AP21TE4795_20260323_171737_2nd_back.jpg,Mahesh,admin
23-03-2026,17:20:04,Kurnool,Saurashtra Enviro Projects Pvt. Ltd.,Legacy/MSW,T0611,AP39UX6276,Phase3,24720.00,23-03-2026 17:09:45,10490.00,23-03-2026 17:19:40,14230.00,Legacy/MSW,Kurnool_AP39UX6276_20260323_171011_1st_front.jpg,Kurnool_AP39UX6276_20260323_171006_1st_back.jpg,Kurnool_AP39UX6276_20260323_171959_2nd_front.jpg,Kurnool_AP39UX6276_20260323_172002_2nd_back.jpg,Mahesh,admin
23-03-2026,17:21:38,Kurnool,Saurashtra Enviro Projects Pvt. Ltd.,Legacy/MSW,T0612,AP39VA7251,Phase3,22730.00,23-03-2026 17:10:55,10250.00,23-03-2026 17:21:15,12480.00,Legacy/MSW,Kurnool_AP39VA7251_20260323_171122_1st_front.jpg,Kurnool_AP39VA7251_20260323_171125_1st_back.jpg,Kurnool_AP39VA7251_20260323_172134_2nd_front.jpg,Kurnool_AP39VA7251_20260323_172136_2nd_back.jpg,Mahesh,admin
23-03-2026,17:22:43,Kurnool,Saurashtra Enviro Projects Pvt. Ltd.,Legacy/MSW,T0613,AP27TZ1494,Phase3,22480.00,23-03-2026 17:12:49,10490.00,23-03-2026 17:22:22,11990.00,Legacy/MSW,Kurnool_AP27TZ1494_20260323_171301_1st_front.jpg,Kurnool_AP27TZ1494_20260323_171305_1st_back.jpg,Kurnool_AP27TZ1494_20260323_172240_2nd_front.jpg,Kurnool_AP27TZ1494_20260323_172242_2nd_back.jpg,Mahesh,admin
23-03-2026,17:31:42,Kurnool,Saurashtra Enviro Projects Pvt. Ltd.,Legacy/MSW,T0614,AP26TF2425,Phase3,27010.00,23-03-2026 17:24:23,10300.00,23-03-2026 17:31:32,16710.00,Legacy/MSW,Kurnool_AP26TF2425_20260323_172429_1st_front.jpg,Kurnool_AP26TF2425_20260323_172431_1st_back.jpg,Kurnool_AP26TF2425_20260323_173136_2nd_front.jpg,Kurnool_AP26TF2425_20260323_173138_2nd_back.jpg,Mahesh,admin
23-03-2026,17:39:10,Kurnool,Saurashtra Enviro Projects Pvt. Ltd.,Legacy/MSW,T0615,AP21TE4795,Phase3,26270.00,23-03-2026 17:30:39,10440.00,23-03-2026 17:39:02,15830.00,Legacy/MSW,Kurnool_AP21TE4795_20260323_173044_1st_front.jpg,Kurnool_AP21TE4795_20260323_173047_1st_back.jpg,Kurnool_AP21TE4795_20260323_173907_2nd_front.jpg,Kurnool_AP21TE4795_20260323_173909_2nd_back.jpg,Mahesh,admin
23-03-2026,17:55:37,Kurnool,Saurashtra Enviro Projects Pvt. Ltd.,Legacy/MSW,T0616,AP39UX6276,Phase3,27770.00,23-03-2026 17:40:34,10470.00,23-03-2026 17:55:09,17300.00,Legacy/MSW,Kurnool_AP39UX6276_20260323_174038_1st_front.jpg,Kurnool_AP39UX6276_20260323_174039_1st_back.jpg,Kurnool_AP39UX6276_20260323_175534_2nd_front.jpg,Kurnool_AP39UX6276_20260323_175535_2nd_back.jpg,Mahesh,admin
23-03-2026,18:00:16,Kurnool,Saurashtra Enviro Projects Pvt. Ltd.,Legacy/MSW,T0617,AP39VA7251,Phase3,22590.00,23-03-2026 17:50:22,10190.00,23-03-2026 17:59:42,12400.00,Legacy/MSW,Kurnool_AP39VA7251_20260323_175025_1st_front.jpg,Kurnool_AP39VA7251_20260323_175027_1st_back.jpg,Kurnool_AP39VA7251_20260323_180013_2nd_front.jpg,Kurnool_AP39VA7251_20260323_180014_2nd_back.jpg,Mahesh,admin
23-03-2026,18:05:13,Kurnool,Saurashtra Enviro Projects Pvt. Ltd.,Legacy/MSW,T0618,AP27TZ1494,Phase3,28190.00,23-03-2026 17:52:51,10560.00,23-03-2026 18:04:50,17630.00,Legacy/MSW,Kurnool_AP27TZ1494_20260323_175311_1st_front.jpg,Kurnool_AP27TZ1494_20260323_175313_1st_back.jpg,Kurnool_AP27TZ1494_20260323_180509_2nd_front.jpg,Kurnool_AP27TZ1494_20260323_180511_2nd_back.jpg,Mahesh,admin
23-03-2026,18:06:09,Kurnool,Saurashtra Enviro Projects Pvt. Ltd.,Legacy/MSW,T0619,AP26TF2425,Phase3,25420.00,23-03-2026 17:56:38,10240.00,23-03-2026 18:05:42,15180.00,Legacy/MSW,Kurnool_AP26TF2425_20260323_175643_1st_front.jpg,Kurnool_AP26TF2425_20260323_175646_1st_back.jpg,Kurnool_AP26TF2425_20260323_180605_2nd_front.jpg,Kurnool_AP26TF2425_20260323_180608_2nd_back.jpg,Mahesh,admin
23-03-2026,18:17:17,Kurnool,Saurashtra Enviro Projects Pvt. Ltd.,Legacy/MSW,T0620,AP21TE4795,Phase3,32380.00,23-03-2026 18:09:51,10320.00,23-03-2026 18:16:50,22060.00,Legacy/MSW,Kurnool_AP21TE4795_20260323_181008_1st_front.jpg,Kurnool_AP21TE4795_20260323_181011_1st_back.jpg,Kurnool_AP21TE4795_20260323_181713_2nd_front.jpg,Kurnool_AP21TE4795_20260323_181715_2nd_back.jpg,Mahesh,admin
23-03-2026,18:24:35,Kurnool,Saurashtra Enviro Projects Pvt. Ltd.,Legacy/MSW,T0621,AP39UX6276,Phase3,34680.00,23-03-2026 18:18:02,10390.00,23-03-2026 18:23:49,24290.00,Legacy/MSW,Kurnool_AP39UX6276_20260323_181824_1st_front.jpg,Kurnool_AP39UX6276_20260323_181826_1st_back.jpg,Kurnool_AP39UX6276_20260323_182428_2nd_front.jpg,Kurnool_AP39UX6276_20260323_182431_2nd_back.jpg,Mahesh,admin
23-03-2026,21:02:45,Kurnool,Saurashtra Enviro Projects Pvt. Ltd.,Legacy/MSW,T0622,AP27TZ1494,Phase3,25400.00,23-03-2026 20:37:36,10340.00,23-03-2026 21:02:01,15060.00,Legacy/MSW,Kurnool_AP27TZ1494_20260323_203740_1st_front.jpg,Kurnool_AP27TZ1494_20260323_203743_1st_back.jpg,Kurnool_AP27TZ1494_20260323_210241_2nd_front.jpg,Kurnool_AP27TZ1494_20260323_210243_2nd_back.jpg,Mahesh,admin
23-03-2026,21:06:16,Kurnool,Saurashtra Enviro Projects Pvt. Ltd.,Legacy/MSW,T0623,AP21TE4795,Phase3,24880.00,23-03-2026 20:40:19,10270.00,23-03-2026 21:05:58,14610.00,Legacy/MSW,Kurnool_AP21TE4795_20260323_204023_1st_front.jpg,Kurnool_AP21TE4795_20260323_204025_1st_back.jpg,Kurnool_AP21TE4795_20260323_210612_2nd_front.jpg,Kurnool_AP21TE4795_20260323_210614_2nd_back.jpg,Mahesh,admin
23-03-2026,21:45:38,Kurnool,Saurashtra Enviro Projects Pvt. Ltd.,Legacy/MSW,T0624,AP39UX6276,Phase3,22420.00,23-03-2026 21:31:43,10410.00,23-03-2026 21:45:10,12010.00,Legacy/MSW,Kurnool_AP39UX6276_20260323_213149_1st_front.jpg,Kurnool_AP39UX6276_20260323_213151_1st_back.jpg,Kurnool_AP39UX6276_20260323_214534_2nd_front.jpg,Kurnool_AP39UX6276_20260323_214536_2nd_back.jpg,Mahesh,admin
23-03-2026,21:55:02,Kurnool,Saurashtra Enviro Projects Pvt. Ltd.,Legacy/MSW,T0625,AP26TF2425,Phase3,25890.00,23-03-2026 21:40:59,10040.00,23-03-2026 21:54:28,15850.00,Legacy/MSW,Kurnool_AP26TF2425_20260323_214104_1st_front.jpg,Kurnool_AP26TF2425_20260323_214106_1st_back.jpg,Kurnool_AP26TF2425_20260323_215458_2nd_front.jpg,Kurnool_AP26TF2425_20260323_215500_2nd_back.jpg,Mahesh,admin
23-03-2026,22:04:01,Kurnool,Saurashtra Enviro Projects Pvt. Ltd.,Legacy/MSW,T0626,AP39VA7251,Phase3,20570.00,23-03-2026 21:43:35,10170.00,23-03-2026 22:03:27,10400.00,Legacy/MSW,Kurnool_AP39VA7251_20260323_214339_1st_front.jpg,Kurnool_AP39VA7251_20260323_214341_1st_back.jpg,Kurnool_AP39VA7251_20260323_220357_2nd_front.jpg,Kurnool_AP39VA7251_20260323_220359_2nd_back.jpg,Mahesh,admin
23-03-2026,22:05:13,Kurnool,Saurashtra Enviro Projects Pvt. Ltd.,Legacy/MSW,T0627,AP21TE4795,Phase3,23140.00,23-03-2026 21:49:24,10290.00,23-03-2026 22:04:38,12850.00,Legacy/MSW,Kurnool_AP21TE4795_20260323_214928_1st_front.jpg,Kurnool_AP21TE4795_20260323_214930_1st_back.jpg,Kurnool_AP21TE4795_20260323_220507_2nd_front.jpg,Kurnool_AP21TE4795_20260323_220510_2nd_back.jpg,Mahesh,admin
23-03-2026,22:09:15,Kurnool,Saurashtra Enviro Projects Pvt. Ltd.,Legacy/MSW,T0628,AP27TZ1494,Phase3,21410.00,23-03-2026 21:55:43,10270.00,23-03-2026 22:08:40,11140.00,Legacy/MSW,Kurnool_AP27TZ1494_20260323_215548_1st_front.jpg,Kurnool_AP27TZ1494_20260323_215550_1st_back.jpg,Kurnool_AP27TZ1494_20260323_220909_2nd_front.jpg,Kurnool_AP27TZ1494_20260323_220911_2nd_back.jpg,Mahesh,admin
23-03-2026,22:12:56,Kurnool,Saurashtra Enviro Projects Pvt. Ltd.,Legacy/MSW,T0629,AP39UX6276,Phase3,25640.00,23-03-2026 22:00:27,10370.00,23-03-2026 22:12:21,15270.00,Legacy/MSW,Kurnool_AP39UX6276_20260323_220033_1st_front.jpg,Kurnool_AP39UX6276_20260323_220035_1st_back.jpg,Kurnool_AP39UX6276_20260323_221251_2nd_front.jpg,Kurnool_AP39UX6276_20260323_221254_2nd_back.jpg,Mahesh,admin
23-03-2026,22:41:55,Kurnool,Saurashtra Enviro Projects Pvt. Ltd.,Legacy/MSW,T0630,AP26TF2425,Phase3,22480.00,23-03-2026 22:14:00,10110.00,23-03-2026 22:41:22,12370.00,Legacy/MSW,Kurnool_AP26TF2425_20260323_221406_1st_front.jpg,Kurnool_AP26TF2425_20260323_221408_1st_back.jpg,Kurnool_AP26TF2425_20260323_224150_2nd_front.jpg,Kurnool_AP26TF2425_20260323_224153_2nd_back.jpg,Mahesh,admin
23-03-2026,22:43:00,Kurnool,Saurashtra Enviro Projects Pvt. Ltd.,Legacy/MSW,T0631,AP39VA7251,Phase3,29590.00,23-03-2026 22:17:31,10210.00,23-03-2026 22:42:25,19380.00,Legacy/MSW,Kurnool_AP39VA7251_20260323_221738_1st_front.jpg,Kurnool_AP39VA7251_20260323_221740_1st_back.jpg,Kurnool_AP39VA7251_20260323_224255_2nd_front.jpg,Kurnool_AP39VA7251_20260323_224257_2nd_back.jpg,Mahesh,admin
23-03-2026,22:47:07,Kurnool,Saurashtra Enviro Projects Pvt. Ltd.,Legacy/MSW,T0632,AP21TE4795,Phase3,22490.00,23-03-2026 22:23:31,10300.00,23-03-2026 22:46:36,12190.00,Legacy/MSW,Kurnool_AP21TE4795_20260323_222336_1st_front.jpg,Kurnool_+_20260323_222338_1st_back.jpg,Kurnool_AP21TE4795_20260323_224701_2nd_front.jpg,Kurnool_AP21TE4795_20260323_224704_2nd_back.jpg,Mahesh,admin
23-03-2026,22:50:36,Kurnool,Saurashtra Enviro Projects Pvt. Ltd.,Legacy/MSW,T0633,AP27TZ1494,Phase3,33090.00,23-03-2026 22:28:15,10330.00,23-03-2026 22:50:04,22760.00,Legacy/MSW,Kurnool_AP27TZ1494_20260323_222821_1st_front.jpg,Kurnool_AP27TZ1494_20260323_222824_1st_back.jpg,Kurnool_AP27TZ1494_20260323_225031_2nd_front.jpg,Kurnool_AP27TZ1494_20260323_225033_2nd_back.jpg,Mahesh,admin
23-03-2026,23:02:18,Kurnool,Saurashtra Enviro Projects Pvt. Ltd.,Legacy/MSW,T0634,AP39UX6276,Phase3,24080.00,23-03-2026 22:44:40,10380.00,23-03-2026 23:01:19,13700.00,Legacy/MSW,Kurnool_AP39UX6276_20260323_224445_1st_front.jpg,Kurnool_AP39UX6276_20260323_224447_1st_back.jpg,Kurnool_AP39UX6276_20260323_230212_2nd_front.jpg,Kurnool_AP39UX6276_20260323_230216_2nd_back.jpg,Mahesh,admin
23-03-2026,23:20:58,Kurnool,Saurashtra Enviro Projects Pvt. Ltd.,Legacy/MSW,T0635,AP21TE4795,Phase3,31630.00,23-03-2026 23:03:50,10180.00,23-03-2026 23:20:15,21450.00,Legacy/MSW,Kurnool_AP21TE4795_20260323_230355_1st_front.jpg,Kurnool_AP21TE4795_20260323_230358_1st_back.jpg,Kurnool_AP21TE4795_20260323_232052_2nd_front.jpg,Kurnool_AP21TE4795_20260323_232055_2nd_back.jpg,Mahesh,admin
23-03-2026,23:28:59,Kurnool,Saurashtra Enviro Projects Pvt. Ltd.,Legacy/MSW,T0636,AP39VA7251,Phase3,20130.00,23-03-2026 23:05:44,10260.00,23-03-2026 23:28:08,9870.00,Legacy/MSW,Kurnool_AP39VA7251_20260323_230550_1st_front.jpg,Kurnool_AP39VA7251_20260323_230552_1st_back.jpg,Kurnool_AP39VA7251_20260323_232855_2nd_front.jpg,Kurnool_AP39VA7251_20260323_232857_2nd_back.jpg,Mahesh,admin
23-03-2026,23:33:01,Kurnool,Saurashtra Enviro Projects Pvt. Ltd.,Legacy/MSW,T0637,AP27TZ1494,Phase3,28290.00,23-03-2026 23:15:50,10480.00,23-03-2026 23:32:18,17810.00,Legacy/MSW,Kurnool_AP27TZ1494_20260323_231556_1st_front.jpg,Kurnool_AP27TZ1494_20260323_231558_1st_back.jpg,Kurnool_AP27TZ1494_20260323_233255_2nd_front.jpg,Kurnool_AP27TZ1494_20260323_233258_2nd_back.jpg,Mahesh,admin
24-03-2026,00:03:41,Kurnool,Saurashtra Enviro Projects Pvt. Ltd.,Legacy/MSW,T0638,AP21TE4795,Phase3,26000.00,23-03-2026 23:40:41,10280.00,24-03-2026 00:02:57,15720.00,Legacy/MSW,Kurnool_AP21TE4795_20260323_234045_1st_front.jpg,Kurnool_AP21TE4795_20260323_234048_1st_back.jpg,Kurnool_AP21TE4795_20260324_000336_2nd_front.jpg,Kurnool_AP21TE4795_20260324_000339_2nd_back.jpg,Mahesh,admin
24-03-2026,00:04:54,Kurnool,Saurashtra Enviro Projects Pvt. Ltd.,Legacy/MSW,T0639,AP26TF2425,Phase3,22280.00,23-03-2026 23:42:36,10120.00,24-03-2026 00:04:18,12160.00,Legacy/MSW,Kurnool_AP26TF2425_20260323_234240_1st_front.jpg,Kurnool_AP26TF2425_20260323_234242_1st_back.jpg,Kurnool_AP26TF2425_20260324_000450_2nd_front.jpg,Kurnool_AP26TF2425_20260324_000452_2nd_back.jpg,Mahesh,admin
24-03-2026,00:15:37,Kurnool,Saurashtra Enviro Projects Pvt. Ltd.,Legacy/MSW,T0640,AP39VA7251,Phase3,24240.00,23-03-2026 23:49:43,10240.00,24-03-2026 00:14:59,14000.00,Legacy/MSW,Kurnool_AP39VA7251_20260323_234951_1st_front.jpg,Kurnool_AP39VA7251_20260323_234953_1st_back.jpg,Kurnool_AP39VA7251_20260324_001532_2nd_front.jpg,Kurnool_AP39VA7251_20260324_001535_2nd_back.jpg,Mahesh,admin
24-03-2026,00:29:05,Kurnool,Saurashtra Enviro Projects Pvt. Ltd.,Legacy/MSW,T0641,AP39UX6276,Phase3,21620.00,23-03-2026 23:54:21,10380.00,24-03-2026 00:28:05,11240.00,Legacy/MSW,Kurnool_AP39UX6276_20260323_235426_1st_front.jpg,Kurnool_AP39UX6276_20260323_235428_1st_back.jpg,Kurnool_AP39UX6276_20260324_002859_2nd_front.jpg,Kurnool_AP39UX6276_20260324_002902_2nd_back.jpg,Mahesh,admin
24-03-2026,00:32:45,Kurnool,Saurashtra Enviro Projects Pvt. Ltd.,Legacy/MSW,T0642,AP27TZ1494,Phase3,21990.00,24-03-2026 00:09:54,10380.00,24-03-2026 00:32:12,11610.00,Legacy/MSW,Kurnool_AP27TZ1494_20260324_001000_1st_front.jpg,Kurnool_AP27TZ1494_20260324_001002_1st_back.jpg,Kurnool_AP27TZ1494_20260324_003240_2nd_front.jpg,Kurnool_AP27TZ1494_20260324_003243_2nd_back.jpg,Mahesh,admin
24-03-2026,00:37:01,Kurnool,Saurashtra Enviro Projects Pvt. Ltd.,Legacy/MSW,T0643,AP26TF2425,Phase3,27320.00,24-03-2026 00:18:36,10100.00,24-03-2026 00:36:19,17220.00,Legacy/MSW,Kurnool_AP26TF2425_20260324_001840_1st_front.jpg,Kurnool_AP26TF2425_20260324_001843_1st_back.jpg,Kurnool_AP26TF2425_20260324_003657_2nd_front.jpg,Kurnool_AP26TF2425_20260324_003659_2nd_back.jpg,Mahesh,admin
24-03-2026,00:41:00,Kurnool,Saurashtra Enviro Projects Pvt. Ltd.,Legacy/MSW,T0644,AP21TE4795,Phase3,22250.00,24-03-2026 00:19:50,10310.00,24-03-2026 00:40:05,11940.00,Legacy/MSW,Kurnool_AP21TE4795_20260324_001956_1st_front.jpg,Kurnool_AP21TE4795_20260324_001958_1st_back.jpg,Kurnool_AP21TE4795_20260324_004056_2nd_front.jpg,Kurnool_AP21TE4795_20260324_004058_2nd_back.jpg,Mahesh,admin
24-03-2026,00:50:52,Kurnool,Saurashtra Enviro Projects Pvt. Ltd.,Legacy/MSW,T0645,AP39VA7251,Phase3,22610.00,24-03-2026 00:30:53,10200.00,24-03-2026 00:50:11,12410.00,Legacy/MSW,Kurnool_AP39VA7251_20260324_003057_1st_front.jpg,Kurnool_AP39VA7251_20260324_003059_1st_back.jpg,Kurnool_AP39VA7251_20260324_005048_2nd_front.jpg,Kurnool_AP39VA7251_20260324_005050_2nd_back.jpg,Mahesh,admin
24-03-2026,01:06:12,Kurnool,Saurashtra Enviro Projects Pvt. Ltd.,Legacy/MSW,T0646,AP39UX6276,Phase3,21990.00,24-03-2026 00:48:08,10380.00,24-03-2026 01:05:37,11610.00,Legacy/MSW,Kurnool_AP39UX6276_20260324_004812_1st_front.jpg,Kurnool_AP39UX6276_20260324_004815_1st_back.jpg,Kurnool_AP39UX6276_20260324_010607_2nd_front.jpg,Kurnool_AP39UX6276_20260324_010610_2nd_back.jpg,Mahesh,admin
24-03-2026,01:09:47,Kurnool,Saurashtra Enviro Projects Pvt. Ltd.,Legacy/MSW,T0647,AP27TZ1494,Phase3,29390.00,24-03-2026 00:54:10,10390.00,24-03-2026 01:09:01,19000.00,Legacy/MSW,Kurnool_AP27TZ1494_20260324_005415_1st_front.jpg,Kurnool_AP27TZ1494_20260324_005418_1st_back.jpg,Kurnool_AP27TZ1494_20260324_010941_2nd_front.jpg,Kurnool_AP27TZ1494_20260324_010944_2nd_back.jpg,Mahesh,admin
24-03-2026,01:15:07,Kurnool,Saurashtra Enviro Projects Pvt. Ltd.,Legacy/MSW,T0648,AP26TF2425,Phase3,23460.00,24-03-2026 01:01:40,10140.00,24-03-2026 01:14:28,13320.00,Legacy/MSW,Kurnool_AP26TF2425_20260324_010146_1st_front.jpg,Kurnool_AP26TF2425_20260324_010149_1st_back.jpg,Kurnool_AP26TF2425_20260324_011502_2nd_front.jpg,Kurnool_AP26TF2425_20260324_011505_2nd_back.jpg,Mahesh,admin
24-03-2026,01:26:08,Kurnool,Saurashtra Enviro Projects Pvt. Ltd.,Legacy/MSW,T0649,AP39VA7251,Phase3,25540.00,24-03-2026 01:04:06,10260.00,24-03-2026 01:25:29,15280.00,Legacy/MSW,Kurnool_AP39VA7251_20260324_010410_1st_front.jpg,Kurnool_AP39VA7251_20260324_010412_1st_back.jpg,Kurnool_AP39VA7251_20260324_012602_2nd_front.jpg,Kurnool_AP39VA7251_20260324_012605_2nd_back.jpg,Mahesh,admin
24-03-2026,01:27:22,Kurnool,Saurashtra Enviro Projects Pvt. Ltd.,Legacy/MSW,T0650,AP21TE4795,Phase3,21710.00,24-03-2026 01:11:57,10290.00,24-03-2026 01:26:46,11420.00,Legacy/MSW,Kurnool_AP21TE4795_20260324_011202_1st_front.jpg,Kurnool_AP21TE4795_20260324_011205_1st_back.jpg,Kurnool_AP21TE4795_20260324_012717_2nd_front.jpg,Kurnool_AP21TE4795_20260324_012720_2nd_back.jpg,Mahesh,admin
24-03-2026,01:36:27,Kurnool,Saurashtra Enviro Projects Pvt. Ltd.,Legacy/MSW,T0651,AP27TZ1494,Phase3,27460.00,24-03-2026 01:23:16,10420.00,24-03-2026 01:35:50,17040.00,Legacy/MSW,Kurnool_AP27TZ1494_20260324_012321_1st_front.jpg,Kurnool_AP27TZ1494_20260324_012323_1st_back.jpg,Kurnool_AP27TZ1494_20260324_013622_2nd_front.jpg,Kurnool_AP27TZ1494_20260324_013624_2nd_back.jpg,Mahesh,admin
24-03-2026,01:49:20,Kurnool,Saurashtra Enviro Projects Pvt. Ltd.,Legacy/MSW,T0652,AP39UX6276,Phase3,21840.00,24-03-2026 01:33:11,10390.00,24-03-2026 01:48:37,11450.00,Legacy/MSW,Kurnool_AP39UX6276_20260324_013315_1st_front.jpg,Kurnool_AP39UX6276_20260324_013318_1st_back.jpg,Kurnool_AP39UX6276_20260324_014916_2nd_front.jpg,Kurnool_AP39UX6276_20260324_014918_2nd_back.jpg,Mahesh,admin
24-03-2026,01:56:15,Kurnool,Saurashtra Enviro Projects Pvt. Ltd.,Legacy/MSW,T0653,AP39VA7251,Phase3,23030.00,24-03-2026 01:39:32,10200.00,24-03-2026 01:55:39,12830.00,Legacy/MSW,Kurnool_AP39VA7251_20260324_013937_1st_front.jpg,Kurnool_AP39VA7251_20260324_013939_1st_back.jpg,Kurnool_AP39VA7251_20260324_015612_2nd_front.jpg,Kurnool_AP39VA7251_20260324_015613_2nd_back.jpg,Mahesh,admin
24-03-2026,02:04:23,Kurnool,Saurashtra Enviro Projects Pvt. Ltd.,Legacy/MSW,T0654,AP27TZ1494,Phase3,27070.00,24-03-2026 01:47:01,10400.00,24-03-2026 02:03:50,16670.00,Legacy/MSW,Kurnool_AP27TZ1494_20260324_014706_1st_front.jpg,Kurnool_AP27TZ1494_20260324_014707_1st_back.jpg,Kurnool_AP27TZ1494_20260324_020419_2nd_front.jpg,Kurnool_AP27TZ1494_20260324_020421_2nd_back.jpg,Mahesh,admin
24-03-2026,02:05:28,Kurnool,Saurashtra Enviro Projects Pvt. Ltd.,Legacy/MSW,T0655,AP26TF2425,Phase3,22740.00,24-03-2026 01:51:21,10110.00,24-03-2026 02:04:54,12630.00,Legacy/MSW,Kurnool_AP26TF2425_20260324_015125_1st_front.jpg,Kurnool_AP26TF2425_20260324_015127_1st_back.jpg,Kurnool_AP26TF2425_20260324_020524_2nd_front.jpg,Kurnool_AP26TF2425_20260324_020526_2nd_back.jpg,Mahesh,admin
24-03-2026,02:38:15,Kurnool,Saurashtra Enviro Projects Pvt. Ltd.,Legacy/MSW,T0656,AP21TE4795,Phase3,21910.00,24-03-2026 02:02:25,10330.00,24-03-2026 02:37:40,11580.00,Legacy/MSW,Kurnool_AP21TE4795_20260324_020230_1st_front.jpg,Kurnool_AP21TE4795_20260324_020232_1st_back.jpg,Kurnool_AP21TE4795_20260324_023810_2nd_front.jpg,Kurnool_AP21TE4795_20260324_023812_2nd_back.jpg,Mahesh,admin
24-03-2026,02:41:02,Kurnool,Saurashtra Enviro Projects Pvt. Ltd.,Legacy/MSW,T0657,AP39VA7251,Phase3,25830.00,24-03-2026 02:11:28,10220.00,24-03-2026 02:40:28,15610.00,Legacy/MSW,Kurnool_AP39VA7251_20260324_021132_1st_front.jpg,Kurnool_AP39VA7251_20260324_021134_1st_back.jpg,Kurnool_AP39VA7251_20260324_024057_2nd_front.jpg,Kurnool_AP39VA7251_20260324_024100_2nd_back.jpg,Mahesh,admin
24-03-2026,02:48:34,Kurnool,Saurashtra Enviro Projects Pvt. Ltd.,Legacy/MSW,T0658,AP27TZ1494,Phase3,26930.00,24-03-2026 02:17:38,10450.00,24-03-2026 02:47:54,16480.00,Legacy/MSW,Kurnool_AP27TZ1494_20260324_021742_1st_front.jpg,Kurnool_AP27TZ1494_20260324_021744_1st_back.jpg,Kurnool_AP27TZ1494_20260324_024830_2nd_front.jpg,Kurnool_AP27TZ1494_20260324_024832_2nd_back.jpg,Mahesh,admin
24-03-2026,03:04:03,Kurnool,Saurashtra Enviro Projects Pvt. Ltd.,Legacy/MSW,T0659,AP39UX6276,Phase3,22070.00,24-03-2026 02:29:12,10420.00,24-03-2026 03:03:36,11650.00,Legacy/MSW,Kurnool_AP39UX6276_20260324_022918_1st_front.jpg,Kurnool_AP39UX6276_20260324_022920_1st_back.jpg,Kurnool_AP39UX6276_20260324_030358_2nd_front.jpg,Kurnool_AP39UX6276_20260324_030400_2nd_back.jpg,Mahesh,admin
24-03-2026,03:06:35,Kurnool,Saurashtra Enviro Projects Pvt. Ltd.,Legacy/MSW,T0660,AP26TF2425,Phase3,24010.00,24-03-2026 02:51:03,10060.00,24-03-2026 03:05:59,13950.00,Legacy/MSW,Kurnool_AP26TF2425_20260324_025107_1st_front.jpg,Kurnool_AP26TF2425_20260324_025110_1st_back.jpg,Kurnool_AP26TF2425_20260324_030630_2nd_front.jpg,Kurnool_AP26TF2425_20260324_030632_2nd_back.jpg,Mahesh,admin
24-03-2026,03:12:59,Kurnool,Saurashtra Enviro Projects Pvt. Ltd.,Legacy/MSW,T0661,AP39VA7251,Phase3,22940.00,24-03-2026 02:55:00,10140.00,24-03-2026 03:12:24,12800.00,Legacy/MSW,Kurnool_AP39VA7251_20260324_025505_1st_front.jpg,Kurnool_AP39VA7251_20260324_025507_1st_back.jpg,Kurnool_AP39VA7251_20260324_031254_2nd_front.jpg,Kurnool_AP39VA7251_20260324_031256_2nd_back.jpg,Mahesh,admin
24-03-2026,03:14:47,Kurnool,Saurashtra Enviro Projects Pvt. Ltd.,Legacy/MSW,T0662,AP27TZ1494,Phase3,28140.00,24-03-2026 03:00:54,10450.00,24-03-2026 03:14:08,17690.00,Legacy/MSW,Kurnool_AP27TZ1494_20260324_030059_1st_front.jpg,Kurnool_AP27TZ1494_20260324_030102_1st_back.jpg,Kurnool_AP27TZ1494_20260324_031442_2nd_front.jpg,Kurnool_AP27TZ1494_20260324_031445_2nd_back.jpg,Mahesh,admin
24-03-2026,03:21:02,Kurnool,Saurashtra Enviro Projects Pvt. Ltd.,Legacy/MSW,T0663,AP21TE4795,Phase3,22050.00,24-03-2026 03:02:04,10330.00,24-03-2026 03:20:27,11720.00,Legacy/MSW,Kurnool_AP21TE4795_20260324_030208_1st_front.jpg,Kurnool_AP21TE4795_20260324_030211_1st_back.jpg,Kurnool_AP21TE4795_20260324_032058_2nd_front.jpg,Kurnool_AP21TE4795_20260324_032100_2nd_back.jpg,Mahesh,admin
24-03-2026,03:47:03,Kurnool,Saurashtra Enviro Projects Pvt. Ltd.,Legacy/MSW,T0664,AP39VA7251,Phase3,24500.00,24-03-2026 03:25:27,10200.00,24-03-2026 03:46:27,14300.00,Legacy/MSW,Kurnool_AP39VA7251_20260324_032531_1st_front.jpg,Kurnool_AP39VA7251_20260324_032534_1st_back.jpg,Kurnool_AP39VA7251_20260324_034658_2nd_front.jpg,Kurnool_AP39VA7251_20260324_034701_2nd_back.jpg,Mahesh,admin
24-03-2026,03:51:48,Kurnool,Saurashtra Enviro Projects Pvt. Ltd.,Legacy/MSW,T0665,AP39UX6276,Phase3,22570.00,24-03-2026 03:31:29,10450.00,24-03-2026 03:51:11,12120.00,Legacy/MSW,Kurnool_AP39UX6276_20260324_033134_1st_front.jpg,Kurnool_AP39UX6276_20260324_033136_1st_back.jpg,Kurnool_AP39UX6276_20260324_035142_2nd_front.jpg,Kurnool_AP39UX6276_20260324_035145_2nd_back.jpg,Mahesh,admin
24-03-2026,03:59:15,Kurnool,Saurashtra Enviro Projects Pvt. Ltd.,Legacy/MSW,T0666,AP21TE4795,Phase3,27980.00,24-03-2026 03:32:44,10330.00,24-03-2026 03:58:29,17650.00,Legacy/MSW,Kurnool_AP21TE4795_20260324_033248_1st_front.jpg,Kurnool_AP21TE4795_20260324_033251_1st_back.jpg,Kurnool_AP21TE4795_20260324_035909_2nd_front.jpg,Kurnool_AP21TE4795_20260324_035912_2nd_back.jpg,Mahesh,admin
24-03-2026,04:10:30,Kurnool,Saurashtra Enviro Projects Pvt. Ltd.,Legacy/MSW,T0667,AP26TF2425,Phase3,26190.00,24-03-2026 03:42:53,10170.00,24-03-2026 04:09:36,16020.00,Legacy/MSW,Kurnool_AP26TF2425_20260324_034257_1st_front.jpg,Kurnool_AP26TF2425_20260324_034259_1st_back.jpg,Kurnool_AP26TF2425_20260324_041025_2nd_front.jpg,Kurnool_AP26TF2425_20260324_041027_2nd_back.jpg,Mahesh,admin
24-03-2026,04:15:12,Kurnool,Saurashtra Enviro Projects Pvt. Ltd.,Legacy/MSW,T0668,AP27TZ1494,Phase3,23660.00,24-03-2026 04:00:50,10410.00,24-03-2026 04:14:33,13250.00,Legacy/MSW,Kurnool_AP27TZ1494_20260324_040055_1st_front.jpg,Kurnool_AP27TZ1494_20260324_040057_1st_back.jpg,Kurnool_AP27TZ1494_20260324_041506_2nd_front.jpg,Kurnool_AP27TZ1494_20260324_041509_2nd_back.jpg,Mahesh,admin
24-03-2026,04:31:25,Kurnool,Saurashtra Enviro Projects Pvt. Ltd.,Legacy/MSW,T0669,AP39VA7251,Phase3,25520.00,24-03-2026 04:04:29,10240.00,24-03-2026 04:30:43,15280.00,Legacy/MSW,Kurnool_AP39VA7251_20260324_040433_1st_front.jpg,Kurnool_AP39VA7251_20260324_040435_1st_back.jpg,Kurnool_AP39VA7251_20260324_043120_2nd_front.jpg,Kurnool_AP39VA7251_20260324_043123_2nd_back.jpg,Mahesh,admin
24-03-2026,04:57:29,Kurnool,Saurashtra Enviro Projects Pvt. Ltd.,Legacy/MSW,T0670,AP39UX6276,Phase3,23410.00,24-03-2026 04:13:09,10420.00,24-03-2026 04:56:54,12990.00,Legacy/MSW,Kurnool_AP39UX6276_20260324_041314_1st_front.jpg,Kurnool_AP39UX6276_20260324_041316_1st_back.jpg,Kurnool_AP39UX6276_20260324_045724_2nd_front.jpg,Kurnool_AP39UX6276_20260324_045726_2nd_back.jpg,Mahesh,admin
24-03-2026,04:58:54,Kurnool,Saurashtra Enviro Projects Pvt. Ltd.,Legacy/MSW,T0671,AP21TE4795,Phase3,26650.00,24-03-2026 04:18:24,10320.00,24-03-2026 04:58:17,16330.00,Legacy/MSW,Kurnool_AP21TE4795_20260324_041828_1st_front.jpg,Kurnool_AP21TE4795_20260324_041831_1st_back.jpg,Kurnool_AP21TE4795_20260324_045850_2nd_front.jpg,Kurnool_AP21TE4795_20260324_045852_2nd_back.jpg,Mahesh,admin
24-03-2026,05:06:36,Kurnool,Saurashtra Enviro Projects Pvt. Ltd.,Legacy/MSW,T0672,AP27TZ1494,Phase3,26170.00,24-03-2026 04:29:22,10370.00,24-03-2026 05:05:57,15800.00,Legacy/MSW,Kurnool_AP27TZ1494_20260324_042927_1st_front.jpg,Kurnool_AP27TZ1494_20260324_042930_1st_back.jpg,Kurnool_AP27TZ1494_20260324_050631_2nd_front.jpg,Kurnool_AP27TZ1494_20260324_050634_2nd_back.jpg,Mahesh,admin
24-03-2026,05:07:35,Kurnool,Saurashtra Enviro Projects Pvt. Ltd.,Legacy/MSW,T0673,AP26TF2425,Phase3,26420.00,24-03-2026 04:40:33,10140.00,24-03-2026 05:07:04,16280.00,Legacy/MSW,Kurnool_AP26TF2425_20260324_044038_1st_front.jpg,Kurnool_AP26TF2425_20260324_044041_1st_back.jpg,Kurnool_AP26TF2425_20260324_050731_2nd_front.jpg,Kurnool_AP26TF2425_20260324_050733_2nd_back.jpg,Mahesh,admin
24-03-2026,05:12:06,Kurnool,Saurashtra Enviro Projects Pvt. Ltd.,Legacy/MSW,T0674,AP39VA7251,Phase3,23750.00,24-03-2026 04:48:41,10110.00,24-03-2026 05:11:10,13640.00,Legacy/MSW,Kurnool_AP39VA7251_20260324_044845_1st_front.jpg,Kurnool_AP39VA7251_20260324_044848_1st_back.jpg,Kurnool_AP39VA7251_20260324_051202_2nd_front.jpg,Kurnool_AP39VA7251_20260324_051204_2nd_back.jpg,Mahesh,admin
24-03-2026,08:31:44,Kurnool,Saurashtra Enviro Projects Pvt. Ltd.,Legacy/MSW,T0675,AP39UX6276,Phase3,35250.00,24-03-2026 08:23:53,10460.00,24-03-2026 08:30:59,24790.00,Legacy/MSW,Kurnool_AP39UX6276_20260324_082358_1st_front.jpg,Kurnool_AP39UX6276_20260324_082400_1st_back.jpg,Kurnool_AP39UX6276_20260324_083107_2nd_front.jpg,Kurnool_AP39UX6276_20260324_083109_2nd_back.jpg,Mahesh,admin
24-03-2026,08:53:43,Kurnool,Saurashtra Enviro Projects Pvt. Ltd.,Legacy/MSW,T0676,AP39VA7251,Phase3,28880.00,24-03-2026 08:43:18,10230.00,24-03-2026 08:52:25,18650.00,Legacy/MSW,Kurnool_AP39VA7251_20260324_084323_1st_front.jpg,Kurnool_AP39VA7251_20260324_084325_1st_back.jpg,Kurnool_AP39VA7251_20260324_085229_2nd_front.jpg,Kurnool_AP39VA7251_20260324_085231_2nd_back.jpg,Mahesh,admin
24-03-2026,09:04:29,Kurnool,Saurashtra Enviro Projects Pvt. Ltd.,Legacy/MSW,T0677,AP21TE4795,Phase3,21720.00,24-03-2026 08:56:14,10200.00,24-03-2026 09:03:42,11520.00,Legacy/MSW,Kurnool_AP21TE4795_20260324_085623_1st_front.jpg,Kurnool_AP21TE4795_20260324_085626_1st_back.jpg,Kurnool_AP21TE4795_20260324_090346_2nd_front.jpg,Kurnool_AP21TE4795_20260324_090349_2nd_back.jpg,Mahesh,admin
24-03-2026,09:09:03,Kurnool,Saurashtra Enviro Projects Pvt. Ltd.,Legacy/MSW,T0678,AP27TZ1494,Phase3,24600.00,24-03-2026 09:01:08,10290.00,24-03-2026 09:08:18,14310.00,Legacy/MSW,Kurnool_AP27TZ1494_20260324_090114_1st_front.jpg,Kurnool_AP27TZ1494_20260324_090116_1st_back.jpg,Kurnool_AP27TZ1494_20260324_090822_2nd_front.jpg,Kurnool_AP27TZ1494_20260324_090824_2nd_back.jpg,Mahesh,admin
24-03-2026,09:15:55,Kurnool,Saurashtra Enviro Projects Pvt. Ltd.,Legacy/MSW,T0679,AP26TF2425,Phase3,24670.00,24-03-2026 09:07:30,10090.00,24-03-2026 09:15:23,14580.00,Legacy/MSW,Kurnool_AP26TF2425_20260324_090734_1st_front.jpg,Kurnool_AP26TF2425_20260324_090736_1st_back.jpg,Kurnool_AP26TF2425_20260324_091527_2nd_front.jpg,Kurnool_AP26TF2425_20260324_091529_2nd_back.jpg,Mahesh,admin
24-03-2026,09:20:08,Kurnool,Saurashtra Enviro Projects Pvt. Ltd.,Legacy/MSW,T0680,AP39UX6276,Phase3,23220.00,24-03-2026 09:13:27,10390.00,24-03-2026 09:19:38,12830.00,Legacy/MSW,Kurnool_AP39UX6276_20260324_091331_1st_front.jpg,Kurnool_AP39UX6276_20260324_091332_1st_back.jpg,Kurnool_AP39UX6276_20260324_091941_2nd_front.jpg,Kurnool_AP39UX6276_20260324_091943_2nd_back.jpg,Mahesh,admin
24-03-2026,09:28:19,Kurnool,Saurashtra Enviro Projects Pvt. Ltd.,Legacy/MSW,T0681,AP39VA7251,Phase3,24940.00,24-03-2026 09:20:35,10070.00,24-03-2026 09:27:45,14870.00,Legacy/MSW,Kurnool_AP39VA7251_20260324_092039_1st_front.jpg,Kurnool_AP39VA7251_20260324_092041_1st_back.jpg,Kurnool_AP39VA7251_20260324_092749_2nd_front.jpg,Kurnool_AP39VA7251_20260324_092751_2nd_back.jpg,Mahesh,admin
24-03-2026,09:32:44,Kurnool,Saurashtra Enviro Projects Pvt. Ltd.,Legacy/MSW,T0682,AP21TE4795,Phase3,22230.00,24-03-2026 09:25:50,10160.00,24-03-2026 09:32:01,12070.00,Legacy/MSW,Kurnool_AP21TE4795_20260324_092554_1st_front.jpg,Kurnool_AP21TE4795_20260324_092556_1st_back.jpg,Kurnool_AP21TE4795_20260324_093208_2nd_front.jpg,Kurnool_AP21TE4795_20260324_093212_2nd_back.jpg,Mahesh,admin
24-03-2026,09:38:15,Kurnool,Saurashtra Enviro Projects Pvt. Ltd.,Legacy/MSW,T0683,AP27TZ1494,Phase3,23720.00,24-03-2026 09:31:09,10180.00,24-03-2026 09:37:31,13540.00,Legacy/MSW,Kurnool_AP27TZ1494_20260324_093113_1st_front.jpg,Kurnool_AP27TZ1494_20260324_093117_1st_back.jpg,Kurnool_AP27TZ1494_20260324_093739_2nd_front.jpg,Kurnool_AP27TZ1494_20260324_093744_2nd_back.jpg,Mahesh,admin
24-03-2026,09:54:32,Kurnool,Saurashtra Enviro Projects Pvt. Ltd.,Legacy/MSW,T0684,AP26TF2425,Phase3,25380.00,24-03-2026 09:39:56,10080.00,24-03-2026 09:53:58,15300.00,Legacy/MSW,Kurnool_AP26TF2425_20260324_094002_1st_front.jpg,Kurnool_AP26TF2425_20260324_094006_1st_back.jpg,Kurnool_AP26TF2425_20260324_095404_2nd_front.jpg,Kurnool_AP26TF2425_20260324_095406_2nd_back.jpg,Mahesh,admin
24-03-2026,09:52:50,Kurnool,Saurashtra Enviro Projects Pvt. Ltd.,Legacy/MSW,T0685,AP39UX6276,Phase3,23320.00,24-03-2026 09:44:16,10340.00,24-03-2026 09:51:59,12980.00,Legacy/MSW,Kurnool_AP39UX6276_20260324_094426_1st_front.jpg,Kurnool_AP39UX6276_20260324_094430_1st_back.jpg,Kurnool_AP39UX6276_20260324_095208_2nd_front.jpg,Kurnool_AP39UX6276_20260324_095210_2nd_back.jpg,Mahesh,admin
24-03-2026,10:00:44,Kurnool,Saurashtra Enviro Projects Pvt. Ltd.,Legacy/MSW,T0686,AP39VA7251,Phase3,22800.00,24-03-2026 09:53:19,10090.00,24-03-2026 09:59:53,12710.00,Legacy/MSW,Kurnool_AP39VA7251_20260324_095326_1st_front.jpg,Kurnool_AP39VA7251_20260324_095327_1st_back.jpg,Kurnool_AP39VA7251_20260324_095959_2nd_front.jpg,Kurnool_AP39VA7251_20260324_100001_2nd_back.jpg,Mahesh,admin
24-03-2026,10:02:42,Kurnool,Saurashtra Enviro Projects Pvt. Ltd.,Legacy/MSW,T0687,AP27TZ1494,Phase3,22920.00,24-03-2026 09:56:04,10300.00,24-03-2026 10:02:03,12620.00,Legacy/MSW,Kurnool_AP27TZ1494_20260324_095611_1st_front.jpg,Kurnool_AP27TZ1494_20260324_095613_1st_back.jpg,Kurnool_AP27TZ1494_20260324_100209_2nd_front.jpg,Kurnool_AP27TZ1494_20260324_100211_2nd_back.jpg,Mahesh,admin
24-03-2026,10:15:13,Kurnool,Saurashtra Enviro Projects Pvt. Ltd.,Legacy/MSW,T0688,AP21TE4795,Phase3,23140.00,24-03-2026 10:03:00,10240.00,24-03-2026 10:14:15,12900.00,Legacy/MSW,Kurnool_AP21TE4795_20260324_100306_1st_front.jpg,Kurnool_AP21TE4795_20260324_100308_1st_back.jpg,Kurnool_AP21TE4795_20260324_101421_2nd_front.jpg,Kurnool_AP21TE4795_20260324_101422_2nd_back.jpg,Mahesh,admin
24-03-2026,10:28:16,Kurnool,Saurashtra Enviro Projects Pvt. Ltd.,Legacy/MSW,T0689,AP39UX6276,Phase3,22220.00,24-03-2026 10:11:08,10620.00,24-03-2026 10:27:31,11600.00,Legacy/MSW,Kurnool_AP39UX6276_20260324_101119_1st_front.jpg,Kurnool_AP39UX6276_20260324_101121_1st_back.jpg,Kurnool_AP39UX6276_20260324_102737_2nd_front.jpg,Kurnool_AP39UX6276_20260324_102739_2nd_back.jpg,Mahesh,admin
24-03-2026,10:26:35,Kurnool,Saurashtra Enviro Projects Pvt. Ltd.,Legacy/MSW,T0690,AP26TF2425,Phase3,23120.00,24-03-2026 10:16:54,10120.00,24-03-2026 10:25:46,13000.00,Legacy/MSW,Kurnool_AP26TF2425_20260324_101702_1st_front.jpg,Kurnool_AP26TF2425_20260324_101704_1st_back.jpg,Kurnool_AP26TF2425_20260324_102550_2nd_front.jpg,Kurnool_AP26TF2425_20260324_102552_2nd_back.jpg,Mahesh,admin
24-03-2026,10:53:28,Kurnool,Saurashtra Enviro Projects Pvt. Ltd.,Legacy/MSW,T0691,AP27TZ1494,Phase3,22020.00,24-03-2026 10:24:32,10800.00,24-03-2026 10:52:37,11220.00,Legacy/MSW,Kurnool_AP27TZ1494_20260324_102441_1st_front.jpg,Kurnool_AP27TZ1494_20260324_102443_1st_back.jpg,Kurnool_AP27TZ1494_20260324_105242_2nd_front.jpg,Kurnool_AP27TZ1494_20260324_105244_2nd_back.jpg,Mahesh,admin
24-03-2026,10:39:42,Kurnool,Saurashtra Enviro Projects Pvt. Ltd.,Legacy/MSW,T0692,AP39VA7251,Phase3,20880.00,24-03-2026 10:30:56,9990.00,24-03-2026 10:38:06,10890.00,Legacy/MSW,Kurnool_AP39VA7251_20260324_103103_1st_front.jpg,Kurnool_AP39VA7251_20260324_103105_1st_back.jpg,Kurnool_AP39VA7251_20260324_103812_2nd_front.jpg,Kurnool_AP39VA7251_20260324_103814_2nd_back.jpg,Mahesh,admin
24-03-2026,10:49:25,Kurnool,Saurashtra Enviro Projects Pvt. Ltd.,Legacy/MSW,T0693,AP21TE4795,Phase3,21400.00,24-03-2026 10:41:34,10170.00,24-03-2026 10:48:35,11230.00,Legacy/MSW,Kurnool_AP21TE4795_20260324_104142_1st_front.jpg,Kurnool_AP21TE4795_20260324_104145_1st_back.jpg,Kurnool_AP21TE4795_20260324_104843_2nd_front.jpg,Kurnool_AP21TE4795_20260324_104845_2nd_back.jpg,Mahesh,admin
24-03-2026,10:55:58,Kurnool,Saurashtra Enviro Projects Pvt. Ltd.,Legacy/MSW,T0694,AP26TF2425,Phase3,24400.00,24-03-2026 10:44:54,10430.00,24-03-2026 10:55:12,13970.00,Legacy/MSW,Kurnool_AP26TF2425_20260324_104500_1st_front.jpg,Kurnool_AP26TF2425_20260324_104502_1st_back.jpg,Kurnool_AP26TF2425_20260324_105520_2nd_front.jpg,Kurnool_AP26TF2425_20260324_105521_2nd_back.jpg,Mahesh,admin
24-03-2026,10:58:31,Kurnool,Saurashtra Enviro Projects Pvt. Ltd.,Legacy/MSW,T0695,AP39UX6276,Phase3,22490.00,24-03-2026 10:51:23,10820.00,24-03-2026 10:57:46,11670.00,Legacy/MSW,Kurnool_AP39UX6276_20260324_105129_1st_front.jpg,Kurnool_AP39UX6276_20260324_105130_1st_back.jpg,Kurnool_AP39UX6276_20260324_105756_2nd_front.jpg,Kurnool_AP39UX6276_20260324_105758_2nd_back.jpg,Mahesh,admin
24-03-2026,11:05:56,Kurnool,Saurashtra Enviro Projects Pvt. Ltd.,Legacy/MSW,T0696,AP39VA7251,Phase3,22710.00,24-03-2026 10:59:04,10330.00,24-03-2026 11:05:15,12380.00,Legacy/MSW,Kurnool_AP39VA7251_20260324_105910_1st_front.jpg,Kurnool_AP39VA7251_20260324_105913_1st_back.jpg,Kurnool_AP39VA7251_20260324_110521_2nd_front.jpg,Kurnool_AP39VA7251_20260324_110523_2nd_back.jpg,Mahesh,admin
24-03-2026,11:13:46,Kurnool,Saurashtra Enviro Projects Pvt. Ltd.,Legacy/MSW,T0697,AP21TE4795,Phase3,22600.00,24-03-2026 11:06:14,10340.00,24-03-2026 11:12:59,12260.00,Legacy/MSW,Kurnool_AP21TE4795_20260324_110623_1st_front.jpg,Kurnool_AP21TE4795_20260324_110624_1st_back.jpg,Kurnool_AP21TE4795_20260324_111305_2nd_front.jpg,Kurnool_AP21TE4795_20260324_111307_2nd_back.jpg,Mahesh,admin
24-03-2026,11:24:52,Kurnool,Saurashtra Enviro Projects Pvt. Ltd.,Legacy/MSW,T0698,AP27TZ1494,Phase3,22950.00,24-03-2026 11:14:06,10480.00,24-03-2026 11:23:48,12470.00,Legacy/MSW,Kurnool_AP27TZ1494_20260324_111413_1st_front.jpg,Kurnool_AP27TZ1494_20260324_111415_1st_back.jpg,Kurnool_AP27TZ1494_20260324_112447_2nd_front.jpg,Kurnool_AP27TZ1494_20260324_112450_2nd_back.jpg,Mahesh,admin
24-03-2026,11:29:42,Kurnool,Saurashtra Enviro Projects Pvt. Ltd.,Legacy/MSW,T0699,AP26TF2425,Phase3,24000.00,24-03-2026 11:19:10,10220.00,24-03-2026 11:28:53,13780.00,Legacy/MSW,Kurnool_AP26TF2425_20260324_111918_1st_front.jpg,Kurnool_AP26TF2425_20260324_111920_1st_back.jpg,Kurnool_AP26TF2425_20260324_112859_2nd_front.jpg,Kurnool_AP26TF2425_20260324_112901_2nd_back.jpg,Mahesh,admin
24-03-2026,11:34:56,Kurnool,Saurashtra Enviro Projects Pvt. Ltd.,Legacy/MSW,T0700,AP39UX6276,Phase3,21910.00,24-03-2026 11:27:44,10590.00,24-03-2026 11:33:47,11320.00,Legacy/MSW,Kurnool_AP39UX6276_20260324_112751_1st_front.jpg,Kurnool_AP39UX6276_20260324_112753_1st_back.jpg,Kurnool_AP39UX6276_20260324_113355_2nd_front.jpg,Kurnool_AP39UX6276_20260324_113357_2nd_back.jpg,Mahesh,admin
24-03-2026,12:41:01,Kurnool,Saurashtra Enviro Projects Pvt. Ltd.,Legacy/MSW,T0701,AP39VA7251,Phase3,21340.00,24-03-2026 11:32:12,10200.00,24-03-2026 12:40:30,11140.00,Legacy/MSW,Kurnool_AP39VA7251_20260324_113220_1st_front.jpg,Kurnool_AP39VA7251_20260324_113221_1st_back.jpg,Kurnool_AP39VA7251_20260324_124058_2nd_front.jpg,Kurnool_AP39VA7251_20260324_124059_2nd_back.jpg,Mahesh,admin
24-03-2026,11:52:30,Kurnool,Saurashtra Enviro Projects Pvt. Ltd.,Legacy/MSW,T0702,AP27TZ1494,Phase3,23680.00,24-03-2026 11:45:43,10950.00,24-03-2026 11:52:22,12730.00,Legacy/MSW,Kurnool_AP27TZ1494_20260324_114602_1st_front.jpg,Kurnool_AP27TZ1494_20260324_114605_1st_back.jpg,Kurnool_AP27TZ1494_20260324_115226_2nd_front.jpg,Kurnool_AP27TZ1494_20260324_115228_2nd_back.jpg,Mahesh,admin
24-03-2026,12:03:21,Kurnool,Saurashtra Enviro Projects Pvt. Ltd.,Legacy/MSW,T0703,AP26TF2425,Phase3,25530.00,24-03-2026 11:55:00,10410.00,24-03-2026 12:03:09,15120.00,Legacy/MSW,Kurnool_AP26TF2425_20260324_115504_1st_front.jpg,Kurnool_AP26TF2425_20260324_115505_1st_back.jpg,Kurnool_AP26TF2425_20260324_120317_2nd_front.jpg,Kurnool_AP26TF2425_20260324_120319_2nd_back.jpg,Mahesh,admin
24-03-2026,12:07:37,Kurnool,Saurashtra Enviro Projects Pvt. Ltd.,Legacy/MSW,T0704,AP39UX6276,Phase3,23890.00,24-03-2026 12:01:11,10550.00,24-03-2026 12:07:30,13340.00,Legacy/MSW,Kurnool_AP39UX6276_20260324_120115_1st_front.jpg,Kurnool_AP39UX6276_20260324_120117_1st_back.jpg,Kurnool_AP39UX6276_20260324_120733_2nd_front.jpg,Kurnool_AP39UX6276_20260324_120735_2nd_back.jpg,Mahesh,admin
24-03-2026,12:27:41,Kurnool,Saurashtra Enviro Projects Pvt. Ltd.,Legacy/MSW,T0705,AP27TZ1494,Phase3,22930.00,24-03-2026 12:20:21,10170.00,24-03-2026 12:27:34,12760.00,Legacy/MSW,Kurnool_AP27TZ1494_20260324_122025_1st_front.jpg,Kurnool_AP27TZ1494_20260324_122030_1st_back.jpg,Kurnool_AP27TZ1494_20260324_122739_2nd_front.jpg,Kurnool_AP27TZ1494_20260324_122740_2nd_back.jpg,Mahesh,admin
24-03-2026,12:35:38,Kurnool,Saurashtra Enviro Projects Pvt. Ltd.,Legacy/MSW,T0706,AP21TE4795,Phase3,22040.00,24-03-2026 12:22:47,10470.00,24-03-2026 12:35:32,11570.00,Legacy/MSW,Kurnool_AP21TE4795_20260324_122254_1st_front.jpg,Kurnool_AP21TE4795_20260324_122255_1st_back.jpg,Kurnool_AP21TE4795_20260324_123536_2nd_front.jpg,Kurnool_AP21TE4795_20260324_123537_2nd_back.jpg,Mahesh,admin
24-03-2026,12:48:19,Kurnool,Saurashtra Enviro Projects Pvt. Ltd.,Legacy/MSW,T0707,AP26TF2425,Phase3,24190.00,24-03-2026 12:28:31,10390.00,24-03-2026 12:48:05,13800.00,Legacy/MSW,Kurnool_AP26TF2425_20260324_122835_1st_front.jpg,Kurnool_AP26TF2425_20260324_122837_1st_back.jpg,Kurnool_AP26TF2425_20260324_124817_2nd_front.jpg,Kurnool_AP26TF2425_20260324_124818_2nd_back.jpg,Mahesh,admin
24-03-2026,12:51:55,Kurnool,Saurashtra Enviro Projects Pvt. Ltd.,Legacy/MSW,T0708,AP39UX6276,Phase3,24590.00,24-03-2026 12:34:49,10250.00,24-03-2026 12:51:51,14340.00,Legacy/MSW,Kurnool_AP39UX6276_20260324_123454_1st_front.jpg,Kurnool_AP39UX6276_20260324_123458_1st_back.jpg,Kurnool_AP39UX6276_20260324_125153_2nd_front.jpg,Kurnool_AP39UX6276_20260324_125154_2nd_back.jpg,Mahesh,admin
24-03-2026,12:55:05,Kurnool,Saurashtra Enviro Projects Pvt. Ltd.,Legacy/MSW,T0709,AP27TZ1494,Phase3,24030.00,24-03-2026 12:42:45,10260.00,24-03-2026 12:54:24,13770.00,Legacy/MSW,Kurnool_AP27TZ1494_20260324_124249_1st_front.jpg,Kurnool_AP27TZ1494_20260324_124250_1st_back.jpg,Kurnool_AP27TZ1494_20260324_125503_2nd_front.jpg,Kurnool_AP27TZ1494_20260324_125504_2nd_back.jpg,Mahesh,admin
24-03-2026,12:57:57,Kurnool,Saurashtra Enviro Projects Pvt. Ltd.,Legacy/MSW,T0710,AP21TE4795,Phase3,22010.00,24-03-2026 12:50:10,10010.00,24-03-2026 12:57:05,12000.00,Legacy/MSW,Kurnool_AP21TE4795_20260324_125013_1st_front.jpg,Kurnool_AP21TE4795_20260324_125014_1st_back.jpg,Kurnool_AP21TE4795_20260324_125752_2nd_front.jpg,Kurnool_AP21TE4795_20260324_125755_2nd_back.jpg,Mahesh,admin
24-03-2026,13:02:17,Kurnool,Saurashtra Enviro Projects Pvt. Ltd.,Legacy/MSW,T0711,AP39VA7251,Phase3,22390.00,24-03-2026 12:56:04,10100.00,24-03-2026 13:01:31,12290.00,Legacy/MSW,Kurnool_AP39VA7251_20260324_125609_1st_front.jpg,Kurnool_AP39VA7251_20260324_125610_1st_back.jpg,Kurnool_AP39VA7251_20260324_130214_2nd_front.jpg,Kurnool_AP39VA7251_20260324_130215_2nd_back.jpg,Mahesh,admin
24-03-2026,13:10:09,Kurnool,Saurashtra Enviro Projects Pvt. Ltd.,Legacy/MSW,T0712,AP26TF2425,Phase3,24340.00,24-03-2026 13:04:14,10210.00,24-03-2026 13:10:03,14130.00,Legacy/MSW,Kurnool_AP26TF2425_20260324_130417_1st_front.jpg,Kurnool_AP26TF2425_20260324_130419_1st_back.jpg,Kurnool_AP26TF2425_20260324_131006_2nd_front.jpg,Kurnool_AP26TF2425_20260324_131007_2nd_back.jpg,Mahesh,admin
24-03-2026,14:29:32,Kurnool,Saurashtra Enviro Projects Pvt. Ltd.,Legacy/MSW,T0713,AP39UX6276,Phase3,21810.00,24-03-2026 14:22:23,10520.00,24-03-2026 14:28:45,11290.00,Legacy/MSW,Kurnool_AP39UX6276_20260324_142229_1st_front.jpg,Kurnool_AP39UX6276_20260324_142232_1st_back.jpg,Kurnool_AP39UX6276_20260324_142852_2nd_front.jpg,Kurnool_AP39UX6276_20260324_142855_2nd_back.jpg,Mahesh,admin
24-03-2026,14:37:35,Kurnool,Saurashtra Enviro Projects Pvt. Ltd.,Legacy/MSW,T0714,AP21TE4795,Phase3,20410.00,24-03-2026 14:31:16,10050.00,24-03-2026 14:37:21,10360.00,Legacy/MSW,Kurnool_AP21TE4795_20260324_143122_1st_front.jpg,Kurnool_AP21TE4795_20260324_143124_1st_back.jpg,Kurnool_AP21TE4795_20260324_143727_2nd_front.jpg,Kurnool_AP21TE4795_20260324_143730_2nd_back.jpg,Mahesh,admin
24-03-2026,14:48:23,Kurnool,Saurashtra Enviro Projects Pvt. Ltd.,Legacy/MSW,T0715,AP27TZ1494,Phase3,21620.00,24-03-2026 14:40:59,10320.00,24-03-2026 14:48:01,11300.00,Legacy/MSW,Kurnool_AP27TZ1494_20260324_144109_1st_front.jpg,Kurnool_AP27TZ1494_20260324_144110_1st_back.jpg,Kurnool_AP27TZ1494_20260324_144819_2nd_front.jpg,Kurnool_AP27TZ1494_20260324_144821_2nd_back.jpg,Mahesh,admin
24-03-2026,14:55:00,Kurnool,Saurashtra Enviro Projects Pvt. Ltd.,Legacy/MSW,T0716,AP26TF2425,Phase3,21600.00,24-03-2026 14:46:57,10090.00,24-03-2026 14:54:48,11510.00,Legacy/MSW,Kurnool_AP26TF2425_20260324_144704_1st_front.jpg,Kurnool_AP26TF2425_20260324_144706_1st_back.jpg,Kurnool_AP26TF2425_20260324_145455_2nd_front.jpg,Kurnool_AP26TF2425_20260324_145456_2nd_back.jpg,Mahesh,admin
24-03-2026,15:06:16,Kurnool,Saurashtra Enviro Projects Pvt. Ltd.,Legacy/MSW,T0717,AP39VA7251,Phase3,21520.00,24-03-2026 14:58:22,10040.00,24-03-2026 15:05:43,11480.00,Legacy/MSW,Kurnool_AP39VA7251_20260324_145828_1st_front.jpg,Kurnool_AP39VA7251_20260324_145830_1st_back.jpg,Kurnool_AP39VA7251_20260324_150550_2nd_front.jpg,Kurnool_AP39VA7251_20260324_150553_2nd_back.jpg,Mahesh,admin
24-03-2026,15:10:23,Kurnool,Saurashtra Enviro Projects Pvt. Ltd.,Legacy/MSW,T0718,AP39UX6276,Phase3,21340.00,24-03-2026 15:04:33,10330.00,24-03-2026 15:09:50,11010.00,Legacy/MSW,Kurnool_AP39UX6276_20260324_150439_1st_front.jpg,Kurnool_AP39UX6276_20260324_150441_1st_back.jpg,Kurnool_AP39UX6276_20260324_150956_2nd_front.jpg,Kurnool_AP39UX6276_20260324_150958_2nd_back.jpg,Mahesh,admin
24-03-2026,15:19:22,Kurnool,Saurashtra Enviro Projects Pvt. Ltd.,Legacy/MSW,T0719,AP21TE4795,Phase3,20990.00,24-03-2026 15:11:04,10150.00,24-03-2026 15:19:07,10840.00,Legacy/MSW,Kurnool_AP21TE4795_20260324_151109_1st_front.jpg,Kurnool_AP21TE4795_20260324_151111_1st_back.jpg,Kurnool_AP21TE4795_20260324_151916_2nd_front.jpg,Kurnool_AP21TE4795_20260324_151919_2nd_back.jpg,Mahesh,admin
24-03-2026,15:28:30,Kurnool,Saurashtra Enviro Projects Pvt. Ltd.,Legacy/MSW,T0720,AP27TZ1494,Phase3,21100.00,24-03-2026 15:22:08,10330.00,24-03-2026 15:28:00,10770.00,Legacy/MSW,Kurnool_AP27TZ1494_20260324_152215_1st_front.jpg,Kurnool_AP27TZ1494_20260324_152217_1st_back.jpg,Kurnool_AP27TZ1494_20260324_152813_2nd_front.jpg,Kurnool_AP27TZ1494_20260324_152815_2nd_back.jpg,Mahesh,admin
24-03-2026,15:37:55,Kurnool,Saurashtra Enviro Projects Pvt. Ltd.,Legacy/MSW,T0721,AP26TF2425,Phase3,23890.00,24-03-2026 15:29:36,10000.00,24-03-2026 15:37:28,13890.00,Legacy/MSW,Kurnool_AP26TF2425_20260324_152940_1st_front.jpg,Kurnool_AP26TF2425_20260324_152943_1st_back.jpg,Kurnool_AP26TF2425_20260324_153750_2nd_front.jpg,Kurnool_AP26TF2425_20260324_153752_2nd_back.jpg,Mahesh,admin
24-03-2026,15:44:37,Kurnool,Saurashtra Enviro Projects Pvt. Ltd.,Legacy/MSW,T0722,AP39VA7251,Phase3,20390.00,24-03-2026 15:36:00,10070.00,24-03-2026 15:43:58,10320.00,Legacy/MSW,Kurnool_AP39VA7251_20260324_153606_1st_front.jpg,Kurnool_AP39VA7251_20260324_153608_1st_back.jpg,Kurnool_AP39VA7251_20260324_154406_2nd_front.jpg,Kurnool_AP39VA7251_20260324_154407_2nd_back.jpg,Mahesh,admin
24-03-2026,15:49:31,Kurnool,Saurashtra Enviro Projects Pvt. Ltd.,Legacy/MSW,T0723,AP21TE4795,Phase3,20040.00,24-03-2026 15:42:30,10170.00,24-03-2026 15:48:53,9870.00,Legacy/MSW,Kurnool_AP21TE4795_20260324_154246_1st_front.jpg,Kurnool_AP21TE4795_20260324_154248_1st_back.jpg,Kurnool_AP21TE4795_20260324_154902_2nd_front.jpg,Kurnool_AP21TE4795_20260324_154904_2nd_back.jpg,Mahesh,admin
24-03-2026,15:58:09,Kurnool,Saurashtra Enviro Projects Pvt. Ltd.,Legacy/MSW,T0724,AP39UX6276,Phase3,22290.00,24-03-2026 15:49:49,10330.00,24-03-2026 15:57:16,11960.00,Legacy/MSW,Kurnool_AP39UX6276_20260324_154956_1st_front.jpg,Kurnool_AP39UX6276_20260324_154958_1st_back.jpg,Kurnool_AP39UX6276_20260324_155729_2nd_front.jpg,Kurnool_AP39UX6276_20260324_155732_2nd_back.jpg,Mahesh,admin
24-03-2026,16:07:49,Kurnool,Saurashtra Enviro Projects Pvt. Ltd.,Legacy/MSW,T0725,AP26TF2425,Phase3,23620.00,24-03-2026 15:59:00,10070.00,24-03-2026 16:07:16,13550.00,Legacy/MSW,Kurnool_AP26TF2425_20260324_155908_1st_front.jpg,Kurnool_AP26TF2425_20260324_155910_1st_back.jpg,Kurnool_AP26TF2425_20260324_160721_2nd_front.jpg,Kurnool_AP26TF2425_20260324_160722_2nd_back.jpg,Mahesh,admin
24-03-2026,16:12:42,Kurnool,Saurashtra Enviro Projects Pvt. Ltd.,Legacy/MSW,T0726,AP39VA7251,Phase3,21440.00,24-03-2026 16:05:27,10120.00,24-03-2026 16:12:05,11320.00,Legacy/MSW,Kurnool_AP39VA7251_20260324_160546_1st_front.jpg,Kurnool_AP39VA7251_20260324_160547_1st_back.jpg,Kurnool_AP39VA7251_20260324_161214_2nd_front.jpg,Kurnool_AP39VA7251_20260324_161217_2nd_back.jpg,Mahesh,admin
24-03-2026,16:36:13,Kurnool,Saurashtra Enviro Projects Pvt. Ltd.,Legacy/MSW,T0727,AP27TZ1494,Phase3,23950.00,24-03-2026 16:30:30,10320.00,24-03-2026 16:36:00,13630.00,Legacy/MSW,Kurnool_AP27TZ1494_20260324_163037_1st_front.jpg,Kurnool_AP27TZ1494_20260324_163041_1st_back.jpg,Kurnool_AP27TZ1494_20260324_163607_2nd_front.jpg,Kurnool_AP27TZ1494_20260324_163609_2nd_back.jpg,Mahesh,admin
24-03-2026,16:45:49,Kurnool,Saurashtra Enviro Projects Pvt. Ltd.,Legacy/MSW,T0728,AP21TE4795,Phase3,23340.00,24-03-2026 16:38:49,10180.00,24-03-2026 16:45:10,13160.00,Legacy/MSW,Kurnool_AP21TE4795_20260324_163855_1st_front.jpg,Kurnool_AP21TE4795_20260324_163856_1st_back.jpg,Kurnool_AP21TE4795_20260324_164514_2nd_front.jpg,Kurnool_AP21TE4795_20260324_164516_2nd_back.jpg,Mahesh,admin
24-03-2026,16:53:06,Kurnool,Saurashtra Enviro Projects Pvt. Ltd.,Legacy/MSW,T0729,AP39UX6276,Phase3,22690.00,24-03-2026 16:46:03,10320.00,24-03-2026 16:52:28,12370.00,Legacy/MSW,Kurnool_AP39UX6276_20260324_164607_1st_front.jpg,Kurnool_AP39UX6276_20260324_164609_1st_back.jpg,Kurnool_AP39UX6276_20260324_165234_2nd_front.jpg,Kurnool_AP39UX6276_20260324_165235_2nd_back.jpg,Mahesh,admin
24-03-2026,17:01:59,Kurnool,Saurashtra Enviro Projects Pvt. Ltd.,Legacy/MSW,T0730,AP26TF2425,Phase3,23170.00,24-03-2026 16:53:29,10010.00,24-03-2026 17:01:30,13160.00,Legacy/MSW,Kurnool_AP26TF2425_20260324_165334_1st_front.jpg,Kurnool_AP26TF2425_20260324_165336_1st_back.jpg,Kurnool_AP26TF2425_20260324_170134_2nd_front.jpg,Kurnool_AP26TF2425_20260324_170137_2nd_back.jpg,Mahesh,admin
24-03-2026,17:07:35,Kurnool,Saurashtra Enviro Projects Pvt. Ltd.,Legacy/MSW,T0731,AP39VA7251,Phase3,22650.00,24-03-2026 17:00:44,10190.00,24-03-2026 17:07:11,12460.00,Legacy/MSW,Kurnool_AP39VA7251_20260324_170048_1st_front.jpg,Kurnool_AP39VA7251_20260324_170050_1st_back.jpg,Kurnool_AP39VA7251_20260324_170717_2nd_front.jpg,Kurnool_AP39VA7251_20260324_170719_2nd_back.jpg,Mahesh,admin
24-03-2026,17:14:59,Kurnool,Saurashtra Enviro Projects Pvt. Ltd.,Legacy/MSW,T0732,AP27TZ1494,Phase3,23030.00,24-03-2026 17:08:28,10250.00,24-03-2026 17:14:26,12780.00,Legacy/MSW,Kurnool_AP27TZ1494_20260324_170832_1st_front.jpg,Kurnool_AP27TZ1494_20260324_170833_1st_back.jpg,Kurnool_AP27TZ1494_20260324_171430_2nd_front.jpg,Kurnool_AP27TZ1494_20260324_171432_2nd_back.jpg,Mahesh,admin
24-03-2026,17:20:07,Kurnool,Saurashtra Enviro Projects Pvt. Ltd.,Legacy/MSW,T0733,AP21TE4795,Phase3,23140.00,24-03-2026 17:13:21,10160.00,24-03-2026 17:19:29,12980.00,Legacy/MSW,Kurnool_AP21TE4795_20260324_171325_1st_front.jpg,Kurnool_AP21TE4795_20260324_171327_1st_back.jpg,Kurnool_AP21TE4795_20260324_171933_2nd_front.jpg,Kurnool_AP21TE4795_20260324_171935_2nd_back.jpg,Mahesh,admin
24-03-2026,17:27:33,Kurnool,Saurashtra Enviro Projects Pvt. Ltd.,Legacy/MSW,T0734,AP39UX6276,Phase3,22840.00,24-03-2026 17:21:24,10360.00,24-03-2026 17:27:07,12480.00,Legacy/MSW,Kurnool_AP39UX6276_20260324_172130_1st_front.jpg,Kurnool_AP39UX6276_20260324_172131_1st_back.jpg,Kurnool_AP39UX6276_20260324_172712_2nd_front.jpg,Kurnool_AP39UX6276_20260324_172713_2nd_back.jpg,Mahesh,admin
24-03-2026,17:36:57,Kurnool,Saurashtra Enviro Projects Pvt. Ltd.,Legacy/MSW,T0735,AP26TF2425,Phase3,23040.00,24-03-2026 17:28:57,10070.00,24-03-2026 17:36:20,12970.00,Legacy/MSW,Kurnool_AP26TF2425_20260324_172902_1st_front.jpg,Kurnool_AP26TF2425_20260324_172904_1st_back.jpg,Kurnool_AP26TF2425_20260324_173625_2nd_front.jpg,Kurnool_AP26TF2425_20260324_173627_2nd_back.jpg,Mahesh,admin
24-03-2026,17:42:07,Kurnool,Saurashtra Enviro Projects Pvt. Ltd.,Legacy/MSW,T0736,AP39VA7251,Phase3,21330.00,24-03-2026 17:35:39,10220.00,24-03-2026 17:41:34,11110.00,Legacy/MSW,Kurnool_AP39VA7251_20260324_173542_1st_front.jpg,Kurnool_AP39VA7251_20260324_173544_1st_back.jpg,Kurnool_AP39VA7251_20260324_174138_2nd_front.jpg,Kurnool_AP39VA7251_20260324_174140_2nd_back.jpg,Mahesh,admin
24-03-2026,17:51:24,Kurnool,Saurashtra Enviro Projects Pvt. Ltd.,Legacy/MSW,T0737,AP27TZ1494,Phase3,22190.00,24-03-2026 17:42:26,10290.00,24-03-2026 17:50:40,11900.00,Legacy/MSW,Kurnool_AP27TZ1494_20260324_174230_1st_front.jpg,Kurnool_AP27TZ1494_20260324_174232_1st_back.jpg,Kurnool_AP27TZ1494_20260324_175045_2nd_front.jpg,Kurnool_AP27TZ1494_20260324_175046_2nd_back.jpg,Mahesh,admin
24-03-2026,17:55:23,Kurnool,Saurashtra Enviro Projects Pvt. Ltd.,Legacy/MSW,T0738,AP21TE4795,Phase3,21530.00,24-03-2026 17:48:13,10130.00,24-03-2026 17:54:49,11400.00,Legacy/MSW,Kurnool_AP21TE4795_20260324_174816_1st_front.jpg,Kurnool_AP21TE4795_20260324_174818_1st_back.jpg,Kurnool_AP21TE4795_20260324_175453_2nd_front.jpg,Kurnool_AP21TE4795_20260324_175456_2nd_back.jpg,Mahesh,admin
24-03-2026,18:02:33,Kurnool,Saurashtra Enviro Projects Pvt. Ltd.,Legacy/MSW,T0739,AP39UX6276,Phase3,22230.00,24-03-2026 17:55:39,10430.00,24-03-2026 18:01:57,11800.00,Legacy/MSW,Kurnool_AP39UX6276_20260324_175543_1st_front.jpg,Kurnool_AP39UX6276_20260324_175544_1st_back.jpg,Kurnool_AP39UX6276_20260324_180202_2nd_front.jpg,Kurnool_AP39UX6276_20260324_180203_2nd_back.jpg,Mahesh,admin
24-03-2026,18:09:29,Kurnool,Saurashtra Enviro Projects Pvt. Ltd.,Legacy/MSW,T0740,AP26TF2425,Phase3,22310.00,24-03-2026 18:02:46,10100.00,24-03-2026 18:09:09,12210.00,Legacy/MSW,Kurnool_AP26TF2425_20260324_180250_1st_front.jpg,Kurnool_AP26TF2425_20260324_180251_1st_back.jpg,Kurnool_AP26TF2425_20260324_180913_2nd_front.jpg,Kurnool_AP26TF2425_20260324_180914_2nd_back.jpg,Mahesh,admin
24-03-2026,18:15:00,Kurnool,Saurashtra Enviro Projects Pvt. Ltd.,Legacy/MSW,T0741,AP39VA7251,Phase3,21350.00,24-03-2026 18:06:35,10060.00,24-03-2026 18:11:43,11290.00,Legacy/MSW,Kurnool_AP39VA7251_20260324_180639_1st_front.jpg,Kurnool_AP39VA7251_20260324_180640_1st_back.jpg,Kurnool_AP39VA7251_20260324_181149_2nd_front.jpg,Kurnool_AP39VA7251_20260324_181151_2nd_back.jpg,Mahesh,admin
24-03-2026,20:49:07,Kurnool,Saurashtra Enviro Projects Pvt. Ltd.,Legacy/MSW,T0742,AP39UX6276,Phase3,28170.00,24-03-2026 20:41:13,10460.00,24-03-2026 20:48:35,17710.00,Legacy/MSW,Kurnool_AP39UX6276_20260324_204117_1st_front.jpg,Kurnool_AP39UX6276_20260324_204119_1st_back.jpg,Kurnool_AP39UX6276_20260324_204903_2nd_front.jpg,Kurnool_AP39UX6276_20260324_204905_2nd_back.jpg,Mahesh,admin
24-03-2026,20:54:32,Kurnool,Saurashtra Enviro Projects Pvt. Ltd.,Legacy/MSW,T0743,AP21TE4795,Phase3,28820.00,24-03-2026 20:46:25,10320.00,24-03-2026 20:54:00,18500.00,Legacy/MSW,Kurnool_AP21TE4795_20260324_204630_1st_front.jpg,Kurnool_AP21TE4795_20260324_204633_1st_back.jpg,Kurnool_AP21TE4795_20260324_205429_2nd_front.jpg,Kurnool_AP21TE4795_20260324_205431_2nd_back.jpg,Mahesh,admin
24-03-2026,21:09:41,Kurnool,Saurashtra Enviro Projects Pvt. Ltd.,Legacy/MSW,T0744,AP27TZ1494,Phase3,30250.00,24-03-2026 20:55:43,10440.00,24-03-2026 21:09:13,19810.00,Legacy/MSW,Kurnool_AP27TZ1494_20260324_205547_1st_front.jpg,Kurnool_AP27TZ1494_20260324_205548_1st_back.jpg,Kurnool_AP27TZ1494_20260324_210938_2nd_front.jpg,Kurnool_AP27TZ1494_20260324_210939_2nd_back.jpg,Mahesh,admin
24-03-2026,21:16:09,Kurnool,Saurashtra Enviro Projects Pvt. Ltd.,Legacy/MSW,T0745,AP26TF2425,Phase3,29970.00,24-03-2026 21:00:00,10210.00,24-03-2026 21:15:10,19760.00,Legacy/MSW,Kurnool_AP26TF2425_20260324_210006_1st_front.jpg,Kurnool_AP26TF2425_20260324_210008_1st_back.jpg,Kurnool_AP26TF2425_20260324_211556_2nd_front.jpg,Kurnool_AP26TF2425_20260324_211600_2nd_back.jpg,Mahesh,admin
24-03-2026,21:21:57,Kurnool,Saurashtra Enviro Projects Pvt. Ltd.,Legacy/MSW,T0746,AP39VA7251,Phase3,25910.00,24-03-2026 21:08:15,10390.00,24-03-2026 21:21:37,15520.00,Legacy/MSW,Kurnool_AP39VA7251_20260324_210818_1st_front.jpg,Kurnool_AP39VA7251_20260324_210820_1st_back.jpg,Kurnool_AP39VA7251_20260324_212153_2nd_front.jpg,Kurnool_AP39VA7251_20260324_212148_2nd_back.jpg,Mahesh,admin
24-03-2026,21:30:30,Kurnool,Saurashtra Enviro Projects Pvt. Ltd.,Legacy/MSW,T0747,AP39UX6276,Phase3,28460.00,24-03-2026 21:13:36,10340.00,24-03-2026 21:30:02,18120.00,Legacy/MSW,Kurnool_AP39UX6276_20260324_211349_1st_front.jpg,Kurnool_AP39UX6276_20260324_211354_1st_back.jpg,Kurnool_AP39UX6276_20260324_213021_2nd_front.jpg,Kurnool_AP39UX6276_20260324_213018_2nd_back.jpg,Mahesh,admin
24-03-2026,21:35:18,Kurnool,Saurashtra Enviro Projects Pvt. Ltd.,Legacy/MSW,T0748,AP21TE4795,Phase3,27210.00,24-03-2026 21:20:18,10330.00,24-03-2026 21:34:48,16880.00,Legacy/MSW,Kurnool_AP21TE4795_20260324_212039_1st_front.jpg,Kurnool_AP21TE4795_20260324_212034_1st_back.jpg,Kurnool_AP21TE4795_20260324_213509_2nd_front.jpg,Kurnool_AP21TE4795_20260324_213504_2nd_back.jpg,Mahesh,admin
24-03-2026,21:40:13,Kurnool,Saurashtra Enviro Projects Pvt. Ltd.,Legacy/MSW,T0749,AP27TZ1494,Phase3,28230.00,24-03-2026 21:26:33,10450.00,24-03-2026 21:39:54,17780.00,Legacy/MSW,Kurnool_AP27TZ1494_20260324_212651_1st_front.jpg,Kurnool_AP27TZ1494_20260324_212656_1st_back.jpg,Kurnool_AP27TZ1494_20260324_214008_2nd_front.jpg,Kurnool_AP27TZ1494_20260324_214004_2nd_back.jpg,Mahesh,admin
24-03-2026,21:54:44,Kurnool,Saurashtra Enviro Projects Pvt. Ltd.,Legacy/MSW,T0750,AP26TF2425,Phase3,29300.00,24-03-2026 21:32:25,10210.00,24-03-2026 21:54:22,19090.00,Legacy/MSW,Kurnool_AP26TF2425_20260324_213240_1st_front.jpg,Kurnool_AP26TF2425_20260324_213236_1st_back.jpg,Kurnool_AP26TF2425_20260324_215435_2nd_front.jpg,Kurnool_AP26TF2425_20260324_215431_2nd_back.jpg,Mahesh,admin
24-03-2026,22:02:24,Kurnool,Saurashtra Enviro Projects Pvt. Ltd.,Legacy/MSW,T0751,AP39VA7251,Phase3,27380.00,24-03-2026 21:37:40,10230.00,24-03-2026 22:02:03,17150.00,Legacy/MSW,Kurnool_AP39VA7251_20260324_213754_1st_front.jpg,Kurnool_AP39VA7251_20260324_213750_1st_back.jpg,Kurnool_AP39VA7251_20260324_220216_2nd_front.jpg,Kurnool_AP39VA7251_20260324_220212_2nd_back.jpg,Mahesh,admin
24-03-2026,22:06:57,Kurnool,Saurashtra Enviro Projects Pvt. Ltd.,Legacy/MSW,T0752,AP39UX6276,Phase3,26090.00,24-03-2026 21:43:53,10440.00,24-03-2026 22:06:40,15650.00,Legacy/MSW,Kurnool_AP39UX6276_20260324_214409_1st_front.jpg,Kurnool_AP39UX6276_20260324_214405_1st_back.jpg,Kurnool_AP39UX6276_20260324_220652_2nd_front.jpg,Kurnool_AP39UX6276_20260324_220649_2nd_back.jpg,Mahesh,admin
24-03-2026,22:11:02,Kurnool,Saurashtra Enviro Projects Pvt. Ltd.,Legacy/MSW,T0753,AP21TE4795,Phase3,29000.00,24-03-2026 21:51:28,10310.00,24-03-2026 22:10:42,18690.00,Legacy/MSW,Kurnool_AP21TE4795_20260324_215145_1st_front.jpg,Kurnool_AP21TE4795_20260324_215140_1st_back.jpg,Kurnool_AP21TE4795_20260324_221055_2nd_front.jpg,Kurnool_AP21TE4795_20260324_221051_2nd_back.jpg,Mahesh,admin
24-03-2026,22:19:05,Kurnool,Saurashtra Enviro Projects Pvt. Ltd.,Legacy/MSW,T0754,AP27TZ1494,Phase3,29630.00,24-03-2026 21:59:52,10450.00,24-03-2026 22:18:27,19180.00,Legacy/MSW,Kurnool_AP27TZ1494_20260324_220006_1st_front.jpg,Kurnool_AP27TZ1494_20260324_220001_1st_back.jpg,Kurnool_AP27TZ1494_20260324_221859_2nd_front.jpg,Kurnool_AP27TZ1494_20260324_221855_2nd_back.jpg,Mahesh,admin
24-03-2026,22:31:38,Kurnool,Saurashtra Enviro Projects Pvt. Ltd.,Legacy/MSW,T0755,AP26TF2425,Phase3,30380.00,24-03-2026 22:09:10,10190.00,24-03-2026 22:31:03,20190.00,Legacy/MSW,Kurnool_AP26TF2425_20260324_220922_1st_front.jpg,Kurnool_AP26TF2425_20260324_220918_1st_back.jpg,Kurnool_AP26TF2425_20260324_223131_2nd_front.jpg,Kurnool_AP26TF2425_20260324_223127_2nd_back.jpg,Mahesh,admin
24-03-2026,22:40:49,Kurnool,Saurashtra Enviro Projects Pvt. Ltd.,Legacy/MSW,T0756,AP39VA7251,Phase3,25940.00,24-03-2026 22:16:27,10180.00,24-03-2026 22:40:29,15760.00,Legacy/MSW,Kurnool_AP39VA7251_20260324_221639_1st_front.jpg,Kurnool_AP39VA7251_20260324_221636_1st_back.jpg,Kurnool_AP39VA7251_20260324_224042_2nd_front.jpg,Kurnool_AP39VA7251_20260324_224039_2nd_back.jpg,Mahesh,admin
24-03-2026,22:46:22,Kurnool,Saurashtra Enviro Projects Pvt. Ltd.,Legacy/MSW,T0757,AP39UX6276,Phase3,26710.00,24-03-2026 22:22:30,10440.00,24-03-2026 22:46:01,16270.00,Legacy/MSW,Kurnool_AP39UX6276_20260324_222244_1st_front.jpg,Kurnool_AP39UX6276_20260324_222241_1st_back.jpg,Kurnool_AP39UX6276_20260324_224615_2nd_front.jpg,Kurnool_AP39UX6276_20260324_224612_2nd_back.jpg,Mahesh,admin
24-03-2026,22:52:59,Kurnool,Saurashtra Enviro Projects Pvt. Ltd.,Legacy/MSW,T0758,AP21TE4795,Phase3,28240.00,24-03-2026 22:33:07,10320.00,24-03-2026 22:52:42,17920.00,Legacy/MSW,Kurnool_AP21TE4795_20260324_223319_1st_front.jpg,Kurnool_AP21TE4795_20260324_223315_1st_back.jpg,Kurnool_AP21TE4795_20260324_225256_2nd_front.jpg,Kurnool_AP21TE4795_20260324_225251_2nd_back.jpg,Mahesh,admin
24-03-2026,23:00:58,Kurnool,Saurashtra Enviro Projects Pvt. Ltd.,Legacy/MSW,T0759,AP27TZ1494,Phase3,27660.00,24-03-2026 22:38:23,10510.00,24-03-2026 23:00:37,17150.00,Legacy/MSW,Kurnool_AP27TZ1494_20260324_223837_1st_front.jpg,Kurnool_AP27TZ1494_20260324_223832_1st_back.jpg,Kurnool_AP27TZ1494_20260324_230055_2nd_front.jpg,Kurnool_AP27TZ1494_20260324_230051_2nd_back.jpg,Mahesh,admin
24-03-2026,23:31:49,Kurnool,Saurashtra Enviro Projects Pvt. Ltd.,Legacy/MSW,T0760,AP26TF2425,Phase3,25100.00,24-03-2026 22:49:31,10150.00,24-03-2026 23:31:31,14950.00,Legacy/MSW,Kurnool_AP26TF2425_20260324_224945_1st_front.jpg,Kurnool_AP26TF2425_20260324_224941_1st_back.jpg,Kurnool_AP26TF2425_20260324_233144_2nd_front.jpg,Kurnool_AP26TF2425_20260324_233140_2nd_back.jpg,Mahesh,admin
24-03-2026,23:41:28,Kurnool,Saurashtra Enviro Projects Pvt. Ltd.,Legacy/MSW,T0761,AP39VA7251,Phase3,20970.00,24-03-2026 22:54:12,10220.00,24-03-2026 23:40:56,10750.00,Legacy/MSW,Kurnool_AP39VA7251_20260324_225427_1st_front.jpg,Kurnool_AP39VA7251_20260324_225423_1st_back.jpg,Kurnool_AP39VA7251_20260324_234125_2nd_front.jpg,Kurnool_AP39VA7251_20260324_234127_2nd_back.jpg,Mahesh,admin
24-03-2026,23:46:40,Kurnool,Saurashtra Enviro Projects Pvt. Ltd.,Legacy/MSW,T0762,AP39UX6276,Phase3,25860.00,24-03-2026 23:29:09,10470.00,24-03-2026 23:46:05,15390.00,Legacy/MSW,Kurnool_AP39UX6276_20260324_232924_1st_front.jpg,Kurnool_AP39UX6276_20260324_232918_1st_back.jpg,Kurnool_AP39UX6276_20260324_234636_2nd_front.jpg,Kurnool_AP39UX6276_20260324_234639_2nd_back.jpg,Mahesh,admin
24-03-2026,23:51:17,Kurnool,Saurashtra Enviro Projects Pvt. Ltd.,Legacy/MSW,T0763,AP21TE4795,Phase3,21410.00,24-03-2026 23:38:43,10320.00,24-03-2026 23:50:11,11090.00,Legacy/MSW,Kurnool_AP21TE4795_20260324_233849_1st_front.jpg,Kurnool_AP21TE4795_20260324_233852_1st_back.jpg,Kurnool_AP21TE4795_20260324_235114_2nd_front.jpg,Kurnool_AP21TE4795_20260324_235116_2nd_back.jpg,Mahesh,admin
25-03-2026,00:00:26,Kurnool,Saurashtra Enviro Projects Pvt. Ltd.,Legacy/MSW,T0764,AP26TF2425,Phase3,26050.00,24-03-2026 23:48:33,10190.00,25-03-2026 00:00:16,15860.00,Legacy/MSW,Kurnool_AP26TF2425_20260324_234837_1st_front.jpg,Kurnool_AP26TF2425_20260324_234839_1st_back.jpg,Kurnool_AP26TF2425_20260325_000022_2nd_front.jpg,Kurnool_AP26TF2425_20260325_000024_2nd_back.jpg,Mahesh,admin
25-03-2026,00:12:21,Kurnool,Saurashtra Enviro Projects Pvt. Ltd.,Legacy/MSW,T0765,AP27TZ1494,Phase3,24500.00,24-03-2026 23:59:22,10430.00,25-03-2026 00:11:48,14070.00,Legacy/MSW,Kurnool_AP27TZ1494_20260324_235927_1st_front.jpg,Kurnool_AP27TZ1494_20260324_235928_1st_back.jpg,Kurnool_AP27TZ1494_20260325_001217_2nd_front.jpg,Kurnool_AP27TZ1494_20260325_001219_2nd_back.jpg,Mahesh,admin
25-03-2026,00:21:48,Kurnool,Saurashtra Enviro Projects Pvt. Ltd.,Legacy/MSW,T0766,AP39VA7251,Phase3,23550.00,25-03-2026 00:06:41,10210.00,25-03-2026 00:21:17,13340.00,Legacy/MSW,Kurnool_AP39VA7251_20260325_000648_1st_front.jpg,Kurnool_AP39VA7251_20260325_000657_1st_back.jpg,Kurnool_AP39VA7251_20260325_002144_2nd_front.jpg,Kurnool_AP39VA7251_20260325_002146_2nd_back.jpg,Mahesh,admin
25-03-2026,00:27:42,Kurnool,Saurashtra Enviro Projects Pvt. Ltd.,Legacy/MSW,T0767,AP39UX6276,Phase3,27590.00,25-03-2026 00:14:55,10450.00,25-03-2026 00:27:12,17140.00,Legacy/MSW,Kurnool_AP39UX6276_20260325_001500_1st_front.jpg,Kurnool_AP39UX6276_20260325_001501_1st_back.jpg,Kurnool_AP39UX6276_20260325_002739_2nd_front.jpg,Kurnool_AP39UX6276_20260325_002740_2nd_back.jpg,Mahesh,admin
25-03-2026,00:30:11,Kurnool,Saurashtra Enviro Projects Pvt. Ltd.,Legacy/MSW,T0768,AP21TE4795,Phase3,23820.00,25-03-2026 00:18:19,10320.00,25-03-2026 00:29:44,13500.00,Legacy/MSW,Kurnool_AP21TE4795_20260325_001824_1st_front.jpg,Kurnool_AP21TE4795_20260325_001827_1st_back.jpg,Kurnool_AP21TE4795_20260325_003009_2nd_front.jpg,Kurnool_AP21TE4795_20260325_003010_2nd_back.jpg,Mahesh,admin
25-03-2026,00:41:58,Kurnool,Saurashtra Enviro Projects Pvt. Ltd.,Legacy/MSW,T0769,AP26TF2425,Phase3,27030.00,25-03-2026 00:24:51,10200.00,25-03-2026 00:41:28,16830.00,Legacy/MSW,Kurnool_AP26TF2425_20260325_002455_1st_front.jpg,Kurnool_AP26TF2425_20260325_002456_1st_back.jpg,Kurnool_AP26TF2425_20260325_004156_2nd_front.jpg,Kurnool_AP26TF2425_20260325_004157_2nd_back.jpg,Mahesh,admin
25-03-2026,00:43:24,Kurnool,Saurashtra Enviro Projects Pvt. Ltd.,Legacy/MSW,T0770,AP27TZ1494,Phase3,25480.00,25-03-2026 00:25:47,10420.00,25-03-2026 00:42:53,15060.00,Legacy/MSW,Kurnool_AP27TZ1494_20260325_002550_1st_front.jpg,Kurnool_AP27TZ1494_20260325_002552_1st_back.jpg,Kurnool_AP27TZ1494_20260325_004321_2nd_front.jpg,Kurnool_AP27TZ1494_20260325_004322_2nd_back.jpg,Mahesh,admin
25-03-2026,00:48:57,Kurnool,Saurashtra Enviro Projects Pvt. Ltd.,Legacy/MSW,T0771,AP39VA7251,Phase3,25970.00,25-03-2026 00:39:59,10220.00,25-03-2026 00:48:26,15750.00,Legacy/MSW,Kurnool_AP39VA7251_20260325_004002_1st_front.jpg,Kurnool_AP39VA7251_20260325_004004_1st_back.jpg,Kurnool_AP39VA7251_20260325_004854_2nd_front.jpg,Kurnool_AP39VA7251_20260325_004856_2nd_back.jpg,Mahesh,admin
25-03-2026,00:58:23,Kurnool,Saurashtra Enviro Projects Pvt. Ltd.,Legacy/MSW,T0772,AP39UX6276,Phase3,25590.00,25-03-2026 00:47:03,10460.00,25-03-2026 00:57:53,15130.00,Legacy/MSW,Kurnool_AP39UX6276_20260325_004707_1st_front.jpg,Kurnool_AP39UX6276_20260325_004708_1st_back.jpg,Kurnool_AP39UX6276_20260325_005820_2nd_front.jpg,Kurnool_AP39UX6276_20260325_005821_2nd_back.jpg,Mahesh,admin
25-03-2026,01:04:30,Kurnool,Saurashtra Enviro Projects Pvt. Ltd.,Legacy/MSW,T0773,AP21TE4795,Phase3,26470.00,25-03-2026 00:51:35,10330.00,25-03-2026 01:04:05,16140.00,Legacy/MSW,Kurnool_AP21TE4795_20260325_005139_1st_front.jpg,Kurnool_AP21TE4795_20260325_005141_1st_back.jpg,Kurnool_AP21TE4795_20260325_010426_2nd_front.jpg,Kurnool_AP21TE4795_20260325_010428_2nd_back.jpg,Mahesh,admin
25-03-2026,01:09:33,Kurnool,Saurashtra Enviro Projects Pvt. Ltd.,Legacy/MSW,T0774,AP26TF2425,Phase3,27770.00,25-03-2026 00:55:09,10200.00,25-03-2026 01:08:49,17570.00,Legacy/MSW,Kurnool_AP26TF2425_20260325_005523_1st_front.jpg,Kurnool_AP26TF2425_20260325_005525_1st_back.jpg,Kurnool_AP26TF2425_20260325_010929_2nd_front.jpg,Kurnool_AP26TF2425_20260325_010931_2nd_back.jpg,Mahesh,admin
25-03-2026,01:15:33,Kurnool,Saurashtra Enviro Projects Pvt. Ltd.,Legacy/MSW,T0775,AP27TZ1494,Phase3,27290.00,25-03-2026 01:01:04,10410.00,25-03-2026 01:15:04,16880.00,Legacy/MSW,Kurnool_AP27TZ1494_20260325_010108_1st_front.jpg,Kurnool_AP27TZ1494_20260325_010111_1st_back.jpg,Kurnool_AP27TZ1494_20260325_011529_2nd_front.jpg,Kurnool_AP27TZ1494_20260325_011531_2nd_back.jpg,Mahesh,admin
25-03-2026,01:23:31,Kurnool,Saurashtra Enviro Projects Pvt. Ltd.,Legacy/MSW,T0776,AP39VA7251,Phase3,22790.00,25-03-2026 01:03:14,10200.00,25-03-2026 01:23:23,12590.00,Legacy/MSW,Kurnool_AP39VA7251_20260325_010317_1st_front.jpg,Kurnool_AP39VA7251_20260325_010318_1st_back.jpg,Kurnool_AP39VA7251_20260325_012326_2nd_front.jpg,Kurnool_AP39VA7251_20260325_012328_2nd_back.jpg,Mahesh,admin
25-03-2026,01:27:47,Kurnool,Saurashtra Enviro Projects Pvt. Ltd.,Legacy/MSW,T0777,AP39UX6276,Phase3,25650.00,25-03-2026 01:12:57,10410.00,25-03-2026 01:27:20,15240.00,Legacy/MSW,Kurnool_AP39UX6276_20260325_011301_1st_front.jpg,Kurnool_AP39UX6276_20260325_011303_1st_back.jpg,Kurnool_AP39UX6276_20260325_012744_2nd_front.jpg,Kurnool_AP39UX6276_20260325_012745_2nd_back.jpg,Mahesh,admin
25-03-2026,01:33:06,Kurnool,Saurashtra Enviro Projects Pvt. Ltd.,Legacy/MSW,T0778,AP21TE4795,Phase3,22910.00,25-03-2026 01:17:37,10270.00,25-03-2026 01:32:38,12640.00,Legacy/MSW,Kurnool_AP21TE4795_20260325_011741_1st_front.jpg,Kurnool_AP21TE4795_20260325_011742_1st_back.jpg,Kurnool_AP21TE4795_20260325_013302_2nd_front.jpg,Kurnool_AP21TE4795_20260325_013304_2nd_back.jpg,Mahesh,admin
25-03-2026,01:42:30,Kurnool,Saurashtra Enviro Projects Pvt. Ltd.,Legacy/MSW,T0779,AP26TF2425,Phase3,25070.00,25-03-2026 01:26:12,10160.00,25-03-2026 01:42:01,14910.00,Legacy/MSW,Kurnool_AP26TF2425_20260325_012615_1st_front.jpg,Kurnool_AP26TF2425_20260325_012616_1st_back.jpg,Kurnool_AP26TF2425_20260325_014227_2nd_front.jpg,Kurnool_AP26TF2425_20260325_014228_2nd_back.jpg,Mahesh,admin
25-03-2026,01:52:08,Kurnool,Saurashtra Enviro Projects Pvt. Ltd.,Legacy/MSW,T0780,AP27TZ1494,Phase3,23630.00,25-03-2026 01:29:07,10390.00,25-03-2026 01:51:41,13240.00,Legacy/MSW,Kurnool_AP27TZ1494_20260325_012911_1st_front.jpg,Kurnool_AP27TZ1494_20260325_012913_1st_back.jpg,Kurnool_AP27TZ1494_20260325_015205_2nd_front.jpg,Kurnool_AP27TZ1494_20260325_015206_2nd_back.jpg,Mahesh,admin
25-03-2026,01:59:11,Kurnool,Saurashtra Enviro Projects Pvt. Ltd.,Legacy/MSW,T0781,AP39VA7251,Phase3,23140.00,25-03-2026 01:43:55,10220.00,25-03-2026 01:58:47,12920.00,Legacy/MSW,Kurnool_AP39VA7251_20260325_014358_1st_front.jpg,Kurnool_AP39VA7251_20260325_014400_1st_back.jpg,Kurnool_AP39VA7251_20260325_015908_2nd_front.jpg,Kurnool_AP39VA7251_20260325_015909_2nd_back.jpg,Mahesh,admin
25-03-2026,02:03:49,Kurnool,Saurashtra Enviro Projects Pvt. Ltd.,Legacy/MSW,T0782,AP39UX6276,Phase3,26360.00,25-03-2026 01:53:25,10440.00,25-03-2026 02:03:23,15920.00,Legacy/MSW,Kurnool_AP39UX6276_20260325_015330_1st_front.jpg,Kurnool_AP39UX6276_20260325_015332_1st_back.jpg,Kurnool_AP39UX6276_20260325_020345_2nd_front.jpg,Kurnool_AP39UX6276_20260325_020347_2nd_back.jpg,Mahesh,admin
25-03-2026,02:12:11,Kurnool,Saurashtra Enviro Projects Pvt. Ltd.,Legacy/MSW,T0783,AP21TE4795,Phase3,22450.00,25-03-2026 01:54:25,10310.00,25-03-2026 02:11:44,12140.00,Legacy/MSW,Kurnool_AP21TE4795_20260325_015429_1st_front.jpg,Kurnool_AP21TE4795_20260325_015431_1st_back.jpg,Kurnool_AP21TE4795_20260325_021208_2nd_front.jpg,Kurnool_AP21TE4795_20260325_021209_2nd_back.jpg,Mahesh,admin
25-03-2026,02:21:59,Kurnool,Saurashtra Enviro Projects Pvt. Ltd.,Legacy/MSW,T0784,AP26TF2425,Phase3,26270.00,25-03-2026 02:02:05,10210.00,25-03-2026 02:21:32,16060.00,Legacy/MSW,Kurnool_AP26TF2425_20260325_020208_1st_front.jpg,Kurnool_AP26TF2425_20260325_020210_1st_back.jpg,Kurnool_AP26TF2425_20260325_022155_2nd_front.jpg,Kurnool_AP26TF2425_20260325_022157_2nd_back.jpg,Mahesh,admin
25-03-2026,02:33:19,Kurnool,Saurashtra Enviro Projects Pvt. Ltd.,Legacy/MSW,T0785,AP27TZ1494,Phase3,24620.00,25-03-2026 02:05:06,10460.00,25-03-2026 02:32:46,14160.00,Legacy/MSW,Kurnool_AP27TZ1494_20260325_020511_1st_front.jpg,Kurnool_AP27TZ1494_20260325_020512_1st_back.jpg,Kurnool_AP27TZ1494_20260325_023314_2nd_front.jpg,Kurnool_AP27TZ1494_20260325_023317_2nd_back.jpg,Mahesh,admin
25-03-2026,02:38:43,Kurnool,Saurashtra Enviro Projects Pvt. Ltd.,Legacy/MSW,T0786,AP39VA7251,Phase3,22500.00,25-03-2026 02:15:21,10200.00,25-03-2026 02:38:12,12300.00,Legacy/MSW,Kurnool_AP39VA7251_20260325_021524_1st_front.jpg,Kurnool_AP39VA7251_20260325_021526_1st_back.jpg,Kurnool_AP39VA7251_20260325_023840_2nd_front.jpg,Kurnool_AP39VA7251_20260325_023841_2nd_back.jpg,Mahesh,admin
25-03-2026,02:51:15,Kurnool,Saurashtra Enviro Projects Pvt. Ltd.,Legacy/MSW,T0787,AP39UX6276,Phase3,23640.00,25-03-2026 02:16:21,10440.00,25-03-2026 02:50:49,13200.00,Legacy/MSW,Kurnool_AP39UX6276_20260325_021624_1st_front.jpg,Kurnool_AP39UX6276_20260325_021626_1st_back.jpg,Kurnool_AP39UX6276_20260325_025112_2nd_front.jpg,Kurnool_AP39UX6276_20260325_025113_2nd_back.jpg,Mahesh,admin
25-03-2026,02:57:50,Kurnool,Saurashtra Enviro Projects Pvt. Ltd.,Legacy/MSW,T0788,AP21TE4795,Phase3,23440.00,25-03-2026 02:23:19,10310.00,25-03-2026 02:57:13,13130.00,Legacy/MSW,Kurnool_AP21TE4795_20260325_022323_1st_front.jpg,Kurnool_AP21TE4795_20260325_022325_1st_back.jpg,Kurnool_AP21TE4795_20260325_025745_2nd_front.jpg,Kurnool_AP21TE4795_20260325_025747_2nd_back.jpg,Mahesh,admin
25-03-2026,03:08:28,Kurnool,Saurashtra Enviro Projects Pvt. Ltd.,Legacy/MSW,T0789,AP26TF2425,Phase3,24340.00,25-03-2026 02:40:19,10210.00,25-03-2026 03:07:47,14130.00,Legacy/MSW,Kurnool_AP26TF2425_20260325_024024_1st_front.jpg,Kurnool_AP26TF2425_20260325_024026_1st_back.jpg,Kurnool_AP26TF2425_20260325_030824_2nd_front.jpg,Kurnool_AP26TF2425_20260325_030826_2nd_back.jpg,Mahesh,admin
25-03-2026,03:15:52,Kurnool,Saurashtra Enviro Projects Pvt. Ltd.,Legacy/MSW,T0790,AP27TZ1494,Phase3,22160.00,25-03-2026 02:49:37,10410.00,25-03-2026 03:15:12,11750.00,Legacy/MSW,Kurnool_AP27TZ1494_20260325_024942_1st_front.jpg,Kurnool_AP27TZ1494_20260325_024944_1st_back.jpg,Kurnool_AP27TZ1494_20260325_031548_2nd_front.jpg,Kurnool_AP27TZ1494_20260325_031550_2nd_back.jpg,Mahesh,admin
25-03-2026,03:21:17,Kurnool,Saurashtra Enviro Projects Pvt. Ltd.,Legacy/MSW,T0791,AP39UX6276,Phase3,22060.00,25-03-2026 03:10:02,10430.00,25-03-2026 03:20:50,11630.00,Legacy/MSW,Kurnool_AP39UX6276_20260325_031006_1st_front.jpg,Kurnool_AP39UX6276_20260325_031008_1st_back.jpg,Kurnool_AP39UX6276_20260325_032113_2nd_front.jpg,Kurnool_AP39UX6276_20260325_032115_2nd_back.jpg,Mahesh,admin
25-03-2026,03:27:40,Kurnool,Saurashtra Enviro Projects Pvt. Ltd.,Legacy/MSW,T0792,AP26TF2425,Phase3,23470.00,25-03-2026 03:11:23,10310.00,25-03-2026 03:27:09,13160.00,Legacy/MSW,Kurnool_AP26TF2425_20260325_031127_1st_front.jpg,Kurnool_AP26TF2425_20260325_031129_1st_back.jpg,Kurnool_AP26TF2425_20260325_032736_2nd_front.jpg,Kurnool_AP26TF2425_20260325_032737_2nd_back.jpg,Mahesh,admin
25-03-2026,03:33:13,Kurnool,Saurashtra Enviro Projects Pvt. Ltd.,Legacy/MSW,T0793,AP21TE4795,Phase3,22570.00,25-03-2026 03:18:18,10290.00,25-03-2026 03:33:04,12280.00,Legacy/MSW,Kurnool_AP21TE4795_20260325_031824_1st_front.jpg,Kurnool_AP21TE4795_20260325_031827_1st_back.jpg,Kurnool_AP21TE4795_20260325_033309_2nd_front.jpg,Kurnool_AP21TE4795_20260325_033311_2nd_back.jpg,Mahesh,admin
25-03-2026,03:51:18,Kurnool,Saurashtra Enviro Projects Pvt. Ltd.,Legacy/MSW,T0794,AP39VA7251,Phase3,26990.00,25-03-2026 03:25:43,10170.00,25-03-2026 03:50:44,16820.00,Legacy/MSW,Kurnool_AP39VA7251_20260325_032547_1st_front.jpg,Kurnool_AP39VA7251_20260325_032550_1st_back.jpg,Kurnool_AP39VA7251_20260325_035114_2nd_front.jpg,Kurnool_AP39VA7251_20260325_035116_2nd_back.jpg,Mahesh,admin
25-03-2026,04:03:28,Kurnool,Saurashtra Enviro Projects Pvt. Ltd.,Legacy/MSW,T0795,AP27TZ1494,Phase3,24280.00,25-03-2026 03:28:54,10370.00,25-03-2026 04:02:57,13910.00,Legacy/MSW,Kurnool_AP27TZ1494_20260325_032859_1st_front.jpg,Kurnool_AP27TZ1494_20260325_032902_1st_back.jpg,Kurnool_AP27TZ1494_20260325_040324_2nd_front.jpg,Kurnool_AP27TZ1494_20260325_040326_2nd_back.jpg,Mahesh,admin
25-03-2026,04:11:11,Kurnool,Saurashtra Enviro Projects Pvt. Ltd.,Legacy/MSW,T0796,AP39UX6276,Phase3,27630.00,25-03-2026 03:38:12,10430.00,25-03-2026 04:10:42,17200.00,Legacy/MSW,Kurnool_AP39UX6276_20260325_033815_1st_front.jpg,Kurnool_AP39UX6276_20260325_033818_1st_back.jpg,Kurnool_AP39UX6276_20260325_041108_2nd_front.jpg,Kurnool_AP39UX6276_20260325_041110_2nd_back.jpg,Mahesh,admin
25-03-2026,04:18:49,Kurnool,Saurashtra Enviro Projects Pvt. Ltd.,Legacy/MSW,T0797,AP26TF2425,Phase3,22960.00,25-03-2026 03:40:20,10220.00,25-03-2026 04:18:22,12740.00,Legacy/MSW,Kurnool_AP26TF2425_20260325_034024_1st_front.jpg,Kurnool_AP26TF2425_20260325_034026_1st_back.jpg,Kurnool_AP26TF2425_20260325_041846_2nd_front.jpg,Kurnool_AP26TF2425_20260325_041847_2nd_back.jpg,Mahesh,admin
25-03-2026,04:27:42,Kurnool,Saurashtra Enviro Projects Pvt. Ltd.,Legacy/MSW,T0798,AP21TE4795,Phase3,28010.00,25-03-2026 03:46:23,10300.00,25-03-2026 04:27:10,17710.00,Legacy/MSW,Kurnool_AP21TE4795_20260325_034628_1st_front.jpg,Kurnool_AP21TE4795_20260325_034631_1st_back.jpg,Kurnool_AP21TE4795_20260325_042738_2nd_front.jpg,Kurnool_AP21TE4795_20260325_042740_2nd_back.jpg,Mahesh,admin
25-03-2026,04:35:19,Kurnool,Saurashtra Enviro Projects Pvt. Ltd.,Legacy/MSW,T0799,AP27TZ1494,Phase3,25410.00,25-03-2026 04:09:13,10210.00,25-03-2026 04:34:48,15200.00,Legacy/MSW,Kurnool_AP27TZ1494_20260325_040919_1st_front.jpg,Kurnool_AP27TZ1494_20260325_040923_1st_back.jpg,Kurnool_AP27TZ1494_20260325_043514_2nd_front.jpg,Kurnool_AP27TZ1494_20260325_043517_2nd_back.jpg,Mahesh,admin
25-03-2026,04:43:09,Kurnool,Saurashtra Enviro Projects Pvt. Ltd.,Legacy/MSW,T0800,AP26TF2425,Phase3,24440.00,25-03-2026 04:20:04,10420.00,25-03-2026 04:42:38,14020.00,Legacy/MSW,Kurnool_AP26TF2425_20260325_042008_1st_front.jpg,Kurnool_AP26TF2425_20260325_042010_1st_back.jpg,Kurnool_AP26TF2425_20260325_044306_2nd_front.jpg,Kurnool_AP26TF2425_20260325_044308_2nd_back.jpg,Mahesh,admin
25-03-2026,04:59:58,Kurnool,Saurashtra Enviro Projects Pvt. Ltd.,Legacy/MSW,T0801,AP39UX6276,Phase3,24240.00,25-03-2026 04:25:34,10390.00,25-03-2026 04:59:27,13850.00,Legacy/MSW,Kurnool_AP39UX6276_20260325_042539_1st_front.jpg,Kurnool_AP39UX6276_20260325_042541_1st_back.jpg,Kurnool_AP39UX6276_20260325_045954_2nd_front.jpg,Kurnool_AP39UX6276_20260325_045956_2nd_back.jpg,Mahesh,admin
25-03-2026,05:03:08,Kurnool,Saurashtra Enviro Projects Pvt. Ltd.,Legacy/MSW,T0802,AP39VA7251,Phase3,23820.00,25-03-2026 04:45:24,10170.00,25-03-2026 05:02:43,13650.00,Legacy/MSW,Kurnool_AP39VA7251_20260325_044528_1st_front.jpg,Kurnool_AP39VA7251_20260325_044530_1st_back.jpg,Kurnool_AP39VA7251_20260325_050305_2nd_front.jpg,Kurnool_AP39VA7251_20260325_050307_2nd_back.jpg,Mahesh,admin
25-03-2026,05:04:59,Kurnool,Saurashtra Enviro Projects Pvt. Ltd.,Legacy/MSW,T0803,AP21TE4795,Phase3,25970.00,25-03-2026 04:50:14,10250.00,25-03-2026 05:04:34,15720.00,Legacy/MSW,Kurnool_AP21TE4795_20260325_045018_1st_front.jpg,Kurnool_AP21TE4795_20260325_045020_1st_back.jpg,Kurnool_AP21TE4795_20260325_050456_2nd_front.jpg,Kurnool_AP21TE4795_20260325_050457_2nd_back.jpg,Mahesh,admin
25-03-2026,05:09:34,Kurnool,Saurashtra Enviro Projects Pvt. Ltd.,Legacy/MSW,T0804,AP26TF2425,Phase3,26130.00,25-03-2026 04:53:21,10150.00,25-03-2026 05:09:05,15980.00,Legacy/MSW,Kurnool_AP26TF2425_20260325_045325_1st_front.jpg,Kurnool_AP26TF2425_20260325_045328_1st_back.jpg,Kurnool_AP26TF2425_20260325_050930_2nd_front.jpg,Kurnool_AP26TF2425_20260325_050932_2nd_back.jpg,Mahesh,admin
25-03-2026,05:11:49,Kurnool,Saurashtra Enviro Projects Pvt. Ltd.,Legacy/MSW,T0805,AP27TZ1494,Phase3,26110.00,25-03-2026 04:58:11,10410.00,25-03-2026 05:11:10,15700.00,Legacy/MSW,Kurnool_AP27TZ1494_20260325_045815_1st_front.jpg,Kurnool_AP27TZ1494_20260325_045817_1st_back.jpg,Kurnool_AP27TZ1494_20260325_051146_2nd_front.jpg,Kurnool_AP27TZ1494_20260325_051147_2nd_back.jpg,Mahesh,admin
25-03-2026,08:42:07,Kurnool,Saurashtra Enviro Projects Pvt. Ltd.,Legacy/MSW,T0806,AP39UX6276,Phase3,31730.00,25-03-2026 08:33:33,10380.00,25-03-2026 08:41:52,21350.00,Legacy/MSW,Kurnool_AP39UX6276_20260325_083337_1st_front.jpg,Kurnool_AP39UX6276_20260325_083339_1st_back.jpg,Kurnool_AP39UX6276_20260325_084202_2nd_front.jpg,Kurnool_AP39UX6276_20260325_084204_2nd_back.jpg,Mahesh,admin
25-03-2026,08:46:28,Kurnool,Saurashtra Enviro Projects Pvt. Ltd.,Legacy/MSW,T0807,AP39VA7251,Phase3,25330.00,25-03-2026 08:36:13,10080.00,25-03-2026 08:45:38,15250.00,Legacy/MSW,Kurnool_AP39VA7251_20260325_083622_1st_front.jpg,Kurnool_AP39VA7251_20260325_083624_1st_back.jpg,Kurnool_AP39VA7251_20260325_084543_2nd_front.jpg,Kurnool_AP39VA7251_20260325_084545_2nd_back.jpg,Mahesh,admin
25-03-2026,08:57:12,Kurnool,Saurashtra Enviro Projects Pvt. Ltd.,Legacy/MSW,T0808,AP27TZ1494,Phase3,24790.00,25-03-2026 08:44:48,10510.00,25-03-2026 08:56:30,14280.00,Legacy/MSW,Kurnool_AP27TZ1494_20260325_084453_1st_front.jpg,Kurnool_AP27TZ1494_20260325_084455_1st_back.jpg,Kurnool_AP27TZ1494_20260325_085636_2nd_front.jpg,Kurnool_AP27TZ1494_20260325_085638_2nd_back.jpg,Mahesh,admin
25-03-2026,08:59:41,Kurnool,Saurashtra Enviro Projects Pvt. Ltd.,Legacy/MSW,T0809,AP21TE4795,Phase3,24540.00,25-03-2026 08:48:46,10320.00,25-03-2026 08:58:45,14220.00,Legacy/MSW,Kurnool_AP21TE4795_20260325_084853_1st_front.jpg,Kurnool_AP21TE4795_20260325_084854_1st_back.jpg,Kurnool_AP21TE4795_20260325_085851_2nd_front.jpg,Kurnool_AP21TE4795_20260325_085853_2nd_back.jpg,Mahesh,admin
25-03-2026,09:01:37,Kurnool,Saurashtra Enviro Projects Pvt. Ltd.,Legacy/MSW,T0810,AP26TF2425,Phase3,26240.00,25-03-2026 08:54:38,10080.00,25-03-2026 09:00:53,16160.00,Legacy/MSW,Kurnool_AP26TF2425_20260325_085445_1st_front.jpg,Kurnool_AP26TF2425_20260325_085447_1st_back.jpg,Kurnool_AP26TF2425_20260325_090059_2nd_front.jpg,Kurnool_AP26TF2425_20260325_090101_2nd_back.jpg,Mahesh,admin
25-03-2026,09:11:59,Kurnool,Saurashtra Enviro Projects Pvt. Ltd.,Legacy/MSW,T0811,AP39UX6276,Phase3,23030.00,25-03-2026 09:02:09,10310.00,25-03-2026 09:10:37,12720.00,Legacy/MSW,Kurnool_AP39UX6276_20260325_090218_1st_front.jpg,Kurnool_AP39UX6276_20260325_090219_1st_back.jpg,Kurnool_AP39UX6276_20260325_091047_2nd_front.jpg,Kurnool_AP39UX6276_20260325_091049_2nd_back.jpg,Mahesh,admin
25-03-2026,09:14:02,Kurnool,Saurashtra Enviro Projects Pvt. Ltd.,Legacy/MSW,T0812,AP39VA7251,Phase3,21600.00,25-03-2026 09:06:20,10080.00,25-03-2026 09:13:11,11520.00,Legacy/MSW,Kurnool_AP39VA7251_20260325_090625_1st_front.jpg,Kurnool_AP39VA7251_20260325_090626_1st_back.jpg,Kurnool_AP39VA7251_20260325_091320_2nd_front.jpg,Kurnool_AP39VA7251_20260325_091322_2nd_back.jpg,Mahesh,admin
25-03-2026,09:21:44,Kurnool,Saurashtra Enviro Projects Pvt. Ltd.,Legacy/MSW,T0813,AP27TZ1494,Phase3,23510.00,25-03-2026 09:12:19,10520.00,25-03-2026 09:20:54,12990.00,Legacy/MSW,Kurnool_AP27TZ1494_20260325_091226_1st_front.jpg,Kurnool_AP27TZ1494_20260325_091228_1st_back.jpg,Kurnool_AP27TZ1494_20260325_092059_2nd_front.jpg,Kurnool_AP27TZ1494_20260325_092100_2nd_back.jpg,Mahesh,admin
25-03-2026,09:28:41,Kurnool,Saurashtra Enviro Projects Pvt. Ltd.,Legacy/MSW,T0814,AP21TE4795,Phase3,23440.00,25-03-2026 09:19:41,10150.00,25-03-2026 09:28:04,13290.00,Legacy/MSW,Kurnool_AP21TE4795_20260325_091946_1st_front.jpg,Kurnool_AP21TE4795_20260325_091948_1st_back.jpg,Kurnool_AP21TE4795_20260325_092809_2nd_front.jpg,Kurnool_AP21TE4795_20260325_092811_2nd_back.jpg,Mahesh,admin
25-03-2026,09:31:45,Kurnool,Saurashtra Enviro Projects Pvt. Ltd.,Legacy/MSW,T0815,AP26TF2425,Phase3,26170.00,25-03-2026 09:24:20,10030.00,25-03-2026 09:30:33,16140.00,Legacy/MSW,Kurnool_AP26TF2425_20260325_092429_1st_front.jpg,Kurnool_AP26TF2425_20260325_092430_1st_back.jpg,Kurnool_AP26TF2425_20260325_093039_2nd_front.jpg,Kurnool_AP26TF2425_20260325_093042_2nd_back.jpg,Mahesh,admin
25-03-2026,09:43:15,Kurnool,Saurashtra Enviro Projects Pvt. Ltd.,Legacy/MSW,T0816,AP39UX6276,Phase3,23240.00,25-03-2026 09:33:47,10370.00,25-03-2026 09:42:35,12870.00,Legacy/MSW,Kurnool_AP39UX6276_20260325_093352_1st_front.jpg,Kurnool_AP39UX6276_20260325_093354_1st_back.jpg,Kurnool_AP39UX6276_20260325_094243_2nd_front.jpg,Kurnool_AP39UX6276_20260325_094245_2nd_back.jpg,Mahesh,admin
25-03-2026,09:45:41,Kurnool,Saurashtra Enviro Projects Pvt. Ltd.,Legacy/MSW,T0817,AP39VA7251,Phase3,20550.00,25-03-2026 09:38:20,10090.00,25-03-2026 09:45:01,10460.00,Legacy/MSW,Kurnool_AP39VA7251_20260325_093827_1st_front.jpg,Kurnool_AP39VA7251_20260325_093829_1st_back.jpg,Kurnool_AP39VA7251_20260325_094507_2nd_front.jpg,Kurnool_AP39VA7251_20260325_094509_2nd_back.jpg,Mahesh,admin
25-03-2026,09:57:23,Kurnool,Saurashtra Enviro Projects Pvt. Ltd.,Legacy/MSW,T0818,AP27TZ1494,Phase3,23280.00,25-03-2026 09:45:59,10360.00,25-03-2026 09:56:29,12920.00,Legacy/MSW,Kurnool_AP27TZ1494_20260325_094605_1st_front.jpg,Kurnool_AP27TZ1494_20260325_094607_1st_back.jpg,Kurnool_AP27TZ1494_20260325_095637_2nd_front.jpg,Kurnool_AP27TZ1494_20260325_095639_2nd_back.jpg,Mahesh,admin
25-03-2026,10:01:47,Kurnool,Saurashtra Enviro Projects Pvt. Ltd.,Legacy/MSW,T0819,AP21TE4795,Phase3,22010.00,25-03-2026 09:50:59,10080.00,25-03-2026 09:59:22,11930.00,Legacy/MSW,Kurnool_AP21TE4795_20260325_095105_1st_front.jpg,Kurnool_AP21TE4795_20260325_095107_1st_back.jpg,Kurnool_AP21TE4795_20260325_095927_2nd_front.jpg,Kurnool_AP21TE4795_20260325_095929_2nd_back.jpg,Mahesh,admin
25-03-2026,10:04:36,Kurnool,Saurashtra Enviro Projects Pvt. Ltd.,Legacy/MSW,T0820,AP26TF2425,Phase3,24120.00,25-03-2026 09:58:07,10360.00,25-03-2026 10:03:37,13760.00,Legacy/MSW,Kurnool_AP26TF2425_20260325_095814_1st_front.jpg,Kurnool_AP26TF2425_20260325_095816_1st_back.jpg,Kurnool_AP26TF2425_20260325_100344_2nd_front.jpg,Kurnool_AP26TF2425_20260325_100346_2nd_back.jpg,Mahesh,admin
25-03-2026,10:14:40,Kurnool,Saurashtra Enviro Projects Pvt. Ltd.,Legacy/MSW,T0821,AP39UX6276,Phase3,24490.00,25-03-2026 10:06:30,10340.00,25-03-2026 10:13:53,14150.00,Legacy/MSW,Kurnool_AP39UX6276_20260325_100637_1st_front.jpg,Kurnool_AP39UX6276_20260325_100640_1st_back.jpg,Kurnool_AP39UX6276_20260325_101359_2nd_front.jpg,Kurnool_AP39UX6276_20260325_101401_2nd_back.jpg,Mahesh,admin
25-03-2026,10:15:41,Kurnool,Saurashtra Enviro Projects Pvt. Ltd.,Legacy/MSW,T0822,AP39VA7251,Phase3,22500.00,25-03-2026 10:08:40,10190.00,25-03-2026 10:15:06,12310.00,Legacy/MSW,Kurnool_AP39VA7251_20260325_100846_1st_front.jpg,Kurnool_AP39VA7251_20260325_100848_1st_back.jpg,Kurnool_AP39VA7251_20260325_101512_2nd_front.jpg,Kurnool_AP39VA7251_20260325_101515_2nd_back.jpg,Mahesh,admin
25-03-2026,10:26:42,Kurnool,Saurashtra Enviro Projects Pvt. Ltd.,Legacy/MSW,T0823,AP27TZ1494,Phase3,25630.00,25-03-2026 10:19:11,10730.00,25-03-2026 10:25:44,14900.00,Legacy/MSW,Kurnool_AP27TZ1494_20260325_101917_1st_front.jpg,Kurnool_AP27TZ1494_20260325_101919_1st_back.jpg,Kurnool_AP27TZ1494_20260325_102548_2nd_front.jpg,Kurnool_AP27TZ1494_20260325_102550_2nd_back.jpg,Mahesh,admin
25-03-2026,10:32:03,Kurnool,Saurashtra Enviro Projects Pvt. Ltd.,Legacy/MSW,T0824,AP21TE4795,Phase3,22820.00,25-03-2026 10:21:57,10050.00,25-03-2026 10:31:14,12770.00,Legacy/MSW,Kurnool_AP21TE4795_20260325_102203_1st_front.jpg,Kurnool_AP21TE4795_20260325_102206_1st_back.jpg,Kurnool_AP21TE4795_20260325_103120_2nd_front.jpg,Kurnool_AP21TE4795_20260325_103123_2nd_back.jpg,Mahesh,admin
25-03-2026,10:37:08,Kurnool,Saurashtra Enviro Projects Pvt. Ltd.,Legacy/MSW,T0825,AP26TF2425,Phase3,26500.00,25-03-2026 10:30:18,10230.00,25-03-2026 10:36:20,16270.00,Legacy/MSW,Kurnool_AP26TF2425_20260325_103024_1st_front.jpg,Kurnool_AP26TF2425_20260325_103026_1st_back.jpg,Kurnool_AP26TF2425_20260325_103624_2nd_front.jpg,Kurnool_AP26TF2425_20260325_103627_2nd_back.jpg,Mahesh,admin
25-03-2026,10:52:09,Kurnool,Saurashtra Enviro Projects Pvt. Ltd.,Legacy/MSW,T0826,AP39UX6276,Phase3,24010.00,25-03-2026 10:38:21,10380.00,25-03-2026 10:51:20,13630.00,Legacy/MSW,Kurnool_AP39UX6276_20260325_103826_1st_front.jpg,Kurnool_AP39UX6276_20260325_103828_1st_back.jpg,Kurnool_AP39UX6276_20260325_105125_2nd_front.jpg,Kurnool_AP39UX6276_20260325_105127_2nd_back.jpg,Mahesh,admin
25-03-2026,10:51:05,Kurnool,Saurashtra Enviro Projects Pvt. Ltd.,Legacy/MSW,T0827,AP39VA7251,Phase3,21500.00,25-03-2026 10:42:18,10370.00,25-03-2026 10:50:51,11130.00,Legacy/MSW,Kurnool_AP39VA7251_20260325_104225_1st_front.jpg,Kurnool_AP39VA7251_20260325_104227_1st_back.jpg,Kurnool_AP39VA7251_20260325_105056_2nd_front.jpg,Kurnool_AP39VA7251_20260325_105058_2nd_back.jpg,Mahesh,admin
25-03-2026,11:04:07,Kurnool,Saurashtra Enviro Projects Pvt. Ltd.,Legacy/MSW,T0828,AP21TE4795,Phase3,24710.00,25-03-2026 10:54:09,10410.00,25-03-2026 11:03:18,14300.00,Legacy/MSW,Kurnool_AP21TE4795_20260325_105425_1st_front.jpg,Kurnool_AP21TE4795_20260325_105427_1st_back.jpg,Kurnool_AP21TE4795_20260325_110326_2nd_front.jpg,Kurnool_AP21TE4795_20260325_110328_2nd_back.jpg,Mahesh,admin
25-03-2026,11:12:08,Kurnool,Saurashtra Enviro Projects Pvt. Ltd.,Legacy/MSW,T0829,AP26TF2425,Phase3,24330.00,25-03-2026 11:01:43,10230.00,25-03-2026 11:11:20,14100.00,Legacy/MSW,Kurnool_AP26TF2425_20260325_110150_1st_front.jpg,Kurnool_AP26TF2425_20260325_110152_1st_back.jpg,Kurnool_AP26TF2425_20260325_111125_2nd_front.jpg,Kurnool_AP26TF2425_20260325_111126_2nd_back.jpg,Mahesh,admin
25-03-2026,11:19:02,Kurnool,Saurashtra Enviro Projects Pvt. Ltd.,Legacy/MSW,T0830,AP39UX6276,Phase3,25150.00,25-03-2026 11:10:03,10510.00,25-03-2026 11:18:15,14640.00,Legacy/MSW,Kurnool_AP39UX6276_20260325_111010_1st_front.jpg,Kurnool_AP39UX6276_20260325_111012_1st_back.jpg,Kurnool_AP39UX6276_20260325_111825_2nd_front.jpg,Kurnool_AP39UX6276_20260325_111827_2nd_back.jpg,Mahesh,admin
25-03-2026,11:22:47,Kurnool,Saurashtra Enviro Projects Pvt. Ltd.,Legacy/MSW,T0831,AP39VA7251,Phase3,25580.00,25-03-2026 11:14:00,10460.00,25-03-2026 11:21:42,15120.00,Legacy/MSW,Kurnool_AP39VA7251_20260325_111406_1st_front.jpg,Kurnool_AP39VA7251_20260325_111408_1st_back.jpg,Kurnool_AP39VA7251_20260325_112151_2nd_front.jpg,Kurnool_AP39VA7251_20260325_112155_2nd_back.jpg,Mahesh,admin
25-03-2026,11:28:01,Kurnool,Saurashtra Enviro Projects Pvt. Ltd.,Legacy/MSW,T0832,AP27TZ1494,Phase3,23520.00,25-03-2026 11:19:48,10390.00,25-03-2026 11:27:12,13130.00,Legacy/MSW,Kurnool_AP27TZ1494_20260325_111953_1st_front.jpg,Kurnool_AP27TZ1494_20260325_111955_1st_back.jpg,Kurnool_AP27TZ1494_20260325_112719_2nd_front.jpg,Kurnool_AP27TZ1494_20260325_112721_2nd_back.jpg,Mahesh,admin
25-03-2026,11:32:18,Kurnool,Saurashtra Enviro Projects Pvt. Ltd.,Legacy/MSW,T0833,AP21TE4795,Phase3,22030.00,25-03-2026 11:25:52,10270.00,25-03-2026 11:32:06,11760.00,Legacy/MSW,Kurnool_AP21TE4795_20260325_112559_1st_front.jpg,Kurnool_AP21TE4795_20260325_112601_1st_back.jpg,Kurnool_AP21TE4795_20260325_113210_2nd_front.jpg,Kurnool_AP21TE4795_20260325_113214_2nd_back.jpg,Mahesh,admin
25-03-2026,11:38:40,Kurnool,Saurashtra Enviro Projects Pvt. Ltd.,Legacy/MSW,T0834,AP26TF2425,Phase3,24960.00,25-03-2026 11:32:58,10060.00,25-03-2026 11:38:12,14900.00,Legacy/MSW,Kurnool_AP26TF2425_20260325_113302_1st_front.jpg,Kurnool_AP26TF2425_20260325_113304_1st_back.jpg,Kurnool_AP26TF2425_20260325_113823_2nd_front.jpg,Kurnool_AP26TF2425_20260325_113825_2nd_back.jpg,Mahesh,admin
25-03-2026,11:47:43,Kurnool,Saurashtra Enviro Projects Pvt. Ltd.,Legacy/MSW,T0835,AP39UX6276,Phase3,24180.00,25-03-2026 11:39:40,10490.00,25-03-2026 11:47:24,13690.00,Legacy/MSW,Kurnool_AP39UX6276_20260325_113946_1st_front.jpg,Kurnool_AP39UX6276_20260325_113949_1st_back.jpg,Kurnool_AP39UX6276_20260325_114731_2nd_front.jpg,Kurnool_AP39UX6276_20260325_114735_2nd_back.jpg,Mahesh,admin
25-03-2026,11:52:25,Kurnool,Saurashtra Enviro Projects Pvt. Ltd.,Legacy/MSW,T0836,AP39VA7251,Phase3,22470.00,25-03-2026 11:44:08,10250.00,25-03-2026 11:51:59,12220.00,Legacy/MSW,Kurnool_AP39VA7251_20260325_114413_1st_front.jpg,Kurnool_AP39VA7251_20260325_114415_1st_back.jpg,,,Mahesh,admin
25-03-2026,12:00:50,Kurnool,Saurashtra Enviro Projects Pvt. Ltd.,Legacy/MSW,T0837,AP27TZ1494,Phase3,25720.00,25-03-2026 11:50:28,10460.00,25-03-2026 12:00:02,15260.00,Legacy/MSW,Kurnool_AP27TZ1494_20260325_115034_1st_front.jpg,Kurnool_AP27TZ1494_20260325_115035_1st_back.jpg,Kurnool_AP27TZ1494_20260325_120008_2nd_front.jpg,Kurnool_AP27TZ1494_20260325_120009_2nd_back.jpg,Mahesh,admin
25-03-2026,12:07:04,Kurnool,Saurashtra Enviro Projects Pvt. Ltd.,Legacy/MSW,T0838,AP21TE4795,Phase3,23250.00,25-03-2026 11:58:29,10270.00,25-03-2026 12:06:22,12980.00,Legacy/MSW,Kurnool_AP21TE4795_20260325_115833_1st_front.jpg,Kurnool_AP21TE4795_20260325_115835_1st_back.jpg,Kurnool_AP21TE4795_20260325_120627_2nd_front.jpg,Kurnool_AP21TE4795_20260325_120629_2nd_back.jpg,Mahesh,admin
25-03-2026,12:09:27,Kurnool,Saurashtra Enviro Projects Pvt. Ltd.,Legacy/MSW,T0839,AP26TF2425,Phase3,25370.00,25-03-2026 12:02:00,10210.00,25-03-2026 12:08:57,15160.00,Legacy/MSW,Kurnool_AP26TF2425_20260325_120205_1st_front.jpg,Kurnool_AP26TF2425_20260325_120207_1st_back.jpg,Kurnool_AP26TF2425_20260325_120904_2nd_front.jpg,Kurnool_AP26TF2425_20260325_120907_2nd_back.jpg,Mahesh,admin
25-03-2026,12:20:57,Kurnool,Saurashtra Enviro Projects Pvt. Ltd.,Legacy/MSW,T0840,AP39UX6276,Phase3,22600.00,25-03-2026 12:10:24,10530.00,25-03-2026 12:20:31,12070.00,Legacy/MSW,Kurnool_AP39UX6276_20260325_121031_1st_front.jpg,Kurnool_AP39UX6276_20260325_121035_1st_back.jpg,Kurnool_AP39UX6276_20260325_122037_2nd_front.jpg,Kurnool_AP39UX6276_20260325_122039_2nd_back.jpg,Mahesh,admin
25-03-2026,12:23:04,Kurnool,Saurashtra Enviro Projects Pvt. Ltd.,Legacy/MSW,T0841,AP39VA7251,Phase3,21670.00,25-03-2026 12:13:27,10140.00,25-03-2026 12:22:36,11530.00,Legacy/MSW,Kurnool_AP39VA7251_20260325_121331_1st_front.jpg,Kurnool_AP39VA7251_20260325_121333_1st_back.jpg,Kurnool_AP39VA7251_20260325_122241_2nd_front.jpg,Kurnool_AP39VA7251_20260325_122244_2nd_back.jpg,Mahesh,admin
25-03-2026,12:29:47,Kurnool,Saurashtra Enviro Projects Pvt. Ltd.,Legacy/MSW,T0842,AP27TZ1494,Phase3,25120.00,25-03-2026 12:21:46,10500.00,25-03-2026 12:29:18,14620.00,Legacy/MSW,Kurnool_AP27TZ1494_20260325_122152_1st_front.jpg,Kurnool_AP27TZ1494_20260325_122154_1st_back.jpg,Kurnool_AP27TZ1494_20260325_122924_2nd_front.jpg,Kurnool_AP27TZ1494_20260325_122927_2nd_back.jpg,Mahesh,admin
25-03-2026,12:33:52,Kurnool,Saurashtra Enviro Projects Pvt. Ltd.,Legacy/MSW,T0843,AP21TE4795,Phase3,23900.00,25-03-2026 12:26:37,10420.00,25-03-2026 12:33:27,13480.00,Legacy/MSW,Kurnool_AP21TE4795_20260325_122642_1st_front.jpg,Kurnool_AP21TE4795_20260325_122645_1st_back.jpg,Kurnool_AP21TE4795_20260325_123331_2nd_front.jpg,Kurnool_AP21TE4795_20260325_123334_2nd_back.jpg,Mahesh,admin
25-03-2026,12:53:20,Kurnool,Saurashtra Enviro Projects Pvt. Ltd.,Legacy/MSW,T0844,AP26TF2425,Phase3,26250.00,25-03-2026 12:37:59,10200.00,25-03-2026 12:52:57,16050.00,Legacy/MSW,Kurnool_AP26TF2425_20260325_123807_1st_front.jpg,Kurnool_AP26TF2425_20260325_123809_1st_back.jpg,Kurnool_AP26TF2425_20260325_125303_2nd_front.jpg,Kurnool_AP26TF2425_20260325_125305_2nd_back.jpg,Mahesh,admin
25-03-2026,12:52:36,Kurnool,Saurashtra Enviro Projects Pvt. Ltd.,Legacy/MSW,T0845,AP39UX6276,Phase3,26130.00,25-03-2026 12:42:39,10380.00,25-03-2026 12:51:57,15750.00,Legacy/MSW,Kurnool_AP39UX6276_20260325_124244_1st_front.jpg,Kurnool_AP39UX6276_20260325_124246_1st_back.jpg,Kurnool_AP39UX6276_20260325_125202_2nd_front.jpg,Kurnool_AP39UX6276_20260325_125204_2nd_back.jpg,Mahesh,admin
25-03-2026,12:56:07,Kurnool,Saurashtra Enviro Projects Pvt. Ltd.,Legacy/MSW,T0846,AP39VA7251,Phase3,21660.00,25-03-2026 12:47:04,9890.00,25-03-2026 12:55:39,11770.00,Legacy/MSW,Kurnool_AP39VA7251_20260325_124710_1st_front.jpg,Kurnool_AP39VA7251_20260325_124711_1st_back.jpg,Kurnool_AP39VA7251_20260325_125546_2nd_front.jpg,Kurnool_AP39VA7251_20260325_125548_2nd_back.jpg,Mahesh,admin
25-03-2026,13:00:39,Kurnool,Saurashtra Enviro Projects Pvt. Ltd.,Legacy/MSW,T0847,AP27TZ1494,Phase3,22400.00,25-03-2026 12:54:37,10540.00,25-03-2026 13:00:09,11860.00,Legacy/MSW,Kurnool_AP27TZ1494_20260325_125443_1st_front.jpg,Kurnool_AP27TZ1494_20260325_125445_1st_back.jpg,Kurnool_AP27TZ1494_20260325_130015_2nd_front.jpg,Kurnool_AP27TZ1494_20260325_130017_2nd_back.jpg,Mahesh,admin
25-03-2026,14:18:37,Kurnool,Saurashtra Enviro Projects Pvt. Ltd.,Legacy/MSW,T0848,AP21TE4795,Phase3,23950.00,25-03-2026 12:59:10,10240.00,25-03-2026 14:18:27,13710.00,Legacy/MSW,Kurnool_AP21TE4795_20260325_125915_1st_front.jpg,Kurnool_AP21TE4795_20260325_125917_1st_back.jpg,Kurnool_AP21TE4795_20260325_141831_2nd_front.jpg,Kurnool_AP21TE4795_20260325_141833_2nd_back.jpg,Mahesh,admin
25-03-2026,14:31:35,Kurnool,Saurashtra Enviro Projects Pvt. Ltd.,Legacy/MSW,T0849,AP39VA7251,Phase3,22530.00,25-03-2026 14:22:19,10010.00,25-03-2026 14:31:26,12520.00,Legacy/MSW,Kurnool_AP39VA7251_20260325_142223_1st_front.jpg,Kurnool_AP39VA7251_20260325_142225_1st_back.jpg,Kurnool_AP39VA7251_20260325_143130_2nd_front.jpg,Kurnool_AP39VA7251_20260325_143132_2nd_back.jpg,Mahesh,admin
25-03-2026,14:39:21,Kurnool,Saurashtra Enviro Projects Pvt. Ltd.,Legacy/MSW,T0850,AP39UX6276,Phase3,27200.00,25-03-2026 14:30:08,10410.00,25-03-2026 14:39:11,16790.00,Legacy/MSW,Kurnool_AP39UX6276_20260325_143012_1st_front.jpg,Kurnool_AP39UX6276_20260325_143014_1st_back.jpg,Kurnool_AP39UX6276_20260325_143916_2nd_front.jpg,Kurnool_AP39UX6276_20260325_143918_2nd_back.jpg,Mahesh,admin
25-03-2026,14:43:27,Kurnool,Saurashtra Enviro Projects Pvt. Ltd.,Legacy/MSW,T0851,AP27TZ1494,Phase3,24880.00,25-03-2026 14:35:27,10530.00,25-03-2026 14:43:20,14350.00,Legacy/MSW,Kurnool_AP27TZ1494_20260325_143532_1st_front.jpg,Kurnool_AP27TZ1494_20260325_143534_1st_back.jpg,Kurnool_AP27TZ1494_20260325_144323_2nd_front.jpg,Kurnool_AP27TZ1494_20260325_144325_2nd_back.jpg,Mahesh,admin
25-03-2026,14:51:23,Kurnool,Saurashtra Enviro Projects Pvt. Ltd.,Legacy/MSW,T0852,AP26TF2425,Phase3,26140.00,25-03-2026 14:42:23,10130.00,25-03-2026 14:51:04,16010.00,Legacy/MSW,Kurnool_AP26TF2425_20260325_144228_1st_front.jpg,Kurnool_AP26TF2425_20260325_144230_1st_back.jpg,Kurnool_AP26TF2425_20260325_145108_2nd_front.jpg,Kurnool_AP26TF2425_20260325_145110_2nd_back.jpg,Mahesh,admin
25-03-2026,15:31:36,Kurnool,Saurashtra Enviro Projects Pvt. Ltd.,Legacy/MSW,T0853,AP21TE4795,Phase3,22850.00,25-03-2026 14:46:19,10400.00,25-03-2026 15:30:41,12450.00,Legacy/MSW,Kurnool_AP21TE4795_20260325_144623_1st_front.jpg,Kurnool_AP21TE4795_20260325_144625_1st_back.jpg,Kurnool_AP21TE4795_20260325_153045_2nd_front.jpg,Kurnool_AP21TE4795_20260325_153048_2nd_back.jpg,Mahesh,admin
25-03-2026,15:01:26,Kurnool,Saurashtra Enviro Projects Pvt. Ltd.,Legacy/MSW,T0854,AP27TZ1494,Phase3,26090.00,25-03-2026 14:55:05,10620.00,25-03-2026 15:01:15,15470.00,Legacy/MSW,Kurnool_AP27TZ1494_20260325_145509_1st_front.jpg,Kurnool_AP27TZ1494_20260325_145511_1st_back.jpg,Kurnool_AP27TZ1494_20260325_150122_2nd_front.jpg,Kurnool_AP27TZ1494_20260325_150124_2nd_back.jpg,Mahesh,admin
25-03-2026,15:18:48,Kurnool,Saurashtra Enviro Projects Pvt. Ltd.,Legacy/MSW,T0855,AP39VA7251,Phase3,22980.00,25-03-2026 15:03:55,10260.00,25-03-2026 15:17:40,12720.00,Legacy/MSW,Kurnool_AP39VA7251_20260325_150359_1st_front.jpg,Kurnool_AP39VA7251_20260325_150401_1st_back.jpg,Kurnool_AP39VA7251_20260325_151748_2nd_front.jpg,Kurnool_AP39VA7251_20260325_151750_2nd_back.jpg,Mahesh,admin
25-03-2026,15:26:11,Kurnool,Saurashtra Enviro Projects Pvt. Ltd.,Legacy/MSW,T0856,AP26TF2425,Phase3,23640.00,25-03-2026 15:12:30,10260.00,25-03-2026 15:25:07,13380.00,Legacy/MSW,Kurnool_AP26TF2425_20260325_151234_1st_front.jpg,Kurnool_AP26TF2425_20260325_151236_1st_back.jpg,Kurnool_AP26TF2425_20260325_152515_2nd_front.jpg,Kurnool_AP26TF2425_20260325_152519_2nd_back.jpg,Mahesh,admin
25-03-2026,15:34:04,Kurnool,Saurashtra Enviro Projects Pvt. Ltd.,Legacy/MSW,T0857,AP39UX6276,Phase3,23850.00,25-03-2026 15:20:02,10910.00,25-03-2026 15:33:55,12940.00,Legacy/MSW,Kurnool_AP39UX6276_20260325_152009_1st_front.jpg,Kurnool_AP39UX6276_20260325_152013_1st_back.jpg,Kurnool_AP39UX6276_20260325_153401_2nd_front.jpg,Kurnool_AP39UX6276_20260325_153402_2nd_back.jpg,Mahesh,admin
25-03-2026,15:37:07,Kurnool,Saurashtra Enviro Projects Pvt. Ltd.,Legacy/MSW,T0858,AP27TZ1494,Phase3,25150.00,25-03-2026 15:26:29,10700.00,25-03-2026 15:36:16,14450.00,Legacy/MSW,Kurnool_AP27TZ1494_20260325_152634_1st_front.jpg,Kurnool_AP27TZ1494_20260325_152637_1st_back.jpg,Kurnool_AP27TZ1494_20260325_153621_2nd_front.jpg,Kurnool_AP27TZ1494_20260325_153623_2nd_back.jpg,Mahesh,admin
25-03-2026,15:43:24,Kurnool,Saurashtra Enviro Projects Pvt. Ltd.,Legacy/MSW,T0859,AP39VA7251,Phase3,23740.00,25-03-2026 15:35:08,10310.00,25-03-2026 15:42:36,13430.00,Legacy/MSW,Kurnool_AP39VA7251_20260325_153514_1st_front.jpg,Kurnool_AP39VA7251_20260325_153516_1st_back.jpg,Kurnool_AP39VA7251_20260325_154242_2nd_front.jpg,Kurnool_AP39VA7251_20260325_154244_2nd_back.jpg,Mahesh,admin
25-03-2026,15:59:23,Kurnool,Saurashtra Enviro Projects Pvt. Ltd.,Legacy/MSW,T0860,AP39UX6276,Phase3,24150.00,25-03-2026 15:48:40,10750.00,25-03-2026 15:58:47,13400.00,Legacy/MSW,Kurnool_AP39UX6276_20260325_154846_1st_front.jpg,Kurnool_AP39UX6276_20260325_154848_1st_back.jpg,Kurnool_AP39UX6276_20260325_155851_2nd_front.jpg,Kurnool_AP39UX6276_20260325_155853_2nd_back.jpg,Mahesh,admin
25-03-2026,16:04:00,Kurnool,Saurashtra Enviro Projects Pvt. Ltd.,Legacy/MSW,T0861,AP27TZ1494,Phase3,23190.00,25-03-2026 15:53:55,10690.00,25-03-2026 16:03:42,12500.00,Legacy/MSW,Kurnool_AP27TZ1494_20260325_155359_1st_front.jpg,Kurnool_AP27TZ1494_20260325_155401_1st_back.jpg,Kurnool_AP27TZ1494_20260325_160348_2nd_front.jpg,Kurnool_AP27TZ1494_20260325_160350_2nd_back.jpg,Mahesh,admin
25-03-2026,16:12:27,Kurnool,Saurashtra Enviro Projects Pvt. Ltd.,Legacy/MSW,T0862,AP39VA7251,Phase3,21870.00,25-03-2026 16:02:39,10130.00,25-03-2026 16:11:49,11740.00,Legacy/MSW,Kurnool_AP39VA7251_20260325_160243_1st_front.jpg,Kurnool_AP39VA7251_20260325_160245_1st_back.jpg,Kurnool_AP39VA7251_20260325_161157_2nd_front.jpg,Kurnool_AP39VA7251_20260325_161200_2nd_back.jpg,Mahesh,admin
25-03-2026,16:17:29,Kurnool,Saurashtra Enviro Projects Pvt. Ltd.,Legacy/MSW,T0863,AP26TF2425,Phase3,25890.00,25-03-2026 16:06:48,10240.00,25-03-2026 16:16:53,15650.00,Legacy/MSW,Kurnool_AP26TF2425_20260325_160659_1st_front.jpg,Kurnool_AP26TF2425_20260325_160701_1st_back.jpg,Kurnool_AP26TF2425_20260325_161657_2nd_front.jpg,Kurnool_AP26TF2425_20260325_161659_2nd_back.jpg,Mahesh,admin
25-03-2026,16:23:44,Kurnool,Saurashtra Enviro Projects Pvt. Ltd.,Legacy/MSW,T0864,AP21TE4795,Phase3,23100.00,25-03-2026 16:10:54,10160.00,25-03-2026 16:23:02,12940.00,Legacy/MSW,Kurnool_AP21TE4795_20260325_161058_1st_front.jpg,Kurnool_AP21TE4795_20260325_161100_1st_back.jpg,Kurnool_AP21TE4795_20260325_162306_2nd_front.jpg,Kurnool_AP21TE4795_20260325_162309_2nd_back.jpg,Mahesh,admin
25-03-2026,16:28:40,Kurnool,Saurashtra Enviro Projects Pvt. Ltd.,Legacy/MSW,T0865,AP39UX6276,Phase3,25310.00,25-03-2026 16:19:06,10550.00,25-03-2026 16:27:51,14760.00,Legacy/MSW,Kurnool_AP39UX6276_20260325_161910_1st_front.jpg,Kurnool_AP39UX6276_20260325_161911_1st_back.jpg,Kurnool_AP39UX6276_20260325_162757_2nd_front.jpg,Kurnool_AP39UX6276_20260325_162800_2nd_back.jpg,Mahesh,admin
25-03-2026,16:47:58,Kurnool,Saurashtra Enviro Projects Pvt. Ltd.,Legacy/MSW,T0866,AP27TZ1494,Phase3,21980.00,25-03-2026 16:40:49,10530.00,25-03-2026 16:47:23,11450.00,Legacy/MSW,Kurnool_AP27TZ1494_20260325_164053_1st_front.jpg,Kurnool_AP27TZ1494_20260325_164055_1st_back.jpg,Kurnool_AP27TZ1494_20260325_164728_2nd_front.jpg,Kurnool_AP27TZ1494_20260325_164730_2nd_back.jpg,Mahesh,admin
25-03-2026,16:53:35,Kurnool,Saurashtra Enviro Projects Pvt. Ltd.,Legacy/MSW,T0867,AP39VA7251,Phase3,20670.00,25-03-2026 16:46:11,10290.00,25-03-2026 16:52:51,10380.00,Legacy/MSW,Kurnool_AP39VA7251_20260325_164614_1st_front.jpg,Kurnool_AP39VA7251_20260325_164616_1st_back.jpg,Kurnool_AP39VA7251_20260325_165256_2nd_front.jpg,Kurnool_AP39VA7251_20260325_165258_2nd_back.jpg,Mahesh,admin
25-03-2026,17:09:21,Kurnool,Saurashtra Enviro Projects Pvt. Ltd.,Legacy/MSW,T0868,AP26TF2425,Phase3,24680.00,25-03-2026 16:55:26,10100.00,25-03-2026 17:09:07,14580.00,Legacy/MSW,Kurnool_AP26TF2425_20260325_165530_1st_front.jpg,Kurnool_AP26TF2425_20260325_165532_1st_back.jpg,Kurnool_AP26TF2425_20260325_170911_2nd_front.jpg,Kurnool_AP26TF2425_20260325_170913_2nd_back.jpg,Mahesh,admin
25-03-2026,17:13:37,Kurnool,Saurashtra Enviro Projects Pvt. Ltd.,Legacy/MSW,T0869,AP21TE4795,Phase3,22040.00,25-03-2026 17:01:14,10380.00,25-03-2026 17:12:55,11660.00,Legacy/MSW,Kurnool_AP21TE4795_20260325_170118_1st_front.jpg,Kurnool_AP21TE4795_20260325_170120_1st_back.jpg,Kurnool_AP21TE4795_20260325_171258_2nd_front.jpg,Kurnool_AP21TE4795_20260325_171259_2nd_back.jpg,Mahesh,admin
25-03-2026,17:24:14,Kurnool,Saurashtra Enviro Projects Pvt. Ltd.,Legacy/MSW,T0870,AP39UX6276,Phase3,24510.00,25-03-2026 17:11:04,10400.00,25-03-2026 17:23:38,14110.00,Legacy/MSW,Kurnool_AP39UX6276_20260325_171109_1st_front.jpg,Kurnool_AP39UX6276_20260325_171110_1st_back.jpg,Kurnool_AP39UX6276_20260325_172342_2nd_front.jpg,Kurnool_AP39UX6276_20260325_172345_2nd_back.jpg,Mahesh,admin
25-03-2026,17:28:24,Kurnool,Saurashtra Enviro Projects Pvt. Ltd.,Legacy/MSW,T0871,AP27TZ1494,Phase3,23350.00,25-03-2026 17:19:18,10430.00,25-03-2026 17:27:47,12920.00,Legacy/MSW,Kurnool_AP27TZ1494_20260325_171926_1st_front.jpg,Kurnool_AP27TZ1494_20260325_171927_1st_back.jpg,Kurnool_AP27TZ1494_20260325_172751_2nd_front.jpg,Kurnool_AP27TZ1494_20260325_172754_2nd_back.jpg,Mahesh,admin
25-03-2026,17:33:13,Kurnool,Saurashtra Enviro Projects Pvt. Ltd.,Legacy/MSW,T0872,AP39VA7251,Phase3,23680.00,25-03-2026 17:22:30,10190.00,25-03-2026 17:32:32,13490.00,Legacy/MSW,Kurnool_AP39VA7251_20260325_172234_1st_front.jpg,Kurnool_AP39VA7251_20260325_172236_1st_back.jpg,Kurnool_AP39VA7251_20260325_173236_2nd_front.jpg,Kurnool_AP39VA7251_20260325_173239_2nd_back.jpg,Mahesh,admin
25-03-2026,17:55:57,Kurnool,Saurashtra Enviro Projects Pvt. Ltd.,Legacy/MSW,T0873,AP26TF2425,Phase3,25240.00,25-03-2026 17:38:32,10270.00,25-03-2026 17:55:49,14970.00,Legacy/MSW,Kurnool_AP26TF2425_20260325_173837_1st_front.jpg,Kurnool_AP26TF2425_20260325_173839_1st_back.jpg,Kurnool_AP26TF2425_20260325_175553_2nd_front.jpg,Kurnool_AP26TF2425_20260325_175555_2nd_back.jpg,Mahesh,admin
25-03-2026,17:58:09,Kurnool,Saurashtra Enviro Projects Pvt. Ltd.,Legacy/MSW,T0874,AP21TE4795,Phase3,25710.00,25-03-2026 17:41:22,10350.00,25-03-2026 17:58:02,15360.00,Legacy/MSW,Kurnool_AP21TE4795_20260325_174126_1st_front.jpg,Kurnool_AP21TE4795_20260325_174128_1st_back.jpg,Kurnool_AP21TE4795_20260325_175805_2nd_front.jpg,Kurnool_AP21TE4795_20260325_175807_2nd_back.jpg,Mahesh,admin
25-03-2026,17:59:51,Kurnool,Saurashtra Enviro Projects Pvt. Ltd.,Legacy/MSW,T0875,AP39UX6276,Phase3,24990.00,25-03-2026 17:44:44,10440.00,25-03-2026 17:59:43,14550.00,Legacy/MSW,Kurnool_AP39UX6276_20260325_174449_1st_front.jpg,Kurnool_AP39UX6276_20260325_174450_1st_back.jpg,Kurnool_AP39UX6276_20260325_175947_2nd_front.jpg,Kurnool_AP39UX6276_20260325_175949_2nd_back.jpg,Mahesh,admin
25-03-2026,18:02:32,Kurnool,Saurashtra Enviro Projects Pvt. Ltd.,Legacy/MSW,T0876,AP27TZ1494,Phase3,24710.00,25-03-2026 17:48:25,10400.00,25-03-2026 18:02:23,14310.00,Legacy/MSW,Kurnool_AP27TZ1494_20260325_174829_1st_front.jpg,Kurnool_AP27TZ1494_20260325_174831_1st_back.jpg,Kurnool_AP27TZ1494_20260325_180228_2nd_front.jpg,Kurnool_AP27TZ1494_20260325_180230_2nd_back.jpg,Mahesh,admin
25-03-2026,18:01:11,Kurnool,Saurashtra Enviro Projects Pvt. Ltd.,Legacy/MSW,T0877,AP39VA7251,Phase3,24170.00,25-03-2026 17:53:56,10180.00,25-03-2026 18:01:04,13990.00,Legacy/MSW,Kurnool_AP39VA7251_20260325_175400_1st_front.jpg,Kurnool_AP39VA7251_20260325_175402_1st_back.jpg,Kurnool_AP39VA7251_20260325_180107_2nd_front.jpg,Kurnool_AP39VA7251_20260325_180109_2nd_back.jpg,Mahesh,admin
